Quarter,State,Total_Crashes,Num_Injured,Num_Killed,Total_Vehicles_Involved,SPV,DAD,PWR,FTQ,Other_Factors,Quarter_Num,Year,Quarter_Date,Total_Casualties,Casualty_Rate,Fatality_Rate,Vehicles_per_Crash,Total_Factors,SPV_Prop,DAD_Prop,PWR_Prop,FTQ_Prop,Other_Factors_Prop,Quarter_Sin,Quarter_Cos,Severe_Crash,High_Casualty,State_Encoded,State_Adamawa,State_Akwa Ibom,State_Anambra,State_Bauchi,State_Bayelsa,State_Benue,State_Borno,State_Cross River,State_Delta,State_Ebonyi,State_Edo,State_Ekiti,State_Enugu,State_FCT,State_Gombe,State_Imo,State_Jigawa,State_Kaduna,State_Kano,State_Katsina,State_Kebbi,State_Kogi,State_Kwara,State_Lagos,State_Nasarawa,State_Niger,State_Ogun,State_Ondo,State_Osun,State_Oyo,State_Plateau,State_Rivers,State_Sokoto,State_Taraba,State_Yobe,State_Zamfara,Region,Region_Encoded,Region_North East,Region_North West,Region_South East,Region_South South,Region_South West
4,32,25.94478491001976,67.19042819403776,5.538740474669053,29.78154997876868,11.010957881564604,0.0063311896887349,-0.0373750273490451,-0.415178751386657,16.726557524843365,2.010402458366276,2020.9998583595527,2,63.95222338653485,3.409109798055587,0.0851339575837747,1.1104680538882703,27.31965843258038,0.4543123698187948,0.0003768180379758,0.0002282054268092,0.0085152607061766,0.5499576775454521,0.017237584656209,-0.9800924927809608,0.9993162524541618,-0.0048396920432808,32.06225591793826,0,0,0,0,0,0,0,0,0,0,0,0,0,False,0,0,0,0,0,0,0,0,0,0,0,0,0,0,0,0,0,1,0,0,0,0,4,3.964577801563751,0,0,0,True,0
6,21,36.46809806636864,84.83812404876343,24.25051178915832,29.43270554379105,25.085007624507504,0.0106528808952874,-0.0052107055311102,0.9605571761776512,5.651074305463657,2.022578349800955,2022.994184784575,10,115.67477073088192,3.3587590707402444,0.211806330212135,0.8656579129771143,30.58529981922232,0.8153890550504485,0.0001316629658862,-5.37971547373409e-05,-0.0001458087276982,0.1844413776703832,-0.0228326003187463,-1.0084528734018523,0.9990082485461796,-0.0131594908161878,21.05553818056759,0,0,0,0,0,0,0,0,0,0,0,0,0,False,0,0,0,0,0,0,1,0,0,0,0,0,0,0,0,0,0,0,0,0,0,0,2,1.9861666495419648,0,1,0,False,0
6,30,145.90369403589438,362.28509712043154,93.70969030359068,158.10838536732598,86.92097778385725,-0.0189439126085235,0.9671957065946344,-1.837678922394548,68.0454117599184,2.0231788742159704,2022.959605428452,10,462.89888122849146,2.7277866328863665,0.2021904315336592,1.0762770972169984,157.72220317257322,0.5525674610167376,-0.0001446383050256,0.0063183943858796,0.0016107480001842,0.4351053895279821,-0.0038889605833602,-1.0086147846009517,1.0020829320488107,0.9994351232533972,30.00045785511853,0,0,0,0,0,0,0,0,0,0,0,0,0,False,0,0,0,0,0,0,0,0,0,0,0,0,0,0,0,1,0,0,0,0,0,0,5,5.018720024774743,0,0,0,False,1
8,8,27.99534860730537,45.92650110184997,16.49216127864631,0.1312310210235238,0.0856899083305561,0.0229159913649828,-0.0297754223610485,26.093414234434107,-0.6860766900601512,3.0028761279016924,2022.0105297533112,7,66.14719679291713,65.1394081712374,0.2614925632870066,-0.0028587067749249,23.78142759598325,-0.0049881149667528,-0.000163367629553,0.0005059611919075,0.996497510735596,-0.0025428797665054,-1.0011862317499731,-0.0121111772304027,1.0014749953887032,0.0014377995695145,7.761974864432677,0,0,0,0,0,0,0,1,0,0,0,0,0,False,0,0,0,0,0,0,0,0,0,0,0,0,0,0,0,0,0,0,0,0,0,0,4,4.057908734990178,0,0,0,True,0
9,4,51.0,159.0,16.0,57.0,36.0,0.0,0.0,0.0,21.0,3.0,2023.0,11,175.0,3.0701754385964914,0.0914285714285714,1.1176470588235294,57.0,0.631578947368421,0.0,0.0,0.0,0.3684210526315789,-1.0,-1.8369701987210292e-16,1.0,0.0,4.0,0,0,0,1,0,0,0,0,0,0,0,0,0,False,0,0,0,0,0,0,0,0,0,0,0,0,0,0,0,0,0,0,0,0,0,0,1,1.0,1,0,0,False,0
11,35,44.88878191244684,183.4148189753468,25.24176386935874,56.77986606120873,-1.427287531052531,-0.0133797824420571,0.0384780813318432,30.24485194671656,29.716043255241456,3.946110932203074,2021.04735354192,4,218.0744655980494,2.9501302773860365,0.1164843687767224,1.3092331022432635,59.04210820520674,0.0004426649819161,1.954964571895477e-05,0.0002475919684445,0.487635660755897,0.505764173451177,0.0119474497384341,0.9931768780278462,1.008937982758745,-0.0163638118439171,34.95175548522466,0,0,0,0,0,0,0,0,0,0,0,0,0,False,0,0,0,0,0,0,0,0,0,0,0,0,0,0,0,0,0,0,0,0,1,0,1,0.9873189185938605,1,0,0,False,0
4,21,54.68663538881312,139.65112588091918,4.277928797989834,60.23649005570182,40.13331107291838,1.0022119708842916,-0.0225554350636823,-0.7477747728544111,11.59076687643516,1.9705816273136845,2020.9757352415763,2,138.5386867115849,0.9636304542338368,0.0281304041599587,1.0349487737515166,53.02028112973902,0.744806057175881,0.0182988644831482,0.0003266990696294,-0.0112466123507899,0.2386505136121001,0.0044092894868178,-0.9699971497118598,-0.0010977923519812,0.0001896586437928,21.17752050002359,0,0,0,0,0,0,0,0,0,0,0,0,0,False,0,0,0,0,0,0,1,0,0,0,0,0,0,0,0,0,0,0,0,0,0,0,2,1.9924311623762123,0,1,0,False,0
3,32,15.0,32.0,4.0,21.0,17.0,0.0,0.0,0.0,4.0,1.0,2024.0,13,36.0,1.7142857142857142,0.1111111111111111,1.4,21.0,0.8095238095238095,0.0,0.0,0.0,0.1904761904761904,1.0,6.123233995736766e-17,0.0,0.0,32.0,0,0,0,0,0,0,0,0,0,0,0,0,0,False,0,0,0,0,0,0,0,0,0,0,0,0,0,0,0,0,0,1,0,0,0,0,4,4.0,0,0,0,True,0
5,31,61.97735858819441,178.36436354900275,39.220694937969945,73.89835497572194,-0.4434678188205017,0.0041309238846352,0.962089301628957,24.598187920642104,46.59168215091015,2.0228553043426065,2021.9917893952831,6,217.9974977849527,2.0451622798977325,0.1737668693482899,1.2141381050368756,76.85217016504564,0.0018955071299996,-9.798272809710004e-05,0.0131114432601978,0.3518099636899208,0.6428252746141533,0.0053781077440007,-1.0077384186551022,1.0055742490558788,0.9965324768358296,31.15892449922257,0,0,0,0,0,0,0,0,0,0,0,0,0,False,0,0,0,0,0,0,0,0,0,0,0,0,0,0,0,0,1,0,0,0,0,0,0,-0.0210999647070807,0,0,0,False,0
7,25,212.0,535.0,33.0,265.0,0.0,0.0,0.0,126.0,139.0,3.0,2021.0,3,568.0,2.1433962264150943,0.0580985915492957,1.25,265.0,0.0,0.0,0.0,0.4754716981132075,0.5245283018867924,-1.0,-1.8369701987210292e-16,1.0,1.0,25.0,0,0,0,0,0,0,0,0,0,0,0,0,0,False,0,0,0,0,0,0,0,0,0,0,1,0,0,0,0,0,0,0,0,0,0,0,0,0.0,0,0,0,False,0
12,17,180.3774349152494,626.1940371592619,44.168752328390894,310.1713591222262,128.03990405456912,-0.0043374308831721,-0.0113896009412625,0.3892216725914189,183.0207108091662,3.9548103015988967,2022.02921883102,8,662.4716292666367,2.253013625014336,0.0639978955742094,1.749176386467725,307.00299552334866,0.4142655132175686,-0.000185127955621,6.266216520437712e-05,0.0066379977660849,0.5775059353744888,-0.0015348505303233,0.9869058585570556,0.9942453781046634,0.988947437820959,16.933772101841793,0,0,0,0,0,0,0,0,0,0,0,0,0,False,0,0,1,0,0,0,0,0,0,0,0,0,0,0,0,0,0,0,0,0,0,0,2,2.0159952330804445,0,1,0,False,0
4,2,16.0,32.0,10.0,17.0,10.0,0.0,0.0,0.0,7.0,2.0,2021.0,2,42.0,2.4705882352941178,0.238095238095238,1.0625,17.0,0.5882352941176471,0.0,0.0,0.0,0.4117647058823529,1.2246467991473532e-16,-1.0,1.0,0.0,2.0,0,1,0,0,0,0,0,0,0,0,0,0,0,False,0,0,0,0,0,0,0,0,0,0,0,0,0,0,0,0,0,0,0,0,0,0,4,4.0,0,0,0,True,0
2,6,34.46231720430303,86.02486216275184,3.8245259282504342,37.37935573654287,19.91773370677732,-0.0073071802804378,-0.0037332368195444,2.373369052554745,17.17632536422125,1.0223708580583075,2023.0114994246387,9,86.5764285920898,2.3783900774146494,0.045654917360885,1.016203307626891,35.78790291433756,0.5163842385332339,-5.449773635640295e-05,0.0003432252180355,-0.0011881166905526,0.490106994188852,0.9901238547510908,0.0064603261405768,0.0035674823660192,0.002506286330018,6.151293652870544,0,0,0,0,0,1,0,0,0,0,0,0,0,False,0,0,0,0,0,0,0,0,0,0,0,0,0,0,0,0,0,0,0,0,0,0,0,0.0285545881989887,0,0,0,False,0
0,1,83.02724488501259,253.7259021662669,21.129804127527382,109.03083000944056,60.50600776984112,0.0142868335985547,0.0160016937667253,-0.0316042424320486,50.43086605837608,0.9907073144499046,2021.033209854479,1,267.69917711983817,3.7922576638691465,0.0778006164264479,1.3001283788158982,108.64162961519828,0.5419961527239883,-7.236747143616535e-05,0.000511946988967,-0.0035435712286802,0.4601914869225138,1.0280862168351994,0.0050515232856006,0.9928245799084324,1.006717222158921,0.8049011633614975,1,0,0,0,0,0,0,0,0,0,0,0,0,False,0,0,0,0,0,0,0,0,0,0,0,0,0,0,0,0,0,0,0,0,0,0,1,0.9992086283991948,1,0,0,False,0
7,21,53.08888766185832,164.1199860193335,58.925667933837,54.61179985029933,-1.7103887424864577,-0.0214128550355517,1.0181495281383088,41.59382520739696,15.998490311208323,3.030727008204344,2021.057223788646,3,218.4372097370484,4.052833519529624,0.2696467633465382,1.08125731393192,59.31929308246116,-0.0054856082485466,-2.2388767024829674e-05,0.0174842560710006,0.7038199229874242,0.2764749227201927,-1.0164930469841995,0.0333710430016454,0.9988714975091912,0.992284905538461,21.040009697616597,0,0,0,0,0,0,0,0,0,0,0,0,0,False,0,0,0,0,0,0,1,0,0,0,0,0,0,0,0,0,0,0,0,0,0,0,2,1.9360034406559987,0,1,0,False,0
13,12,23.25837906575422,45.38204662244485,2.3243529659158404,48.04622598461489,31.499945419990507,1.0049481848784256,0.0633781178972239,0.5267462212593375,10.503163618481256,4.004374877356673,2022.9818896681263,12,27.551311837346415,0.6556475818029383,0.0498756383475931,1.7435609668471004,43.62216126180108,0.7249049881118848,0.0237873568622224,-9.745710120337242e-05,-0.0081586661808521,0.2565049405047344,-0.0023530785373434,1.0025672748125902,-0.0072576058153539,-0.0027683958247181,11.883665326687089,0,0,0,0,0,0,0,0,0,0,0,1,0,False,0,0,0,0,0,0,0,0,0,0,0,0,0,0,0,0,0,0,0,0,0,0,5,4.988551975528586,0,0,0,False,1
8,21,52.0,154.0,39.0,0.0,0.0,0.0,0.0,45.0,0.0,3.0,2022.0,7,193.0,193.0,0.2020725388601036,0.0,45.0,0.0,0.0,0.0,1.0,0.0,-1.0,-1.8369701987210292e-16,1.0,0.0,21.0,0,0,0,0,0,0,0,0,0,0,0,0,0,False,0,0,0,0,0,0,1,0,0,0,0,0,0,0,0,0,0,0,0,0,0,0,2,2.0,0,1,0,False,0
12,5,6.820983632115442,11.036608977470811,0.8955733618105114,6.561804443694626,3.940890966527925,-0.0052179696477617,-0.0479331441710223,-0.1098501152930113,3.705810239138208,3.9960878436399954,2021.9870838523675,8,13.303581756303132,1.8336537813077696,0.0567606962774513,1.129337631598359,10.180502962789308,0.4398810374369527,-0.0001381087034207,2.599503419710629e-05,0.0060684850966535,0.5546098043648766,0.0150131495439395,1.0140787525027768,0.0036151284563769,-0.0042210104340136,5.024559721218295,0,0,0,0,1,0,0,0,0,0,0,0,0,False,0,0,0,0,0,0,0,0,0,0,0,0,0,0,0,0,0,0,0,0,0,0,4,4.008636311219898,0,0,0,True,0
10,16,29.32822919301745,92.4820427639216,14.83512058954569,27.17206085486008,12.100428456496182,0.0039421254946584,-0.011924791550714,1.1568330524201609,13.55832797119796,3.979782491273569,2019.9583939666352,0,96.38728930819023,3.2870068796198595,0.1410074232004849,0.7705889413873288,25.626376770420823,0.45729007283219,0.0001078422628584,9.822369999514988e-05,-0.0059625436901869,0.5468785631373337,-0.0014648737376583,1.0131415366548524,0.9979881460986472,0.0084874561736591,16.315912803300176,0,0,0,0,0,0,0,0,0,0,0,0,0,False,0,1,0,0,0,0,0,0,0,0,0,0,0,0,0,0,0,0,0,0,0,0,3,3.015167303929809,0,0,1,False,0
12,23,91.0,252.0,54.0,142.0,49.0,0.0,0.0,0.0,93.0,4.0,2022.0,8,306.0,2.1549295774647885,0.1764705882352941,1.5604395604395604,142.0,0.3450704225352112,0.0,0.0,0.0,0.6549295774647887,-2.4492935982947064e-16,1.0,1.0,1.0,23.0,0,0,0,0,0,0,0,0,0,0,0,0,0,False,0,0,0,0,0,0,0,0,1,0,0,0,0,0,0,0,0,0,0,0,0,0,0,0.0,0,0,0,False,0
1,4,143.77164686463493,498.6749196933945,71.71040440669809,163.41585091711022,0.5680584260692761,0.0060708335158242,0.0066432369813871,90.08906478562388,72.60356350588721,0.9673416565768364,2022.007885292697,5,577.5331567859745,6.0164960838859205,0.1294732505138181,1.189161293637686,167.82090591625828,0.0002526715323101,0.0001361846931984,0.0003593750368097,0.5506947341588077,0.4586556897205422,0.9851620115005324,0.0274486592429907,1.006936481672997,1.000970563594958,4.392048784684429,0,0,0,1,0,0,0,0,0,0,0,0,0,False,0,0,0,0,0,0,0,0,0,0,0,0,0,0,0,0,0,0,0,0,0,0,1,0.9927701029143664,1,0,0,False,0
11,26,180.0,759.0,108.0,225.0,0.0,0.0,3.0,154.0,68.0,4.0,2021.0,4,867.0,3.8533333333333335,0.1245674740484429,1.25,225.0,0.0,0.0,0.0133333333333333,0.6844444444444444,0.3022222222222222,-2.4492935982947064e-16,1.0,1.0,1.0,26.0,0,0,0,0,0,0,0,0,0,0,0,0,0,False,0,0,0,0,0,0,0,0,0,0,0,1,0,0,0,0,0,0,0,0,0,0,0,0.0,0,0,0,False,0
6,1,57.0,175.0,5.0,61.0,39.0,0.0,0.0,0.0,22.0,2.0,2023.0,10,180.0,2.950819672131148,0.0277777777777777,1.0701754385964912,61.0,0.639344262295082,0.0,0.0,0.0,0.360655737704918,1.2246467991473532e-16,-1.0,0.0,0.0,1.0,1,0,0,0,0,0,0,0,0,0,0,0,0,False,0,0,0,0,0,0,0,0,0,0,0,0,0,0,0,0,0,0,0,0,0,0,1,1.0,1,0,0,False,0
12,34,69.05293681360442,186.03070969874415,7.633606277978066,78.71822306273094,4.562386104411139,0.007498960970098,0.0094298235282589,3.3330732575655118,79.6181604947099,3.971725802391942,2022.0044076280535,8,200.2879355179437,2.4487106028903693,0.0388168234463638,1.2148871405937196,81.95662710730558,0.049971308418233,-8.929227349994621e-05,-0.0001044665968139,-0.0168949215496427,0.9554578598116152,-0.0017774043333923,1.0038274901589914,0.9966935486318592,-0.0063356698831423,33.882246696188616,0,0,0,0,0,0,0,0,0,0,0,0,0,False,0,0,0,0,0,0,0,0,0,0,0,0,0,0,0,0,0,0,0,1,0,0,1,1.0307354809318912,1,0,0,False,0
1,25,247.0,556.0,70.0,332.0,0.0,0.0,0.0,183.0,149.0,1.0,2022.0,5,626.0,1.8855421686746987,0.1118210862619808,1.3441295546558705,332.0,0.0,0.0,0.0,0.5512048192771084,0.4487951807228915,1.0,6.123233995736766e-17,1.0,1.0,25.0,0,0,0,0,0,0,0,0,0,0,0,0,0,False,0,0,0,0,0,0,0,0,0,0,1,0,0,0,0,0,0,0,0,0,0,0,0,0.0,0,0,0,False,0
5,13,70.0,215.0,24.0,75.0,0.0,0.0,0.0,28.0,47.0,2.0,2022.0,6,239.0,3.1866666666666665,0.100418410041841,1.0714285714285714,75.0,0.0,0.0,0.0,0.3733333333333333,0.6266666666666667,1.2246467991473532e-16,-1.0,1.0,1.0,13.0,0,0,0,0,0,0,0,0,0,0,0,0,1,False,0,0,0,0,0,0,0,0,0,0,0,0,0,0,0,0,0,0,0,0,0,0,3,3.0,0,0,1,False,0
4,27,337.0,637.0,121.0,343.0,293.0,1.0,0.0,0.0,49.0,2.0,2021.0,2,758.0,2.2099125364431487,0.1596306068601583,1.0178041543026706,343.0,0.8542274052478134,0.0029154518950437,0.0,0.0,0.1428571428571428,1.2246467991473532e-16,-1.0,1.0,1.0,27.0,0,0,0,0,0,0,0,0,0,0,0,0,0,False,0,0,0,0,0,0,0,0,0,0,0,0,1,0,0,0,0,0,0,0,0,0,5,5.0,0,0,0,False,1
3,23,74.6111589847201,309.2276825123848,71.94365729984224,114.04775696640064,62.30187789162552,-0.0054384306847998,-0.0030200051253749,-0.8168809550396238,46.13047290734109,0.997555353096502,2023.9877350827885,13,370.6100142104953,2.7445479298564326,0.1900315289275024,1.4743883566225446,107.44560445194897,0.5774001163281549,7.079638766263076e-05,-3.4012907213331455e-05,0.0064412681667966,0.4209239637558601,0.9947230842529936,0.0089853062565414,1.0047692324456858,1.009389273701995,23.25196117487032,0,0,0,0,0,0,0,0,0,0,0,0,0,False,0,0,0,0,0,0,0,0,1,0,0,0,0,0,0,0,0,0,0,0,0,0,0,0.0273858320563927,0,0,0,False,0
4,21,53.72777081357805,129.75430242975514,4.017992903617891,56.895916599388215,42.33348704100136,1.000468230803392,-0.0382865317225443,1.3496458504317008,11.184274510927096,2.01204624214649,2020.9837208306333,2,130.778085155435,3.401033335774574,0.0311512846521453,1.032333799414975,55.14571532990838,0.75038440715948,0.0182020974805907,5.546448137257661e-05,-0.0032424259918998,0.2372090626561887,-0.0057011263530439,-0.9936573025942064,-0.0007037381679982,-0.0060585738413772,20.671078319926394,0,0,0,0,0,0,0,0,0,0,0,0,0,False,0,0,0,0,0,0,1,0,0,0,0,0,0,0,0,0,0,0,0,0,0,0,2,2.0432190903634364,0,1,0,False,0
11,25,262.69578608491014,684.0603106962412,58.116140092343926,303.9183258843551,3.0955947487079087,-0.010231879500516,-0.0521698874125984,92.70346022319168,208.5911186599334,3.989398218907093,2021.0234922080333,4,741.0343542880034,2.702913289674292,0.0801276228858932,1.1350525673300234,300.66837213249426,0.0156681361540542,-0.0002010060153847,-0.0004047381936478,0.3097790376849608,0.6906747051844634,0.0197667459274006,0.9982590069825844,1.004386496905419,0.9951112068828072,25.35121079357241,0,0,0,0,0,0,0,0,0,0,0,0,0,False,0,0,0,0,0,0,0,0,0,0,1,0,0,0,0,0,0,0,0,0,0,0,0,0.0113499860430031,0,0,0,False,0
2,13,37.0,99.0,21.0,48.0,28.0,0.0,0.0,0.0,20.0,1.0,2023.0,9,120.0,2.5,0.175,1.2972972972972974,48.0,0.5833333333333334,0.0,0.0,0.0,0.4166666666666667,1.0,6.123233995736766e-17,1.0,0.0,13.0,0,0,0,0,0,0,0,0,0,0,0,0,1,False,0,0,0,0,0,0,0,0,0,0,0,0,0,0,0,0,0,0,0,0,0,0,3,3.0,0,0,1,False,0
7,28,96.0,251.0,51.0,113.0,0.0,0.0,0.0,72.0,41.0,3.0,2021.0,3,302.0,2.672566371681416,0.1688741721854304,1.1770833333333333,113.0,0.0,0.0,0.0,0.6371681415929203,0.3628318584070796,-1.0,-1.8369701987210292e-16,1.0,1.0,28.0,0,0,0,0,0,0,0,0,0,0,0,0,0,False,0,0,0,0,0,0,0,0,0,0,0,0,0,1,0,0,0,0,0,0,0,0,5,5.0,0,0,0,False,1
6,22,107.7202789886855,357.5973248396982,56.92443601475442,116.19476660074538,61.71948309971188,-0.0141177428837972,-0.0427043355730198,-0.7558787664350269,53.45122313483528,2.0134463303097965,2023.0219922751248,10,412.8080318128293,3.093912105626232,0.1362381241465724,1.0805003799033832,115.34619438910696,0.5376847193592187,-7.859756311416048e-05,-0.0004076718105601,0.0018155214121086,0.4569132876111023,0.0238385675137741,-0.9975097051689884,0.9959160111103046,1.0158901028798106,22.11642925811248,0,0,0,0,0,0,0,0,0,0,0,0,0,False,0,0,0,0,0,0,0,1,0,0,0,0,0,0,0,0,0,0,0,0,0,0,0,0.0674010691791546,0,0,0,False,0
3,18,180.0,828.0,171.0,181.0,96.0,1.0,0.0,6.0,78.0,1.0,2024.0,13,999.0,5.519337016574585,0.1711711711711711,1.0055555555555555,181.0,0.5303867403314917,0.005524861878453,0.0,0.0331491712707182,0.430939226519337,1.0,6.123233995736766e-17,1.0,1.0,18.0,0,0,0,0,0,0,0,0,0,0,0,0,0,False,0,0,0,1,0,0,0,0,0,0,0,0,0,0,0,0,0,0,0,0,0,0,2,2.0,0,1,0,False,0
6,0,12.0,22.0,3.0,11.0,2.0,0.0,0.0,0.0,9.0,2.0,2023.0,10,25.0,2.272727272727273,0.12,0.9166666666666666,11.0,0.1818181818181818,0.0,0.0,0.0,0.8181818181818182,1.2246467991473532e-16,-1.0,0.0,0.0,0.0,0,0,0,0,0,0,0,0,0,0,0,0,0,False,0,0,0,0,0,0,0,0,0,0,0,0,0,0,0,0,0,0,0,0,0,0,3,3.0,0,0,1,False,0
1,13,57.0,211.0,38.0,63.0,0.0,0.0,0.0,18.0,45.0,1.0,2022.0,5,249.0,3.952380952380953,0.1526104417670682,1.105263157894737,63.0,0.0,0.0,0.0,0.2857142857142857,0.7142857142857143,1.0,6.123233995736766e-17,1.0,1.0,13.0,0,0,0,0,0,0,0,0,0,0,0,0,1,False,0,0,0,0,0,0,0,0,0,0,0,0,0,0,0,0,0,0,0,0,0,0,3,3.0,0,0,1,False,0
7,12,45.654759685956655,131.41522921204083,9.549338840173952,58.71167272580016,-1.0393043049034314,-0.0023950628715019,0.0036264303669338,30.2943847649794,29.284308623143552,2.971967898184568,2020.9842671230872,3,129.32246602562927,3.8886739184577688,0.0752011438507912,1.369158400667937,58.577360669464646,0.0111163325488082,-0.0002026597975655,0.0001290891204922,0.4987989660027093,0.4901984719433513,-1.0176438436820427,0.0060154623565467,0.9936690584940786,-0.010825665211497,11.700662641267574,0,0,0,0,0,0,0,0,0,0,0,1,0,False,0,0,0,0,0,0,0,0,0,0,0,0,0,0,0,0,0,0,0,0,0,0,5,5.000661607201234,0,0,0,False,1
8,36,29.32367197949506,75.54438721316433,12.190581690124528,-1.5976266902335827,-0.4414251896837334,-0.0036306381127773,0.0176771494705719,20.902280340718526,-0.6257424971664931,2.994652701767378,2022.029753849698,7,87.86770837078345,88.86231922628053,0.1337774316388681,0.035476993516505,18.513636065341394,-0.0029914595280532,9.188704035219436e-05,-0.0002012000119736,1.0081670747427791,0.0085559947089065,-0.9992713926775864,-0.0195409684598815,1.012853434245783,0.0023485491484878,36.08041783918043,0,0,0,0,0,0,0,0,0,0,0,0,0,False,0,0,0,0,0,0,0,0,0,0,0,0,0,0,0,0,0,0,0,0,0,1,2,2.060514019002601,0,1,0,False,0
4,24,145.5849855820396,272.5292272439999,47.64412001617557,145.81821128516532,77.02225639061157,-0.0184447729752645,-0.0306338658173888,2.035941147485391,69.93520914095774,1.9876761226251207,2020.9895001157124,2,313.69936568513225,0.9425448406958288,0.1497486647103517,1.0040361744864386,143.91127290117132,0.5150436075656741,4.03574821688844e-05,6.722952413029382e-05,0.008560097525983,0.4650705588582812,-0.0132953052510002,-0.979055341106131,1.0027002643307046,0.9902405213683722,23.872632637773894,0,0,0,0,0,0,0,0,0,0,0,0,0,False,0,0,0,0,0,0,0,0,0,1,0,0,0,0,0,0,0,0,0,0,0,0,5,5.059480082934463,0,0,0,False,1
0,22,143.0,425.0,94.0,216.0,105.0,1.0,0.0,0.0,110.0,1.0,2021.0,1,519.0,2.4027777777777777,0.1811175337186898,1.5104895104895104,216.0,0.4861111111111111,0.0046296296296296,0.0,0.0,0.5092592592592593,1.0,6.123233995736766e-17,1.0,1.0,22.0,0,0,0,0,0,0,0,0,0,0,0,0,0,False,0,0,0,0,0,0,0,1,0,0,0,0,0,0,0,0,0,0,0,0,0,0,0,0.0,0,0,0,False,0
12,32,26.0,43.0,16.0,29.0,6.0,0.0,0.0,0.0,23.0,4.0,2022.0,8,59.0,2.034482758620689,0.2711864406779661,1.1153846153846154,29.0,0.2068965517241379,0.0,0.0,0.0,0.7931034482758621,-2.4492935982947064e-16,1.0,1.0,0.0,32.0,0,0,0,0,0,0,0,0,0,0,0,0,0,False,0,0,0,0,0,0,0,0,0,0,0,0,0,0,0,0,0,1,0,0,0,0,4,4.0,0,0,0,True,0
4,22,97.0,246.0,25.0,139.0,56.0,0.0,0.0,0.0,83.0,2.0,2021.0,2,271.0,1.9496402877697845,0.092250922509225,1.4329896907216495,139.0,0.4028776978417266,0.0,0.0,0.0,0.5971223021582733,1.2246467991473532e-16,-1.0,1.0,1.0,22.0,0,0,0,0,0,0,0,0,0,0,0,0,0,False,0,0,0,0,0,0,0,1,0,0,0,0,0,0,0,0,0,0,0,0,0,0,0,0.0,0,0,0,False,0
12,16,31.0,97.0,21.0,26.0,6.0,0.0,0.0,0.0,20.0,4.0,2022.0,8,118.0,4.538461538461538,0.1779661016949152,0.8387096774193549,26.0,0.2307692307692307,0.0,0.0,0.0,0.7692307692307693,-2.4492935982947064e-16,1.0,1.0,0.0,16.0,0,0,0,0,0,0,0,0,0,0,0,0,0,False,0,1,0,0,0,0,0,0,0,0,0,0,0,0,0,0,0,0,0,0,0,0,3,3.0,0,0,1,False,0
7,14,305.1056537317472,563.2282849687757,55.79476272406898,437.1673891187706,1.8424467604700416,-0.0152129622040262,2.0168664128333016,260.6731981086376,173.4691046037226,3.0056703159940583,2021.0070544008183,3,614.712263797313,2.5088198551325807,0.092659145197175,1.4302080903366767,433.5953516867895,0.003103185478033,0.0002358468351006,0.0047792710874885,0.5915042227541831,0.3983489554708309,-1.018184611735818,0.0156856931975861,0.998870696274658,0.9965762539865272,13.728569258581595,0,0,0,0,0,0,0,0,0,0,0,0,0,True,0,0,0,0,0,0,0,0,0,0,0,0,0,0,0,0,0,0,0,0,0,0,0,-0.0239373018867818,0,0,0,False,0
12,3,40.0,121.0,14.0,48.0,21.0,0.0,0.0,0.0,27.0,4.0,2022.0,8,135.0,2.8125,0.1037037037037037,1.2,48.0,0.4375,0.0,0.0,0.0,0.5625,-2.4492935982947064e-16,1.0,1.0,0.0,3.0,0,0,1,0,0,0,0,0,0,0,0,0,0,False,0,0,0,0,0,0,0,0,0,0,0,0,0,0,0,0,0,0,0,0,0,0,3,3.0,0,0,1,False,0
8,18,192.0,744.0,164.0,4.0,2.0,0.0,3.0,119.0,0.0,3.0,2022.0,7,908.0,227.0,0.1806167400881057,0.0208333333333333,124.0,0.0161290322580645,0.0,0.0241935483870967,0.9596774193548387,0.0,-1.0,-1.8369701987210292e-16,1.0,1.0,18.0,0,0,0,0,0,0,0,0,0,0,0,0,0,False,0,0,0,1,0,0,0,0,0,0,0,0,0,0,0,0,0,0,0,0,0,0,2,2.0,0,1,0,False,0
0,31,45.02039234926441,133.13979031283662,13.981316668726611,52.48084043950501,15.579340894248588,-0.0112275502738995,0.0581282746850302,1.6671350535873783,36.55878995554135,1.0017139515926654,2020.988578112016,1,152.79942235946592,2.093722114914622,0.1043568520919716,1.0577622058711185,51.10157932440328,0.2971354700974145,-0.0002073494014063,-9.24664148461094e-05,-0.0032259817800932,0.7102899193716699,0.988154798572736,-0.0151030388072442,0.9987734962542942,-0.0021814033547083,30.637768984743005,0,0,0,0,0,0,0,0,0,0,0,0,0,False,0,0,0,0,0,0,0,0,0,0,0,0,0,0,0,0,1,0,0,0,0,0,0,-0.0932899363376361,0,0,0,False,0
6,21,36.83327726789043,89.03515857238587,24.404823731460624,32.357093748771184,25.68366671146869,-0.0043878444675866,0.0073821146510708,-0.9507764855354672,6.16753326498311,2.0455715017872254,2022.982501239928,10,108.10066780498244,4.867303321627669,0.2112832623344727,0.8598190376304852,31.415935108456317,0.808795479021944,0.0001827650240472,-0.0001732072082792,-0.0100216015922956,0.1841778600568514,0.0043515970326087,-0.9965418952849208,0.9965626372983576,0.0092053323462595,21.477087173725437,0,0,0,0,0,0,0,0,0,0,0,0,0,False,0,0,0,0,0,0,1,0,0,0,0,0,0,0,0,0,0,0,0,0,0,0,2,2.084108642094123,0,1,0,False,0
9,32,13.0,49.0,3.0,21.0,11.0,0.0,0.0,0.0,10.0,3.0,2023.0,11,52.0,2.4761904761904763,0.0576923076923076,1.6153846153846154,21.0,0.5238095238095238,0.0,0.0,0.0,0.4761904761904761,-1.0,-1.8369701987210292e-16,0.0,0.0,32.0,0,0,0,0,0,0,0,0,0,0,0,0,0,False,0,0,0,0,0,0,0,0,0,0,0,0,0,0,0,0,0,1,0,0,0,0,4,4.0,0,0,0,True,0
3,6,82.31303916970955,314.91306937371166,49.99310265409479,101.1830604765888,62.17836357664159,2.024437344367401,0.0560778900391555,1.6974506810484735,38.10251207334036,1.0168380927909275,2023.965917300035,13,372.96403713677057,2.878109803863061,0.1342630399387906,1.2193168300948676,104.470296613133,0.6168451695568292,0.0195537300831096,-3.4873241811185804e-05,0.0007180695754934,0.36864556165809,1.0142861688376934,0.0068473903537097,1.0042507338320523,0.99690461624114,6.126452764564142,0,0,0,0,0,1,0,0,0,0,0,0,0,False,0,0,0,0,0,0,0,0,0,0,0,0,0,0,0,0,0,0,0,0,0,0,0,0.0467623447715257,0,0,0,False,0
4,6,67.94086142442806,166.75852516528815,20.30548778708297,69.78259146810238,63.68650285911135,-0.0009168342091876,-0.0462604568993528,-0.4326606546461916,5.915354316876111,2.008431711208592,2020.982383824184,2,183.44842328055765,3.870481908165297,0.0980243952323989,0.994713033639454,70.25498572462845,0.9224414417779933,0.0001258907129464,-0.0006587632385195,0.0032096326195172,0.0937248565279949,0.0211582309601427,-1.0100797340378165,0.9991287281471676,0.0096935347907963,6.260540543008311,0,0,0,0,0,1,0,0,0,0,0,0,0,False,0,0,0,0,0,0,0,0,0,0,0,0,0,0,0,0,0,0,0,0,0,0,0,-0.0132520788175752,0,0,0,False,0
0,5,8.94072329643971,22.02584086751554,0.9847353953349668,9.834838591510213,8.39617042638249,0.0134145586135274,1.0563831209698251,0.4030975235903337,1.622889441927036,0.9766612376830296,2020.991217671944,1,12.937617054021796,2.0457070150286683,0.0010989285402831,1.2886018822392995,7.5947825878082575,0.7767326502175986,0.000136225255513,0.1110169859542877,-0.008859879902053,0.1093103855348393,0.988693257068559,0.0159348259852897,-0.0098922743296922,-0.0019341814889177,4.829431797102795,0,0,0,0,1,0,0,0,0,0,0,0,0,False,0,0,0,0,0,0,0,0,0,0,0,0,0,0,0,0,0,0,0,0,0,0,4,4.000518997381931,0,0,0,True,0
8,2,22.0,55.0,9.0,0.0,0.0,0.0,0.0,20.0,0.0,3.0,2022.0,7,64.0,64.0,0.140625,0.0,20.0,0.0,0.0,0.0,1.0,0.0,-1.0,-1.8369701987210292e-16,1.0,0.0,2.0,0,1,0,0,0,0,0,0,0,0,0,0,0,False,0,0,0,0,0,0,0,0,0,0,0,0,0,0,0,0,0,0,0,0,0,0,4,4.0,0,0,0,True,0
1,16,25.35688089626502,55.3300557109132,18.21471725927137,27.83070291886555,-1.7212998264608612,-0.0129204079853604,-0.0022684419945124,5.873807049716245,21.844292281843583,0.9982815826784606,2021.991514174103,5,67.3048246405393,2.0559538851541714,0.2385285413165031,1.0268527811272066,28.79550116559909,0.0046329941740135,0.0001358045534114,0.0001513671964267,0.1777138868077309,0.8145209141363084,1.0021193167163724,0.0059017423834177,0.9962915698666444,-0.0142161472652066,15.828231743021638,0,0,0,0,0,0,0,0,0,0,0,0,0,False,0,1,0,0,0,0,0,0,0,0,0,0,0,0,0,0,0,0,0,0,0,0,3,3.0105214734373877,0,0,1,False,0
10,23,102.0,313.0,60.0,163.0,105.0,0.0,0.0,0.0,58.0,4.0,2020.0,0,373.0,2.2883435582822087,0.1608579088471849,1.5980392156862746,163.0,0.6441717791411042,0.0,0.0,0.0,0.3558282208588957,-2.4492935982947064e-16,1.0,1.0,1.0,23.0,0,0,0,0,0,0,0,0,0,0,0,0,0,False,0,0,0,0,0,0,0,0,1,0,0,0,0,0,0,0,0,0,0,0,0,0,0,0.0,0,0,0,False,0
10,30,155.0,385.0,68.0,209.0,128.0,0.0,0.0,4.0,77.0,4.0,2020.0,0,453.0,2.167464114832536,0.1501103752759381,1.3483870967741935,209.0,0.6124401913875598,0.0,0.0,0.0191387559808612,0.3684210526315789,-2.4492935982947064e-16,1.0,1.0,1.0,30.0,0,0,0,0,0,0,0,0,0,0,0,0,0,False,0,0,0,0,0,0,0,0,0,0,0,0,0,0,0,1,0,0,0,0,0,0,5,5.0,0,0,0,False,1
10,4,153.69308698044438,683.0614746090331,90.6036527397094,134.7209677175742,73.65612869370044,0.0154410211573244,-0.0093513468991184,1.8885220344891367,65.8659425132494,4.0430238012592215,2019.977154846068,0,770.6689355788585,5.547868200637144,0.1140816751474594,0.915012852410838,136.02115589200906,0.528009589099029,0.0002127991188488,-0.0001092131484729,0.0030038899136766,0.4721793137452467,0.00173324683381,1.0152501276223975,0.9848383471189692,0.9856712738546776,3.93628031691004,0,0,0,1,0,0,0,0,0,0,0,0,0,False,0,0,0,0,0,0,0,0,0,0,0,0,0,0,0,0,0,0,0,0,0,0,1,1.0095898702123285,1,0,0,False,0
10,10,27.0,82.0,11.0,29.0,9.0,0.0,0.0,0.0,20.0,4.0,2020.0,0,93.0,3.206896551724138,0.1182795698924731,1.0740740740740742,29.0,0.3103448275862069,0.0,0.0,0.0,0.6896551724137931,-2.4492935982947064e-16,1.0,1.0,0.0,10.0,0,0,0,0,0,0,0,0,0,1,0,0,0,False,0,0,0,0,0,0,0,0,0,0,0,0,0,0,0,0,0,0,0,0,0,0,3,3.0,0,0,1,False,0
1,36,27.0,130.0,10.0,31.0,0.0,0.0,0.0,20.0,11.0,1.0,2022.0,5,140.0,4.516129032258065,0.0714285714285714,1.148148148148148,31.0,0.0,0.0,0.0,0.6451612903225806,0.3548387096774194,1.0,6.123233995736766e-17,1.0,0.0,36.0,0,0,0,0,0,0,0,0,0,0,0,0,0,False,0,0,0,0,0,0,0,0,0,0,0,0,0,0,0,0,0,0,0,0,0,1,2,2.0,0,1,0,False,0
1,10,30.85031141767733,90.03370774430797,21.78700388318076,41.298100096914766,0.7181094320991084,-0.0003475936078609,-0.024689526631549,20.81882709541931,21.08538097627588,1.0403264220670292,2022.0028480777664,5,104.9283013072231,1.288057890300291,0.2032371686904098,1.217731585318245,36.80734608391498,-0.0026448308967952,-0.0001635584952104,2.664667957019481e-05,0.4909183279385415,0.4954402622074896,0.9965591332514008,0.0383127784584994,0.997216189419906,0.0186070248582317,10.10722442866513,0,0,0,0,0,0,0,0,0,1,0,0,0,False,0,0,0,0,0,0,0,0,0,0,0,0,0,0,0,0,0,0,0,0,0,0,3,3.035534771771037,0,0,1,False,0
12,0,33.0,89.0,7.0,35.0,12.0,0.0,0.0,0.0,23.0,4.0,2022.0,8,96.0,2.742857142857143,0.0729166666666666,1.0606060606060606,35.0,0.3428571428571428,0.0,0.0,0.0,0.6571428571428571,-2.4492935982947064e-16,1.0,1.0,0.0,0.0,0,0,0,0,0,0,0,0,0,0,0,0,0,False,0,0,0,0,0,0,0,0,0,0,0,0,0,0,0,0,0,0,0,0,0,0,3,3.0,0,0,1,False,0
0,17,67.0,264.0,35.0,132.0,82.0,0.0,0.0,1.0,49.0,1.0,2021.0,1,299.0,2.265151515151515,0.1170568561872909,1.9701492537313432,132.0,0.6212121212121212,0.0,0.0,0.0075757575757575,0.3712121212121212,1.0,6.123233995736766e-17,1.0,1.0,17.0,0,0,0,0,0,0,0,0,0,0,0,0,0,False,0,0,1,0,0,0,0,0,0,0,0,0,0,0,0,0,0,0,0,0,0,0,2,2.0,0,1,0,False,0
12,17,179.7291206880313,624.8270900919653,42.98960596294204,313.3000058394849,128.14714693074345,-0.005636538237503,0.0209027924641006,2.3487056766590646,183.06825345784893,3.994203112046567,2022.009017535666,8,661.7107154575409,1.2641748538204869,0.0659418310458794,1.7382989575409795,313.76419607757026,0.423972549321889,-0.0001229417519465,-0.0004102051412642,0.0061147327138796,0.5898745722299005,0.0198539252377952,1.0242950736418466,0.999049121664766,1.014913805037991,16.958048492508535,0,0,0,0,0,0,0,0,0,0,0,0,0,False,0,0,1,0,0,0,0,0,0,0,0,0,0,0,0,0,0,0,0,0,0,0,2,2.0430106362715046,0,1,0,False,0
1,24,198.0,276.0,48.0,198.0,3.0,0.0,6.0,88.0,101.0,1.0,2022.0,5,324.0,1.6363636363636365,0.1481481481481481,1.0,198.0,0.0151515151515151,0.0,0.0303030303030303,0.4444444444444444,0.51010101010101,1.0,6.123233995736766e-17,1.0,1.0,24.0,0,0,0,0,0,0,0,0,0,0,0,0,0,False,0,0,0,0,0,0,0,0,0,1,0,0,0,0,0,0,0,0,0,0,0,0,5,5.0,0,0,0,False,1
6,8,26.81830111841708,82.22400373310985,22.77763941077989,29.71599966136228,26.077080718084048,-0.000422717584554,0.0048743754425081,-1.473832354983062,5.7130435526353365,1.984467775585249,2023.001925395732,10,111.0079834411347,2.575293108692628,0.2081609051711008,1.1826959730254345,29.893410414593426,0.7938821978253778,-0.0001537149518599,4.604657066203851e-05,-0.010867910785931,0.2164290647680637,0.0151444610521873,-0.985809264298154,1.0043702158369725,-0.0001343517122521,8.178176609225812,0,0,0,0,0,0,0,1,0,0,0,0,0,False,0,0,0,0,0,0,0,0,0,0,0,0,0,0,0,0,0,0,0,0,0,0,4,4.025218592687727,0,0,0,True,0
6,32,23.42872300367092,25.31318724334344,10.973612674657064,33.74046137758143,19.1630382672878,0.0010171111205775,0.0546954044974263,-0.6189386306107147,12.458964160406772,1.983979521023607,2023.004373842473,10,42.541039107128114,2.2375816421360595,0.2459063489588916,1.3998005042575503,31.4499548361805,0.573324992625681,-1.0129273646776495e-05,-0.0002940266167756,-0.0076378852074538,0.4191538741403821,0.0159187754178917,-1.021311095775213,1.0006110868601386,0.0026111717563324,31.90627229495886,0,0,0,0,0,0,0,0,0,0,0,0,0,False,0,0,0,0,0,0,0,0,0,0,0,0,0,0,0,0,0,1,0,0,0,0,4,3.971433626842729,0,0,0,True,0
6,15,59.3742861075894,223.27234968040852,30.511511504289903,70.35045615609826,41.41436881213736,-0.0093696029635183,-0.0496197944313797,1.0424287372364338,30.658015368945588,1.9874821118303077,2023.001049083852,10,250.694840980638,2.9884271648445733,0.1195674068099615,1.1708603930696575,65.80434076071022,0.5790190984454789,-4.468308861195288e-05,-2.4270142831577515e-06,0.0050741526756508,0.42792115158087,-0.010095240514285,-1.0026375702025068,0.996552531384899,0.9903577938745156,14.870385576845509,0,0,0,0,0,0,0,0,0,0,0,0,0,False,1,0,0,0,0,0,0,0,0,0,0,0,0,0,0,0,0,0,0,0,0,0,1,1.0651939669273491,1,0,0,False,0
12,28,107.49420976033404,243.4194771027855,33.43716542812336,130.64426753771485,83.18680747752944,0.0036676657220172,-0.0215014949314398,1.3993806518135266,50.79268738874337,4.012896412569158,2022.0160607505456,8,274.7067222756064,3.262520132813144,0.116310568913157,1.2080765503918478,128.46742940634175,0.6006065849322172,-2.7939954958720097e-05,0.0001154355374328,0.0003082239083517,0.3878519445860615,0.0158493612444808,0.9811759551078408,1.0074703769822122,1.0010078138242562,27.749090080369676,0,0,0,0,0,0,0,0,0,0,0,0,0,False,0,0,0,0,0,0,0,0,0,0,0,0,0,1,0,0,0,0,0,0,0,0,5,5.020851307614753,0,0,0,False,1
0,33,37.0,119.0,33.0,57.0,46.0,0.0,0.0,0.0,11.0,1.0,2021.0,1,152.0,2.6666666666666665,0.2171052631578947,1.5405405405405406,57.0,0.8070175438596491,0.0,0.0,0.0,0.1929824561403508,1.0,6.123233995736766e-17,1.0,0.0,33.0,0,0,0,0,0,0,0,0,0,0,0,0,0,False,0,0,0,0,0,0,0,0,0,0,0,0,0,0,0,0,0,0,1,0,0,0,2,2.0,0,1,0,False,0
10,21,58.56502394252854,223.1857351463905,54.24305127489849,63.07313691185284,44.73868401074779,0.0024947283703115,0.0504253277056372,0.91896344107829,19.815817706391087,3.983179313900215,2020.016112956736,0,278.50808537342897,4.389991565571994,0.20349972896428,1.1078608366378313,63.10530734283079,0.6981852701267736,0.0004175019328282,9.835543551640788e-05,0.0018471359366023,0.297477983858226,-0.0025539691442938,0.9923991421243517,0.9923006453720866,1.0099194071548072,21.02529965957796,0,0,0,0,0,0,0,0,0,0,0,0,0,False,0,0,0,0,0,0,1,0,0,0,0,0,0,0,0,0,0,0,0,0,0,0,2,2.059542282095637,0,1,0,False,0
4,33,23.0,87.0,37.0,39.0,35.0,0.0,0.0,0.0,4.0,2.0,2021.0,2,124.0,3.17948717948718,0.2983870967741935,1.6956521739130437,39.0,0.8974358974358975,0.0,0.0,0.0,0.1025641025641025,1.2246467991473532e-16,-1.0,1.0,0.0,33.0,0,0,0,0,0,0,0,0,0,0,0,0,0,False,0,0,0,0,0,0,0,0,0,0,0,0,0,0,0,0,0,0,1,0,0,0,2,2.0,0,1,0,False,0
3,12,24.0,55.0,9.0,33.0,27.0,2.0,0.0,0.0,4.0,1.0,2024.0,13,64.0,1.93939393939394,0.140625,1.375,33.0,0.8181818181818182,0.0606060606060606,0.0,0.0,0.1212121212121212,1.0,6.123233995736766e-17,1.0,0.0,12.0,0,0,0,0,0,0,0,0,0,0,0,1,0,False,0,0,0,0,0,0,0,0,0,0,0,0,0,0,0,0,0,0,0,0,0,0,5,5.0,0,0,0,False,1
3,11,58.80730753128536,154.88359623940158,38.91142558931463,71.31420388051588,46.56070117845206,0.0076817931338194,-0.0410508291893047,1.4977137573244468,26.23219276955092,1.0223653088957885,2024.0231735368543,13,202.8900118207488,2.952871884520948,0.1996293987659772,1.193754400616329,73.41197455327618,0.6444272083949282,1.2624022825047768e-05,-1.4874650295207704e-05,0.0221332649871559,0.3430359588413642,0.9985422406001462,-0.0084275941182504,0.997417335485458,0.0073836395748458,11.03565275322314,0,0,0,0,0,0,0,0,0,0,1,0,0,False,0,0,0,0,0,0,0,0,0,0,0,0,0,0,0,0,0,0,0,0,0,0,4,4.046913913461595,0,0,0,True,0
10,32,28.236233600689665,80.55566624647233,6.044569832392651,28.563883034238664,19.867438469534783,-0.0259977466269438,0.0617058462706349,-0.8581581020945976,10.48868118636657,3.9833569789423393,2019.9829846693387,0,83.97935178519532,3.500114505398838,0.0716713099171077,1.150638174534704,30.35708271995168,0.6606180080487071,6.173130029282147e-05,-8.107848459636154e-06,0.0084798206966421,0.3426828946241186,0.0041179617403879,1.0025850002275567,1.0098737253427568,0.0028277223165304,32.19985043675733,0,0,0,0,0,0,0,0,0,0,0,0,0,False,0,0,0,0,0,0,0,0,0,0,0,0,0,0,0,0,0,1,0,0,0,0,4,3.9773364788621546,0,0,0,True,0
8,33,48.0,146.0,38.0,4.0,0.0,0.0,2.0,31.0,0.0,3.0,2022.0,7,184.0,46.0,0.2065217391304347,0.0833333333333333,33.0,0.0,0.0,0.0606060606060606,0.9393939393939394,0.0,-1.0,-1.8369701987210292e-16,1.0,0.0,33.0,0,0,0,0,0,0,0,0,0,0,0,0,0,False,0,0,0,0,0,0,0,0,0,0,0,0,0,0,0,0,0,0,1,0,0,0,2,2.0,0,1,0,False,0
8,30,166.0,514.0,84.0,1.0,0.0,0.0,2.0,105.0,0.0,3.0,2022.0,7,598.0,598.0,0.1404682274247491,0.0060240963855421,107.0,0.0,0.0,0.0186915887850467,0.9813084112149532,0.0,-1.0,-1.8369701987210292e-16,1.0,1.0,30.0,0,0,0,0,0,0,0,0,0,0,0,0,0,False,0,0,0,0,0,0,0,0,0,0,0,0,0,0,0,1,0,0,0,0,0,0,5,5.0,0,0,0,False,1
5,2,29.727083769992124,66.06788080728349,11.886398741957162,30.92253959517052,-0.4992895668203573,-0.0078719609927903,0.0003699423966942,16.870423299342736,12.37334147712284,1.993558849053351,2022.0133528649903,6,71.51291769178572,2.781223442086864,0.1615558118572004,1.1063222798308665,32.93979154027465,-0.0019040887296136,0.0001361093132707,0.0001805014339922,0.5463011609625521,0.4522219818859158,0.0107561305312165,-0.9729875385311622,1.0049511886826257,-0.0130258913011292,2.190668197140191,0,1,0,0,0,0,0,0,0,0,0,0,0,False,0,0,0,0,0,0,0,0,0,0,0,0,0,0,0,0,0,0,0,0,0,0,4,3.993519922357906,0,0,0,True,0
0,2,22.0,35.0,12.0,24.0,15.0,0.0,0.0,0.0,9.0,1.0,2021.0,1,47.0,1.9583333333333333,0.2553191489361702,1.0909090909090908,24.0,0.625,0.0,0.0,0.0,0.375,1.0,6.123233995736766e-17,1.0,0.0,2.0,0,1,0,0,0,0,0,0,0,0,0,0,0,False,0,0,0,0,0,0,0,0,0,0,0,0,0,0,0,0,0,0,0,0,0,0,4,4.0,0,0,0,True,0
6,9,29.362096942390792,91.75065661396098,17.947137736452287,40.19480425334504,13.88419084901766,0.9934705033252944,-0.0341287560780926,-0.0770252784057236,25.207782101145952,2.0085759329055226,2022.992340134905,10,96.09884499610976,2.4693273573826637,0.168021507919938,1.4236946525513086,39.5920942811364,0.3483004749160536,0.0249492657254066,0.0002948308012312,-0.0018578547985147,0.626962578723329,0.0056413868707408,-1.011679649665586,0.994077975459925,-0.028425666363134,9.205038157889042,0,0,0,0,0,0,0,0,1,0,0,0,0,False,0,0,0,0,0,0,0,0,0,0,0,0,0,0,0,0,0,0,0,0,0,0,4,3.9738193246289297,0,0,0,True,0
12,11,63.0,142.0,23.0,98.0,10.0,1.0,0.0,0.0,87.0,4.0,2022.0,8,165.0,1.683673469387755,0.1393939393939394,1.5555555555555556,98.0,0.1020408163265306,0.010204081632653,0.0,0.0,0.8877551020408163,-2.4492935982947064e-16,1.0,1.0,0.0,11.0,0,0,0,0,0,0,0,0,0,0,1,0,0,False,0,0,0,0,0,0,0,0,0,0,0,0,0,0,0,0,0,0,0,0,0,0,4,4.0,0,0,0,True,0
7,11,65.37470947829688,156.3753002729138,32.22722254673681,95.23872481165874,0.1386646988447646,-0.0148514064860588,-0.0219955851681393,66.68147180059982,29.309837351177737,3.020332508980337,2021.016436973136,3,196.0364342817043,1.872079227919583,0.1740366452987704,1.4823369707577732,100.15429181294849,-0.0046719517708376,-0.0001304963116031,0.0003472583768294,0.6860542869013568,0.3084008415191347,-0.9946708347106982,-0.000383578385012,1.0044865754857186,0.0065049263427106,11.554011802704895,0,0,0,0,0,0,0,0,0,0,1,0,0,False,0,0,0,0,0,0,0,0,0,0,0,0,0,0,0,0,0,0,0,0,0,0,4,3.965379410508574,0,0,0,True,0
0,29,105.0,317.0,43.0,132.0,78.0,0.0,0.0,3.0,51.0,1.0,2021.0,1,360.0,2.727272727272727,0.1194444444444444,1.2571428571428571,132.0,0.5909090909090909,0.0,0.0,0.0227272727272727,0.3863636363636363,1.0,6.123233995736766e-17,1.0,1.0,29.0,0,0,0,0,0,0,0,0,0,0,0,0,0,False,0,0,0,0,0,0,0,0,0,0,0,0,0,0,1,0,0,0,0,0,0,0,5,5.0,0,0,0,False,1
8,16,17.0,45.0,4.0,4.0,0.0,0.0,0.0,3.0,1.0,3.0,2022.0,7,49.0,12.25,0.0816326530612244,0.2352941176470588,4.0,0.0,0.0,0.0,0.75,0.25,-1.0,-1.8369701987210292e-16,0.0,0.0,16.0,0,0,0,0,0,0,0,0,0,0,0,0,0,False,0,1,0,0,0,0,0,0,0,0,0,0,0,0,0,0,0,0,0,0,0,0,3,3.0,0,0,1,False,0
0,30,176.0,399.0,103.0,222.0,129.0,0.0,2.0,1.0,90.0,1.0,2021.0,1,502.0,2.2612612612612613,0.2051792828685259,1.2613636363636365,222.0,0.581081081081081,0.0,0.009009009009009,0.0045045045045045,0.4054054054054054,1.0,6.123233995736766e-17,1.0,1.0,30.0,0,0,0,0,0,0,0,0,0,0,0,0,0,False,0,0,0,0,0,0,0,0,0,0,0,0,0,0,0,1,0,0,0,0,0,0,5,5.0,0,0,0,False,1
12,22,138.0,413.0,81.0,181.0,82.0,0.0,0.0,0.0,99.0,4.0,2022.0,8,494.0,2.729281767955801,0.1639676113360323,1.3115942028985508,181.0,0.4530386740331492,0.0,0.0,0.0,0.5469613259668509,-2.4492935982947064e-16,1.0,1.0,1.0,22.0,0,0,0,0,0,0,0,0,0,0,0,0,0,False,0,0,0,0,0,0,0,1,0,0,0,0,0,0,0,0,0,0,0,0,0,0,0,0.0,0,0,0,False,0
13,31,71.77185179347053,252.3630636375758,27.84460289353253,78.51000049790362,40.073647198202565,-0.0043999482054907,0.0547072851092737,0.102789834718358,39.13012966797079,4.013537874117247,2023.0153433946912,12,266.71840921647487,4.761621169959602,0.1026174382847572,1.047188165360628,76.1981937195565,0.4937429564580747,-5.613174561842912e-05,9.246498909441568e-05,0.035117212322296,0.4722079754538881,-0.0098565813191684,0.9982569719412926,0.9959937633355024,0.9997250971470192,31.364692024285212,0,0,0,0,0,0,0,0,0,0,0,0,0,False,0,0,0,0,0,0,0,0,0,0,0,0,0,0,0,0,1,0,0,0,0,0,0,-0.0444557152556661,0,0,0,False,0
1,17,99.36187770637687,418.1324752657007,36.22762963024552,204.8371937180513,0.58332095139083,-0.0009779222599483,0.0566293915871635,167.93563646577752,34.433403685395874,0.9866048282023088,2021.994952459844,5,450.7245742382816,3.255975994240476,0.0821835839495402,2.005894588726125,207.6105861478368,0.0079919262219618,-6.182238433053649e-05,5.1175321535381e-05,0.8209003384746235,0.1690522942415072,0.9979233638911628,-0.0003996218855176,0.9974185964710044,0.9923823726089503,17.130898560652664,0,0,0,0,0,0,0,0,0,0,0,0,0,False,0,0,1,0,0,0,0,0,0,0,0,0,0,0,0,0,0,0,0,0,0,0,2,2.022393003679217,0,1,0,False,0
4,24,145.5963833811372,262.69516908494046,46.613586692462405,149.86823955031042,77.10697061306061,0.0106995229951715,0.0110852287513302,3.619381009382936,70.45899262275972,2.009344413331897,2021.0226006901048,2,316.33252661811474,1.910367094900352,0.1492649977902393,0.9958869399397292,143.80182402535505,0.513767714795165,-1.417792394976108e-05,0.0003669288749012,0.0192450040428766,0.4681278173463071,-0.0207844012445675,-0.97947607027178,0.9987603592239944,1.0054494198568549,23.62903416528137,0,0,0,0,0,0,0,0,0,0,0,0,0,False,0,0,0,0,0,0,0,0,0,1,0,0,0,0,0,0,0,0,0,0,0,0,5,4.991876299722082,0,0,0,False,1
8,17,147.0675471661135,506.49911731551134,46.65644650386312,5.8393231028387245,-0.7630062255167696,0.0007619028283356,0.9920909387839,202.0519535221072,1.9682055659084068,3.008424754243789,2022.0088717429965,7,542.2811168047143,183.19103180160772,0.0861245133433989,0.0044395339094191,204.402143163738,-0.000192050118005,1.9892953673947337e-05,0.0050912223896007,0.9951562028551036,0.0008708833867825,-1.0218476299725912,-0.0247710186251923,0.9974200875754068,1.002657020307854,17.12501369339765,0,0,0,0,0,0,0,0,0,0,0,0,0,False,0,0,1,0,0,0,0,0,0,0,0,0,0,0,0,0,0,0,0,0,0,0,2,2.0241217544760253,0,1,0,False,0
12,31,84.0,254.0,29.0,84.0,27.0,0.0,0.0,0.0,57.0,4.0,2022.0,8,283.0,3.369047619047619,0.1024734982332155,1.0,84.0,0.3214285714285714,0.0,0.0,0.0,0.6785714285714286,-2.4492935982947064e-16,1.0,1.0,1.0,31.0,0,0,0,0,0,0,0,0,0,0,0,0,0,False,0,0,0,0,0,0,0,0,0,0,0,0,0,0,0,0,1,0,0,0,0,0,0,0.0,0,0,0,False,0
6,12,28.0,51.0,9.0,51.0,38.0,0.0,0.0,0.0,13.0,2.0,2023.0,10,60.0,1.1764705882352942,0.15,1.821428571428572,51.0,0.7450980392156863,0.0,0.0,0.0,0.2549019607843137,1.2246467991473532e-16,-1.0,1.0,0.0,12.0,0,0,0,0,0,0,0,0,0,0,0,1,0,False,0,0,0,0,0,0,0,0,0,0,0,0,0,0,0,0,0,0,0,0,0,0,5,5.0,0,0,0,False,1
13,7,19.0,210.0,5.0,32.0,4.0,0.0,0.0,0.0,28.0,4.0,2023.0,12,215.0,6.71875,0.0232558139534883,1.6842105263157894,32.0,0.125,0.0,0.0,0.0,0.875,-2.4492935982947064e-16,1.0,0.0,0.0,7.0,0,0,0,0,0,0,1,0,0,0,0,0,0,False,0,0,0,0,0,0,0,0,0,0,0,0,0,0,0,0,0,0,0,0,0,0,1,1.0,1,0,0,False,0
0,34,68.57886229907808,212.03707458898663,12.11712740999549,108.13759382074464,30.73890329131976,-0.0096486912876366,0.0320061433736716,0.4120071754568427,73.32119995156403,1.0173742384665851,2020.9778306181825,1,226.919406627965,2.459485240008878,0.0536309421837117,1.5519066116512703,108.86621656565792,0.2919191088268086,-0.0001360063989136,-0.000104928414082,0.0031560102759865,0.7088008285441953,1.0227395294195416,0.0137963060639277,0.9969670274014074,1.0049241810191132,33.96018330967413,0,0,0,0,0,0,0,0,0,0,0,0,0,False,0,0,0,0,0,0,0,0,0,0,0,0,0,0,0,0,0,0,0,1,0,0,1,0.9736632591453516,1,0,0,False,0
1,33,27.0,103.0,13.0,33.0,0.0,0.0,0.0,19.0,14.0,1.0,2022.0,5,116.0,3.515151515151515,0.1120689655172413,1.2222222222222223,33.0,0.0,0.0,0.0,0.5757575757575758,0.4242424242424242,1.0,6.123233995736766e-17,1.0,0.0,33.0,0,0,0,0,0,0,0,0,0,0,0,0,0,False,0,0,0,0,0,0,0,0,0,0,0,0,0,0,0,0,0,0,1,0,0,0,2,2.0,0,1,0,False,0
11,6,53.2045181921057,118.09506875106491,7.659580378002361,51.1975864398091,0.74270214664568,0.0032688793166806,0.0212312863754575,35.366277114979376,16.031390320335383,4.020809598266871,2021.0148409521169,4,129.87049953121544,2.223383052942002,0.0683025858906163,0.9623600944687266,48.18541381550448,0.0205765032295796,5.718275188621585e-05,0.0003970058862045,0.6637535098993117,0.3099347470828161,0.0004415081296552,0.9810424032755244,1.0029733119322122,0.0055711685046964,6.074161274073097,0,0,0,0,0,1,0,0,0,0,0,0,0,False,0,0,0,0,0,0,0,0,0,0,0,0,0,0,0,0,0,0,0,0,0,0,0,-0.0037701918292738,0,0,0,False,0
9,29,67.0,239.0,41.0,95.0,59.0,0.0,0.0,0.0,36.0,3.0,2023.0,11,280.0,2.9473684210526314,0.1464285714285714,1.417910447761194,95.0,0.6210526315789474,0.0,0.0,0.0,0.3789473684210526,-1.0,-1.8369701987210292e-16,1.0,1.0,29.0,0,0,0,0,0,0,0,0,0,0,0,0,0,False,0,0,0,0,0,0,0,0,0,0,0,0,0,0,1,0,0,0,0,0,0,0,5,5.0,0,0,0,False,1
11,9,55.30394455432359,168.58940906996756,30.77857249763316,68.05978333819438,0.9721313342346468,0.0009317843924073,0.0524954793628143,27.717139195120303,40.407765596346856,4.008332829061514,2020.9711088331069,4,199.76735990560047,3.75806937935016,0.1478495440080012,1.2223421352474129,71.4234566199905,0.0015137880373963,-2.745526749174995e-05,-6.794640496678598e-05,0.4165208920215104,0.5931158654587264,-0.0111793964214688,1.0357267670599437,1.003637724784196,0.020705290142693,9.222086575041232,0,0,0,0,0,0,0,0,1,0,0,0,0,False,0,0,0,0,0,0,0,0,0,0,0,0,0,0,0,0,0,0,0,0,0,0,4,3.997629725833247,0,0,0,True,0
4,14,252.0,483.0,37.0,356.0,135.0,2.0,0.0,0.0,219.0,2.0,2021.0,2,520.0,1.4606741573033708,0.0711538461538461,1.4126984126984128,356.0,0.3792134831460674,0.0056179775280898,0.0,0.0,0.6151685393258427,1.2246467991473532e-16,-1.0,1.0,1.0,14.0,0,0,0,0,0,0,0,0,0,0,0,0,0,True,0,0,0,0,0,0,0,0,0,0,0,0,0,0,0,0,0,0,0,0,0,0,0,0.0,0,0,0,False,0
0,26,108.0,492.0,93.0,171.0,128.0,0.0,0.0,2.0,41.0,1.0,2021.0,1,585.0,3.421052631578948,0.1589743589743589,1.5833333333333333,171.0,0.7485380116959064,0.0,0.0,0.0116959064327485,0.239766081871345,1.0,6.123233995736766e-17,1.0,1.0,26.0,0,0,0,0,0,0,0,0,0,0,0,0,0,False,0,0,0,0,0,0,0,0,0,0,0,1,0,0,0,0,0,0,0,0,0,0,0,0.0,0,0,0,False,0
7,8,35.80124509854453,144.45400641139975,13.92474163045988,42.047046240386514,-0.5461745933665603,-0.0158705432136134,1.0408889575593956,24.681049448246007,14.392999998003408,3.038690875607395,2021.0199818020576,3,155.52706828052163,3.887449373900038,0.0927746506929374,1.0652821103417431,38.01192746550337,0.0018342828801944,3.0532341401126226e-05,0.0250239593575394,0.598309378373562,0.3744027876851177,-0.9955479948158268,0.0005595597900906,0.9991461637748266,-0.0085860719105295,8.170551047279274,0,0,0,0,0,0,0,1,0,0,0,0,0,False,0,0,0,0,0,0,0,0,0,0,0,0,0,0,0,0,0,0,0,0,0,0,4,4.008673677848599,0,0,0,True,0
7,19,31.49952450879293,128.18849869402015,53.92023175386645,37.10635964589257,0.6536847836176639,0.014376789703862,0.0209315383662217,16.504835687982975,16.061444101115992,2.952077228046177,2021.018630950809,3,186.6255353003118,4.849375340209726,0.2866907058045428,1.0168632125834955,35.26086248253381,-0.0069328246340551,0.000294858554277,-0.0004735524174334,0.499610930619556,0.5238857013797833,-0.986219683103004,-0.0127323130445923,0.994556574125828,0.0142955028312087,19.23092266068391,0,0,0,0,0,0,0,0,0,0,0,0,0,False,0,0,0,0,1,0,0,0,0,0,0,0,0,0,0,0,0,0,0,0,0,0,2,1.959189162733956,0,1,0,False,0
2,18,203.0,782.0,139.0,195.0,109.0,0.0,0.0,8.0,78.0,1.0,2023.0,9,921.0,4.723076923076923,0.1509229098805646,0.9605911330049262,195.0,0.558974358974359,0.0,0.0,0.041025641025641,0.4,1.0,6.123233995736766e-17,1.0,1.0,18.0,0,0,0,0,0,0,0,0,0,0,0,0,0,False,0,0,0,1,0,0,0,0,0,0,0,0,0,0,0,0,0,0,0,0,0,0,2,2.0,0,1,0,False,0
6,27,283.82439522876007,618.8468485076031,96.97607971712831,506.9192805145755,338.0506521791679,0.0048074240118752,-0.0493125651501769,3.23685492152486,160.43336754005296,2.0061175842268337,2022.989932325435,10,720.881090793987,3.211563536512275,0.1330172163860999,1.7735286943052095,503.9369895897844,0.6873805516488867,0.0001644043231726,3.1280356877785406e-05,0.0063391912699038,0.3171363615040099,-0.0367870819603242,-1.0262941310560922,1.0026653814614346,0.9857225599348988,26.79504677510072,0,0,0,0,0,0,0,0,0,0,0,0,0,False,0,0,0,0,0,0,0,0,0,0,0,0,1,0,0,0,0,0,0,0,0,0,5,5.026907313176377,0,0,0,False,1
5,34,66.0,162.0,9.0,86.0,0.0,0.0,2.0,25.0,59.0,2.0,2022.0,6,171.0,1.988372093023256,0.0526315789473684,1.303030303030303,86.0,0.0,0.0,0.0232558139534883,0.2906976744186046,0.686046511627907,1.2246467991473532e-16,-1.0,1.0,0.0,34.0,0,0,0,0,0,0,0,0,0,0,0,0,0,False,0,0,0,0,0,0,0,0,0,0,0,0,0,0,0,0,0,0,0,1,0,0,1,1.0,1,0,0,False,0
10,27,276.7643343810002,547.4568051488573,83.79383556459182,377.0231079875363,254.22886805318504,0.0040911240314449,-0.0303193862443431,-1.260316039326236,123.48146810760744,3.9774702175002936,2020.0165517974765,0,633.0803882137626,1.0052427318276682,0.1293593185037295,1.3542396077856098,380.00088568144673,0.673319751825997,0.0002701918259592,-0.0001729747697049,-0.0103801852766978,0.3235428900085019,0.0105547653151603,0.9773846291340212,1.0118919272031195,1.0131638031974268,26.746617207385786,0,0,0,0,0,0,0,0,0,0,0,0,0,False,0,0,0,0,0,0,0,0,0,0,0,0,1,0,0,0,0,0,0,0,0,0,5,4.952543889592506,0,0,0,False,1
6,14,322.23895494854867,659.4274626776014,64.73772905163561,499.6936645801452,284.5068317118897,1.005962509403515,2.0051438792080263,-0.3012143227818575,213.1922151801704,2.0461558686022787,2023.0088201786225,10,721.7554036806644,0.9381755409792168,0.0932444697437859,1.5769597477820796,499.597991425421,0.5666185225025225,0.0018151847620988,0.0035629820346547,-0.0031746869935608,0.4274990346871054,-0.0013057390997409,-1.01479066308989,1.0054261141475584,0.991406861946708,14.048560565275746,0,0,0,0,0,0,0,0,0,0,0,0,0,True,0,0,0,0,0,0,0,0,0,0,0,0,0,0,0,0,0,0,0,0,0,0,0,-0.0093089883134679,0,0,0,False,0
10,20,77.50993253002584,272.6375638246871,38.28908241495641,109.32681508773456,80.9652275808359,-0.0285313576509866,0.008836327000632,0.6817722318080064,27.21296889549034,3.981811910571203,2019.976478190052,0,322.32662341266933,2.6785102208507845,0.1244595170207452,1.3921668099536313,107.60990996845442,0.751467151860674,0.000105957947109,0.0006252134642483,-0.0060192447599281,0.258860770610104,0.0172270138966159,0.9611059597204248,1.0067955729951128,0.9925093882872692,20.333320017094668,0,0,0,0,0,0,0,0,0,0,0,0,0,False,0,0,0,0,0,1,0,0,0,0,0,0,0,0,0,0,0,0,0,0,0,0,2,1.948436659710762,0,1,0,False,0
2,8,14.494650558739224,34.13161532061529,7.057908098743456,13.752804867423691,11.96423748730754,0.0047268884078229,0.0379901455760388,-1.9091779397561763,2.924128582054035,1.0031173026663642,2023.0100623905676,9,41.419526600637695,1.9737032635437848,0.1667332544148379,1.2413855270634913,15.62841272279224,0.7992637947703256,-0.0001867880699445,-0.0001710937075876,0.0018355388368728,0.194910693356137,0.986463711268662,0.0071609316231547,1.0053845888769597,0.0001241628578422,7.838400942807282,0,0,0,0,0,0,0,1,0,0,0,0,0,False,0,0,0,0,0,0,0,0,0,0,0,0,0,0,0,0,0,0,0,0,0,0,4,3.974321222124327,0,0,0,True,0
11,20,10.0,38.0,13.0,17.0,0.0,0.0,0.0,11.0,6.0,4.0,2021.0,4,51.0,3.0,0.2549019607843137,1.7,17.0,0.0,0.0,0.0,0.6470588235294118,0.3529411764705882,-2.4492935982947064e-16,1.0,1.0,0.0,20.0,0,0,0,0,0,0,0,0,0,0,0,0,0,False,0,0,0,0,0,1,0,0,0,0,0,0,0,0,0,0,0,0,0,0,0,0,2,2.0,0,1,0,False,0
4,1,89.89921306075586,282.36049072380456,20.91656542672817,111.7416486808726,71.40480497947593,0.019402003210089,-0.0099712179695276,-0.2302859580943735,37.458513645296456,1.945230120438711,2020.9706912034983,2,297.34095284170184,3.1446624295479904,0.0683534332294328,1.1896198634928448,106.75294914763369,0.6512693488722112,-1.1599195908983348e-05,0.0002062950588319,0.0015360927762174,0.3459090621156758,0.0112957207310023,-0.9989553960505236,0.9997379683047648,0.9897020737699642,1.0823001783439228,1,0,0,0,0,0,0,0,0,0,0,0,0,False,0,0,0,0,0,0,0,0,0,0,0,0,0,0,0,0,0,0,0,0,0,0,1,0.97707491914029,1,0,0,False,0
13,14,295.42019833294546,544.484571362105,69.30855994160802,379.0141377337655,260.13513275738785,0.0057843808405938,0.0160948274301476,0.0432815309887422,123.42953192457996,4.003036074410974,2022.991527408727,12,620.4824451860283,2.458526060646109,0.1123097014817793,1.2983953693546877,381.39148566141256,0.6713371706229487,-1.3900389709259306e-06,7.670498511555349e-05,-0.0032295001047583,0.3205427765397611,0.0106458938076083,0.9866787758930256,1.0036111683796205,0.9862017206439097,13.623719173339063,0,0,0,0,0,0,0,0,0,0,0,0,0,True,0,0,0,0,0,0,0,0,0,0,0,0,0,0,0,0,0,0,0,0,0,0,0,-0.0053361161617078,0,0,0,False,0
8,9,42.85271111828512,140.61661689152535,24.225486453549077,4.399249546551074,0.6995888612912863,-0.00904892885024,1.9565816511542495,12.152717999966882,-0.7287873519988495,2.965330716976608,2021.981719209118,7,159.73174353334778,32.78132751092675,0.1522251602058868,0.11029378703194,12.886177116742456,0.0124952238754304,-0.0003213262473135,0.1333512265652736,0.8619462602052306,0.0011940039267615,-0.9959373828759828,0.0006075430541516,0.9936316840286802,0.0080212530067173,8.915260035693501,0,0,0,0,0,0,0,0,1,0,0,0,0,False,0,0,0,0,0,0,0,0,0,0,0,0,0,0,0,0,0,0,0,0,0,0,4,4.065512842512748,0,0,0,True,0
1,4,140.04374369334877,501.39497380396,72.45806324258803,168.34905006935043,-0.4041952242768898,0.010960968285986,0.0161278268168865,89.91276893125958,75.7563037337787,1.0217921106793442,2021.999554728441,5,578.901141749982,4.11309197413124,0.126601348740244,1.1695821250549032,162.2905211888942,-0.0025206706638957,-5.365867509363923e-05,-9.515614195966726e-06,0.5446497193934539,0.4625343618424696,0.9887174762002436,0.0039079191538089,1.0104588658331397,1.0194905909156724,4.196683165812768,0,0,0,1,0,0,0,0,0,0,0,0,0,False,0,0,0,0,0,0,0,0,0,0,0,0,0,0,0,0,0,0,0,0,0,0,1,1.075479778436638,1,0,0,False,0
8,4,127.85152968496408,435.6189144549985,93.03284310651196,7.87337431898354,0.4211478267244203,0.0096020564832083,0.9669236216672602,97.4056222054118,-1.3785892481175266,2.9989825988743277,2021.998025421653,7,535.9144531640485,66.50851934363664,0.1771576663567347,0.0618547735784182,98.84169871389824,0.0030153742417131,-1.9123318506047803e-05,0.0105019306426514,0.9856888212283098,0.0117608533814938,-0.9800707140176153,0.0254113538927983,1.012615609040792,0.9777302045758268,4.589122619281975,0,0,0,1,0,0,0,0,0,0,0,0,0,False,0,0,0,0,0,0,0,0,0,0,0,0,0,0,0,0,0,0,0,0,0,0,1,1.0201632911901786,1,0,0,False,0
4,12,41.0,98.0,20.0,60.0,39.0,0.0,0.0,0.0,21.0,2.0,2021.0,2,118.0,1.9666666666666663,0.1694915254237288,1.4634146341463414,60.0,0.65,0.0,0.0,0.0,0.35,1.2246467991473532e-16,-1.0,1.0,0.0,12.0,0,0,0,0,0,0,0,0,0,0,0,1,0,False,0,0,0,0,0,0,0,0,0,0,0,0,0,0,0,0,0,0,0,0,0,0,5,5.0,0,0,0,False,1
9,25,162.0,411.0,37.0,220.0,113.0,1.0,1.0,0.0,105.0,3.0,2023.0,11,448.0,2.036363636363636,0.0825892857142857,1.3580246913580247,220.0,0.5136363636363637,0.0045454545454545,0.0045454545454545,0.0,0.4772727272727273,-1.0,-1.8369701987210292e-16,1.0,1.0,25.0,0,0,0,0,0,0,0,0,0,0,0,0,0,False,0,0,0,0,0,0,0,0,0,0,1,0,0,0,0,0,0,0,0,0,0,0,0,0.0,0,0,0,False,0
11,36,25.0,135.0,32.0,32.0,0.0,0.0,0.0,22.0,10.0,4.0,2021.0,4,167.0,5.21875,0.1916167664670658,1.28,32.0,0.0,0.0,0.0,0.6875,0.3125,-2.4492935982947064e-16,1.0,1.0,0.0,36.0,0,0,0,0,0,0,0,0,0,0,0,0,0,False,0,0,0,0,0,0,0,0,0,0,0,0,0,0,0,0,0,0,0,0,0,1,2,2.0,0,1,0,False,0
0,20,69.80099977267419,275.12667212771805,28.11090766270844,90.82964558563788,72.4361914987237,-0.0096552932232724,-0.0395801418774402,-0.8827392557739782,20.37871864455742,1.0097184600780948,2020.973020739484,1,328.19981801324224,3.448772447768671,0.0930275577475135,1.3085503812272172,93.0176964072977,0.7942571862200837,7.844472738908635e-05,-7.654622703449068e-05,-0.0075346338860042,0.20722052849285,1.000079471726913,-0.027723210144436,1.0010253373179037,0.9963738646023018,19.875392493107107,0,0,0,0,0,0,0,0,0,0,0,0,0,False,0,0,0,0,0,1,0,0,0,0,0,0,0,0,0,0,0,0,0,0,0,0,2,1.983800934356012,0,1,0,False,0
2,10,46.9785133917162,124.30532977884208,15.094852421169415,54.72523484184457,28.43739606442261,1.00363037548479,-0.0135042654267209,-1.5617407318370942,25.550487028638017,1.0170164297415576,2022.9874293229411,9,142.82219449035887,3.5093246836032144,0.0951130257968886,1.07617090280483,51.52091326130161,0.5240435728642023,0.0188364768082459,-4.975191654103696e-06,-0.0045990577698852,0.452446074771492,0.9786986822409518,0.0169296778427966,0.9922301974979464,0.0031931124423494,10.200567254772272,0,0,0,0,0,0,0,0,0,1,0,0,0,False,0,0,0,0,0,0,0,0,0,0,0,0,0,0,0,0,0,0,0,0,0,0,3,3.0186869526874265,0,0,1,False,0
8,35,48.0,191.0,60.0,21.0,0.0,0.0,0.0,26.0,0.0,3.0,2022.0,7,251.0,11.952380952380953,0.2390438247011952,0.4375,26.0,0.0,0.0,0.0,1.0,0.0,-1.0,-1.8369701987210292e-16,1.0,1.0,35.0,0,0,0,0,0,0,0,0,0,0,0,0,0,False,0,0,0,0,0,0,0,0,0,0,0,0,0,0,0,0,0,0,0,0,1,0,1,1.0,1,0,0,False,0
3,11,64.71351499710725,153.6130151724155,37.78201842359362,78.21056157554165,44.21050796643773,0.0114795312968173,0.0060048695661394,4.066261249976549,26.28492119205093,0.9796538356137277,2023.9830029136945,13,198.8638543876759,1.836925226163017,0.195919464747647,1.1802362360848633,72.98896479838035,0.6357575557702833,8.654019373211551e-05,0.0004561252158208,0.0371959436219703,0.346321111308766,1.0123783640837687,-0.0009571955410606,0.995947771489624,0.0039238453408352,10.418312967532128,0,0,0,0,0,0,0,0,0,0,1,0,0,False,0,0,0,0,0,0,0,0,0,0,0,0,0,0,0,0,0,0,0,0,0,0,4,4.033257878648826,0,0,0,True,0
9,18,117.0,481.0,82.0,115.0,71.0,0.0,0.0,4.0,40.0,3.0,2023.0,11,563.0,4.895652173913043,0.1456483126110124,0.9829059829059827,115.0,0.6173913043478261,0.0,0.0,0.0347826086956521,0.3478260869565217,-1.0,-1.8369701987210292e-16,1.0,1.0,18.0,0,0,0,0,0,0,0,0,0,0,0,0,0,False,0,0,0,1,0,0,0,0,0,0,0,0,0,0,0,0,0,0,0,0,0,0,2,2.0,0,1,0,False,0
5,10,27.14961882456548,74.29671296956096,9.794143685925802,22.401934511857927,-1.561646439279967,-0.006704160123824,-0.017444121825622,11.51008370652487,15.166540491928997,2.02500632494456,2021.969638422315,6,92.42733834998924,2.7753071383968457,0.1136604033438389,1.044821238104401,24.2250381912621,0.00188521734017,0.0001172323395033,-0.0003391793221577,0.4148687496580908,0.5772046164990791,0.0025290549005237,-0.9945603671158568,1.0012396211538952,-0.0085102107166858,10.004804986470186,0,0,0,0,0,0,0,0,0,1,0,0,0,False,0,0,0,0,0,0,0,0,0,0,0,0,0,0,0,0,0,0,0,0,0,0,3,3.03190184914783,0,0,1,False,0
8,1,32.0,72.0,3.0,0.0,0.0,0.0,0.0,21.0,0.0,3.0,2022.0,7,75.0,75.0,0.04,0.0,21.0,0.0,0.0,0.0,1.0,0.0,-1.0,-1.8369701987210292e-16,0.0,0.0,1.0,1,0,0,0,0,0,0,0,0,0,0,0,0,False,0,0,0,0,0,0,0,0,0,0,0,0,0,0,0,0,0,0,0,0,0,0,1,1.0,1,0,0,False,0
5,15,81.0,199.0,35.0,94.0,0.0,0.0,0.0,43.0,51.0,2.0,2022.0,6,234.0,2.48936170212766,0.1495726495726495,1.160493827160494,94.0,0.0,0.0,0.0,0.4574468085106383,0.5425531914893617,1.2246467991473532e-16,-1.0,1.0,1.0,15.0,0,0,0,0,0,0,0,0,0,0,0,0,0,False,1,0,0,0,0,0,0,0,0,0,0,0,0,0,0,0,0,0,0,0,0,0,1,1.0,1,0,0,False,0
10,13,43.838388108708166,122.59602803919137,30.622344534025363,47.8902565536649,9.266219689558092,-0.0161035353846945,-0.0156495683576927,-1.6714180203820992,39.7578419112441,4.005603642928319,2020.044804888684,0,141.75075712168157,2.4871292556836795,0.2060127325610215,1.0834928491308264,48.6946895768474,0.2166330582406974,-6.572357095246327e-05,0.000469050084733,0.0093896731281802,0.7889929083267462,0.0089232141308705,1.0258913648198809,1.0020906701770385,-0.0017184763687252,13.227527669925191,0,0,0,0,0,0,0,0,0,0,0,0,1,False,0,0,0,0,0,0,0,0,0,0,0,0,0,0,0,0,0,0,0,0,0,0,3,3.034906576532846,0,0,1,False,0
5,29,78.84724582097721,253.47875374411927,20.397719639027347,116.58734510982346,-0.4027763922829634,0.0051453721771542,-0.0114092308257814,60.818830056568856,56.80140361176335,2.011259403758038,2021.9795995943605,6,266.7904597203693,1.4023138362694283,0.0744129986704265,1.4902581708720994,114.62493806148584,0.0078403043917222,-0.0001003096439983,-0.0005788215686926,0.5340022820580079,0.4683416419242113,-0.0057919944689558,-1.0079215927435785,0.994871069979875,1.004428567721935,28.969496502301624,0,0,0,0,0,0,0,0,0,0,0,0,0,False,0,0,0,0,0,0,0,0,0,0,0,0,0,0,1,0,0,0,0,0,0,0,5,5.008139105835479,0,0,0,False,1
13,1,42.0,153.0,11.0,57.0,34.0,0.0,0.0,0.0,23.0,4.0,2023.0,12,164.0,2.8771929824561404,0.0670731707317073,1.3571428571428572,57.0,0.5964912280701754,0.0,0.0,0.0,0.4035087719298245,-2.4492935982947064e-16,1.0,1.0,0.0,1.0,1,0,0,0,0,0,0,0,0,0,0,0,0,False,0,0,0,0,0,0,0,0,0,0,0,0,0,0,0,0,0,0,0,0,0,0,1,1.0,1,0,0,False,0
3,34,37.66071211179829,96.43731413932228,17.327389458537535,37.3929036632524,15.80345545673268,-0.0042574411354996,0.0078996794166753,0.7035552252601576,22.605777374175684,0.9874078908514172,2023.989988086605,13,114.1426110556385,3.036042459322962,0.147260091905282,1.0047050458867144,42.25766223478356,0.4415053199120329,-0.0002531999296625,-9.174361750610142e-05,-0.0002847663984265,0.5532914046107584,1.0108624123502392,-0.0105784916834395,0.9954008868993354,-0.0219975334918871,34.12978505457758,0,0,0,0,0,0,0,0,0,0,0,0,0,False,0,0,0,0,0,0,0,0,0,0,0,0,0,0,0,0,0,0,0,1,0,0,1,0.9656318264882824,1,0,0,False,0
12,24,168.00061527164783,276.1161942000101,40.25394347014441,155.83362099492757,91.50683518683188,-0.0061230095471732,-0.0395440860705005,-0.0215726081705861,63.02944641810841,3.9682767247020583,2022.0048198315496,8,315.60937202174034,1.7124619570835793,0.1351035578355799,0.9254895999598584,152.88714462473345,0.5961674056518413,-6.686029037090052e-05,-5.900893357672703e-05,0.0020867643486676,0.4093744807250952,0.0049108370366896,0.9996257895187304,1.0025709245810728,1.0041133703112446,23.82882697338639,0,0,0,0,0,0,0,0,0,0,0,0,0,False,0,0,0,0,0,0,0,0,0,1,0,0,0,0,0,0,0,0,0,0,0,0,5,5.005145347140177,0,0,0,False,1
7,27,297.87735750283787,611.4349168830765,96.65146433772908,312.14496896127685,4.605304816896657,0.0037874162174203,0.0348484873634992,252.86406167687736,56.36738383888715,2.9631170390852777,2021.03000046346,3,715.6245269300643,2.456325446792289,0.1356160053856023,1.0376823643832451,311.012238208628,0.0057134948369831,0.0002184845540329,-0.0003919421059686,0.805681486813224,0.1793305467530307,-1.0259106755582394,0.0076373950346766,0.9952431973887766,1.0010369970636903,26.986107472830177,0,0,0,0,0,0,0,0,0,0,0,0,0,False,0,0,0,0,0,0,0,0,0,0,0,0,1,0,0,0,0,0,0,0,0,0,5,5.006165269338825,0,0,0,False,1
0,31,48.239574379891216,138.0736890182825,15.323962896133274,49.80036354349687,16.457630126520822,0.007463828670357,0.0232859093238473,1.897847641820188,36.44992282226015,0.9833317504666116,2021.0130220098845,1,151.87104599725123,3.355765663574945,0.1022985065518707,1.073342208370869,54.24164008666696,0.2934662705448911,0.0002463196070943,1.4767945967901894e-05,0.0002351899599825,0.7068549250717084,1.021339892293699,-0.0063742233402998,1.0055152964192065,-0.0106493494894063,30.727438720902665,0,0,0,0,0,0,0,0,0,0,0,0,0,False,0,0,0,0,0,0,0,0,0,0,0,0,0,0,0,0,1,0,0,0,0,0,0,-0.0580897860388171,0,0,0,False,0
8,6,70.0,227.0,16.0,4.0,0.0,0.0,0.0,49.0,0.0,3.0,2022.0,7,243.0,60.75,0.0658436213991769,0.0571428571428571,49.0,0.0,0.0,0.0,1.0,0.0,-1.0,-1.8369701987210292e-16,1.0,1.0,6.0,0,0,0,0,0,1,0,0,0,0,0,0,0,False,0,0,0,0,0,0,0,0,0,0,0,0,0,0,0,0,0,0,0,0,0,0,0,0.0,0,0,0,False,0
11,0,21.808458337396505,50.70102648597276,2.730573785492918,24.413209599588505,-1.7662276045962753,0.0095393751501948,2.028806740502701,9.695134207637476,19.16711652606575,4.002924983750904,2020.982363005372,4,64.16149656470697,-0.0211525382241277,0.0479948164356982,1.2891709829943838,25.842271778159063,0.0012428633003286,-7.922427351068593e-05,0.0739514635765123,0.298005924154706,0.6320066031794808,-0.0153058452541437,0.9825536290100404,-0.0022238347278581,-0.0052131564504107,0.0583938174967145,0,0,0,0,0,0,0,0,0,0,0,0,0,False,0,0,0,0,0,0,0,0,0,0,0,0,0,0,0,0,0,0,0,0,0,0,3,3.046802532225338,0,0,1,False,0
4,13,65.91764931639177,163.84141249032106,21.352513527792237,78.55572186293094,7.189019767722108,0.007772088402426,0.0188556165149973,1.454051141414774,70.90250919364263,1.970072767976732,2021.0116610310708,2,180.95394043333093,2.356069773314678,0.1231936047045775,1.2086629401395916,75.2385875136998,0.1087813535654556,-0.0002631452856268,0.00015742538914,0.0050714335936748,0.893598760697996,-0.0012700948393326,-0.9806091153955588,1.0055212541736174,-0.0122727769174009,12.976704492074964,0,0,0,0,0,0,0,0,0,0,0,0,1,False,0,0,0,0,0,0,0,0,0,0,0,0,0,0,0,0,0,0,0,0,0,0,3,3.0077495897069664,0,0,1,False,0
0,18,256.0,1149.0,196.0,368.0,211.0,0.0,0.0,7.0,150.0,1.0,2021.0,1,1345.0,3.654891304347826,0.145724907063197,1.4375,368.0,0.5733695652173914,0.0,0.0,0.0190217391304347,0.4076086956521739,1.0,6.123233995736766e-17,1.0,1.0,18.0,0,0,0,0,0,0,0,0,0,0,0,0,0,False,0,0,0,1,0,0,0,0,0,0,0,0,0,0,0,0,0,0,0,0,0,0,2,2.0,0,1,0,False,0
7,9,45.0,122.0,23.0,66.0,0.0,0.0,0.0,30.0,36.0,3.0,2021.0,3,145.0,2.196969696969697,0.1586206896551724,1.4666666666666666,66.0,0.0,0.0,0.0,0.4545454545454545,0.5454545454545454,-1.0,-1.8369701987210292e-16,1.0,0.0,9.0,0,0,0,0,0,0,0,0,1,0,0,0,0,False,0,0,0,0,0,0,0,0,0,0,0,0,0,0,0,0,0,0,0,0,0,0,4,4.0,0,0,0,True,0
1,30,173.0,540.0,73.0,205.0,0.0,0.0,4.0,124.0,77.0,1.0,2022.0,5,613.0,2.9902439024390244,0.1190864600326264,1.184971098265896,205.0,0.0,0.0,0.0195121951219512,0.6048780487804878,0.375609756097561,1.0,6.123233995736766e-17,1.0,1.0,30.0,0,0,0,0,0,0,0,0,0,0,0,0,0,False,0,0,0,0,0,0,0,0,0,0,0,0,0,0,0,1,0,0,0,0,0,0,5,5.0,0,0,0,False,1
10,25,200.0,513.0,65.0,271.0,114.0,0.0,0.0,0.0,157.0,4.0,2020.0,0,578.0,2.132841328413284,0.1124567474048442,1.355,271.0,0.4206642066420664,0.0,0.0,0.0,0.5793357933579336,-2.4492935982947064e-16,1.0,1.0,1.0,25.0,0,0,0,0,0,0,0,0,0,0,0,0,0,False,0,0,0,0,0,0,0,0,0,0,1,0,0,0,0,0,0,0,0,0,0,0,0,0.0,0,0,0,False,0
0,35,42.0,235.0,35.0,51.0,28.0,0.0,0.0,0.0,23.0,1.0,2021.0,1,270.0,5.294117647058823,0.1296296296296296,1.2142857142857142,51.0,0.5490196078431373,0.0,0.0,0.0,0.4509803921568627,1.0,6.123233995736766e-17,1.0,1.0,35.0,0,0,0,0,0,0,0,0,0,0,0,0,0,False,0,0,0,0,0,0,0,0,0,0,0,0,0,0,0,0,0,0,0,0,1,0,1,1.0,1,0,0,False,0
0,7,31.0,78.0,24.0,46.0,31.0,0.0,0.0,0.0,15.0,1.0,2021.0,1,102.0,2.217391304347826,0.2352941176470588,1.4838709677419355,46.0,0.6739130434782609,0.0,0.0,0.0,0.3260869565217391,1.0,6.123233995736766e-17,1.0,0.0,7.0,0,0,0,0,0,0,1,0,0,0,0,0,0,False,0,0,0,0,0,0,0,0,0,0,0,0,0,0,0,0,0,0,0,0,0,0,1,1.0,1,0,0,False,0
5,25,237.0,602.0,65.0,306.0,1.0,1.0,0.0,133.0,171.0,2.0,2022.0,6,667.0,2.179738562091503,0.0974512743628185,1.2911392405063291,306.0,0.0032679738562091,0.0032679738562091,0.0,0.434640522875817,0.5588235294117647,1.2246467991473532e-16,-1.0,1.0,1.0,25.0,0,0,0,0,0,0,0,0,0,0,0,0,0,False,0,0,0,0,0,0,0,0,0,0,1,0,0,0,0,0,0,0,0,0,0,0,0,0.0,0,0,0,False,0
9,12,28.515836805896623,57.395350984346784,22.4811486046894,51.60720821582535,28.52495794076938,1.016410420151275,0.0118543506312321,-0.035121110963106,21.564790978533377,2.996476893218847,2023.03258643379,11,76.33998631703722,1.4739757967643723,0.302116024787139,1.7263240403880094,50.01657332324794,0.560727804249314,0.0200571679988823,0.0002239668254857,0.0078291644278771,0.419826335913022,-1.0014526758472102,0.0063604555068746,0.9981876343351496,-0.0042596934806557,12.09807348400918,0,0,0,0,0,0,0,0,0,0,0,1,0,False,0,0,0,0,0,0,0,0,0,0,0,0,0,0,0,0,0,0,0,0,0,0,5,5.057048453755715,0,0,0,False,1
8,22,110.0,305.0,36.0,5.0,0.0,0.0,5.0,99.0,0.0,3.0,2022.0,7,341.0,68.2,0.1055718475073313,0.0454545454545454,104.0,0.0,0.0,0.048076923076923,0.9519230769230768,0.0,-1.0,-1.8369701987210292e-16,1.0,1.0,22.0,0,0,0,0,0,0,0,0,0,0,0,0,0,False,0,0,0,0,0,0,0,1,0,0,0,0,0,0,0,0,0,0,0,0,0,0,0,0.0,0,0,0,False,0
4,0,18.310569513404356,75.77033257663379,19.12819647629969,33.00049036400705,20.038386657614417,0.0098040627908979,-0.0006192202716999,-0.31078770147973,9.597097218940842,1.964354377086843,2021.013904896845,2,89.6872677436687,2.3414677494706746,0.2152586822222953,1.5262959751385667,28.55994255014705,0.6243236113126194,4.731287122507927e-05,7.47315547364913e-05,0.0001258520162856,0.3760919452913403,-0.0119091893163967,-0.9990199544996948,0.9998704946288706,-0.0077481801749187,-0.1348903921381689,0,0,0,0,0,0,0,0,0,0,0,0,0,False,0,0,0,0,0,0,0,0,0,0,0,0,0,0,0,0,0,0,0,0,0,0,3,3.0265352927525933,0,0,1,False,0
6,25,210.1897535628101,527.8265553949383,54.43360657428402,266.9513509332523,142.96472161945692,-0.0021975919361985,-0.0173795755295143,0.0354864366240285,135.0439470316408,2.0305996682130005,2023.0062244626563,10,598.2113079208573,1.7978642392676742,0.0928245800953072,1.31080553891791,276.31788472474,0.5200753608877674,0.0001174364891764,0.0001849754502894,0.0069247550986101,0.4919789240860918,0.0217923623184816,-0.9938277252464002,1.0009903099117008,0.9884364951831786,24.94770989487534,0,0,0,0,0,0,0,0,0,0,0,0,0,False,0,0,0,0,0,0,0,0,0,0,1,0,0,0,0,0,0,0,0,0,0,0,0,-0.0234179529516492,0,0,0,False,0
11,1,76.7045920807657,184.0671697082604,26.053861007991014,90.91459008375526,-0.7082106208484568,0.0037741032937402,0.0253557637533659,63.33703077879075,28.96760592778905,3.980854589168752,2020.9973376373223,4,214.94997495663952,1.5828016112558931,0.1173528326290462,1.2204801430699823,90.1319314520815,0.0032335039017564,-0.000109956129753,0.0001293592510262,0.6767514683488023,0.3258199275829647,0.0158605358080244,1.0022548060868024,1.0007876790325458,-0.0032546472113177,0.93742533620049,1,0,0,0,0,0,0,0,0,0,0,0,0,False,0,0,0,0,0,0,0,0,0,0,0,0,0,0,0,0,0,0,0,0,0,0,1,1.066267439226297,1,0,0,False,0
5,22,139.0,395.0,81.0,233.0,1.0,0.0,2.0,131.0,99.0,2.0,2022.0,6,476.0,2.0429184549356223,0.1701680672268907,1.6762589928057554,233.0,0.0042918454935622,0.0,0.0085836909871244,0.5622317596566524,0.4248927038626609,1.2246467991473532e-16,-1.0,1.0,1.0,22.0,0,0,0,0,0,0,0,0,0,0,0,0,0,False,0,0,0,0,0,0,0,1,0,0,0,0,0,0,0,0,0,0,0,0,0,0,0,0.0,0,0,0,False,0
0,9,71.52600507137856,205.28916996801664,50.65677421895224,104.97839109732058,67.62598782307023,-0.0056518362932757,0.033256724988673,0.5044560469137653,38.21001711957011,0.9958210690461832,2021.0262717274584,1,256.0214950515255,1.4504384638709755,0.2028784130898921,1.5339208012931478,105.38496768656049,0.6197081135074467,-1.4566566389467884e-05,0.0003181966480888,-0.0065570933371673,0.3741318294731308,1.0214286849831486,-0.0006924625062766,0.998587403038078,1.008505641712097,9.163519165833604,0,0,0,0,0,0,0,0,1,0,0,0,0,False,0,0,0,0,0,0,0,0,0,0,0,0,0,0,0,0,0,0,0,0,0,0,4,4.007744870964773,0,0,0,True,0
12,25,234.0,580.0,57.0,288.0,105.0,0.0,0.0,0.0,183.0,4.0,2022.0,8,637.0,2.211805555555556,0.0894819466248037,1.2307692307692308,288.0,0.3645833333333333,0.0,0.0,0.0,0.6354166666666666,-2.4492935982947064e-16,1.0,1.0,1.0,25.0,0,0,0,0,0,0,0,0,0,0,0,0,0,False,0,0,0,0,0,0,0,0,0,0,1,0,0,0,0,0,0,0,0,0,0,0,0,0.0,0,0,0,False,0
5,2,27.28670453576745,61.49372407505621,11.812011198934444,29.845998583651134,-1.5255647255945903,0.0064380376904867,0.0598367950781744,14.45783920324594,14.387949631709992,1.967636116031187,2022.0190103961631,6,74.36213002961577,2.6759025256549465,0.1586210118424856,1.1140993503146148,31.2095722121457,0.0121667596948963,0.0001876839109622,-0.0001822161307174,0.5530884004228234,0.4513595887318712,0.0026871807310634,-0.9976466126355984,0.996085767342994,-0.0017181673106672,1.9151353955994357,0,1,0,0,0,0,0,0,0,0,0,0,0,False,0,0,0,0,0,0,0,0,0,0,0,0,0,0,0,0,0,0,0,0,0,0,4,3.938330571294948,0,0,0,True,0
11,10,30.0,87.0,29.0,33.0,0.0,0.0,0.0,16.0,17.0,4.0,2021.0,4,116.0,3.515151515151515,0.25,1.1,33.0,0.0,0.0,0.0,0.4848484848484848,0.5151515151515151,-2.4492935982947064e-16,1.0,1.0,0.0,10.0,0,0,0,0,0,0,0,0,0,1,0,0,0,False,0,0,0,0,0,0,0,0,0,0,0,0,0,0,0,0,0,0,0,0,0,0,3,3.0,0,0,1,False,0
1,34,70.70125629519362,243.90013864982825,30.29852731668242,73.83458430389723,0.4548376691280492,0.0208558285237794,2.940994566786339,21.22884965520373,50.521403953089845,0.9859550040372326,2021.982835479613,5,278.47103743433945,4.054717179159179,0.1136788928250044,1.039029874811118,72.1442018761584,-0.0052127307139444,-0.0001381464856028,0.0402404982276835,0.296288257567788,0.6715401799941594,0.9787576097853964,0.0138944820414923,1.0118520690004806,1.0073161281067449,33.846454156686505,0,0,0,0,0,0,0,0,0,0,0,0,0,False,0,0,0,0,0,0,0,0,0,0,0,0,0,0,0,0,0,0,0,1,0,0,1,1.004224316879803,1,0,0,False,0
9,22,96.0,355.0,52.0,112.0,21.0,0.0,0.0,0.0,91.0,3.0,2023.0,11,407.0,3.633928571428572,0.1277641277641277,1.1666666666666667,112.0,0.1875,0.0,0.0,0.0,0.8125,-1.0,-1.8369701987210292e-16,1.0,1.0,22.0,0,0,0,0,0,0,0,0,0,0,0,0,0,False,0,0,0,0,0,0,0,1,0,0,0,0,0,0,0,0,0,0,0,0,0,0,0,0.0,0,0,0,False,0
5,12,31.610547666626083,59.45526565778613,12.445413377517523,61.31621862961059,0.0922689006767977,-0.0001286882331565,-0.0333170576455398,52.94832938589178,6.622921188993264,1.9652493200243444,2021.9578977020567,6,78.57134012468762,-0.3077428319337136,0.1820878938758147,1.9656527178124137,63.11199609226306,0.0056414961309889,-0.0002094905596112,-0.0002219006624364,0.8890061620813312,0.1062321383067577,0.0017818692087501,-0.9879408202220096,0.99380572747811,-0.016920643064861,12.02751064949758,0,0,0,0,0,0,0,0,0,0,0,1,0,False,0,0,0,0,0,0,0,0,0,0,0,0,0,0,0,0,0,0,0,0,0,0,5,4.993419606594531,0,0,0,False,1
13,18,209.0,889.0,150.0,218.0,118.0,1.0,0.0,9.0,90.0,4.0,2023.0,12,1039.0,4.76605504587156,0.1443695861405197,1.0430622009569377,218.0,0.5412844036697247,0.0045871559633027,0.0,0.0412844036697247,0.4128440366972477,-2.4492935982947064e-16,1.0,1.0,1.0,18.0,0,0,0,0,0,0,0,0,0,0,0,0,0,False,0,0,0,1,0,0,0,0,0,0,0,0,0,0,0,0,0,0,0,0,0,0,2,2.0,0,1,0,False,0
12,13,56.0,157.0,19.0,73.0,33.0,1.0,0.0,0.0,39.0,4.0,2022.0,8,176.0,2.410958904109589,0.1079545454545454,1.3035714285714286,73.0,0.4520547945205479,0.0136986301369863,0.0,0.0,0.5342465753424658,-2.4492935982947064e-16,1.0,1.0,0.0,13.0,0,0,0,0,0,0,0,0,0,0,0,0,1,False,0,0,0,0,0,0,0,0,0,0,0,0,0,0,0,0,0,0,0,0,0,0,3,3.0,0,0,1,False,0
3,7,25.21731391771298,173.8665247533167,2.782906145906374,41.49101380136951,18.288337242862884,-0.0096015630662513,-0.0066643211918739,1.2764148028638496,23.734597803375824,1.0662799412921666,2023.9691069154749,13,170.12413673876483,2.831743900173441,0.018042824965047,1.602576188166166,42.34531027456532,0.4495285329973013,-9.076219350939476e-05,0.0001648271501154,0.0004006429468166,0.5502640891822866,0.9526125991843556,-0.0003817835535981,0.0022665338070213,0.011221936646752,7.123556951151064,0,0,0,0,0,0,1,0,0,0,0,0,0,False,0,0,0,0,0,0,0,0,0,0,0,0,0,0,0,0,0,0,0,0,0,0,1,0.9953370045416646,1,0,0,False,0
0,23,100.0,369.0,69.0,163.0,91.0,0.0,0.0,0.0,72.0,1.0,2021.0,1,438.0,2.687116564417178,0.1575342465753424,1.63,163.0,0.558282208588957,0.0,0.0,0.0,0.4417177914110429,1.0,6.123233995736766e-17,1.0,1.0,23.0,0,0,0,0,0,0,0,0,0,0,0,0,0,False,0,0,0,0,0,0,0,0,1,0,0,0,0,0,0,0,0,0,0,0,0,0,0,0.0,0,0,0,False,0
5,30,169.94205366164837,373.6658006086228,64.55382158210234,196.9512029224325,-0.5290481578403644,0.0016732156970238,3.97465141135744,105.25869690525946,84.38315400361901,1.9697872551270377,2022.004014062093,6,440.42124527804384,0.1955962231662433,0.1453677247708581,1.137744986345174,198.103505205347,0.0037004997987648,2.573956609823592e-05,0.0205022293080933,0.5462309223821004,0.4348392727344762,-0.0019062927438344,-0.9885941996780512,1.004736121324618,0.9828890029816868,30.3087308060234,0,0,0,0,0,0,0,0,0,0,0,0,0,False,0,0,0,0,0,0,0,0,0,0,0,0,0,0,0,1,0,0,0,0,0,0,5,5.0157573548641725,0,0,0,False,1
2,10,49.215455629522886,140.64741496522998,13.57604711058648,53.10957462814504,27.77046654780112,0.9880973832619746,0.0194542861981565,2.076049305737916,24.00128646000649,0.9855686378665408,2023.0259208768991,9,150.27205128919667,2.9200378896042936,0.098672779154385,1.0935311771802554,53.89181261912796,0.5292177539162654,0.018831161637909,-2.739421529905748e-06,0.0161904968523392,0.4499491399642677,0.994726566558268,-0.0246868473733846,0.9925260726345804,0.0019252988097162,9.909055708658151,0,0,0,0,0,0,0,0,0,1,0,0,0,False,0,0,0,0,0,0,0,0,0,0,0,0,0,0,0,0,0,0,0,0,0,0,3,3.0032422402216428,0,0,1,False,0
6,2,17.756619253625193,34.46431946532446,5.667021919401847,19.09697818916661,11.0203886516445,-0.0003248025580951,0.0079240212700931,0.8786022302869521,8.540453197619264,1.98316412484279,2023.0125195062533,10,33.8991360431816,2.700191437469244,0.1587532188524425,1.1343690905937147,21.132592334037422,0.6317766798620611,-0.0002384235994954,0.0001548196934025,0.0120534994739207,0.3753490324020962,0.0155182389997961,-0.999187575475761,1.002652103122529,0.0010352327831189,1.9620912397436288,0,1,0,0,0,0,0,0,0,0,0,0,0,False,0,0,0,0,0,0,0,0,0,0,0,0,0,0,0,0,0,0,0,0,0,0,4,4.02471413588441,0,0,0,True,0
13,11,45.80492360484099,113.75058697438918,17.118919816563544,69.10704663557854,38.1255091661107,0.0062726054448727,0.0425234400436149,-0.8065510619830316,31.153718941578934,3.991262987856168,2022.9848706251837,12,110.21377076721788,-0.1547326025007709,0.1338668048094579,1.4514758663506282,66.39376140727502,0.5708559463478454,0.0001317490830166,-0.000265776948605,0.0033727605096586,0.4310229609311805,0.0151967322176919,0.9896234091162576,0.997289586617076,-0.007033720082588,11.06686119986081,0,0,0,0,0,0,0,0,0,0,1,0,0,False,0,0,0,0,0,0,0,0,0,0,0,0,0,0,0,0,0,0,0,0,0,0,4,4.038447077952975,0,0,0,True,0
9,3,33.51326864714901,83.54493816356468,19.046082403320263,40.00996988785419,14.48596483628796,-0.0016637718753084,0.0307534312638773,2.090948816916701,27.462386263799957,2.989347578422708,2023.009961375541,11,109.9279587615928,2.566966747355089,0.1748438386679078,1.2283484975543733,44.68766945697884,0.3338348028503271,-6.551262722977068e-05,-0.0001191481527418,0.0068088952554887,0.6690622461635296,-1.0039736418474456,0.0227783447621462,0.9997542146600544,0.0086363119107717,3.3930036709058733,0,0,1,0,0,0,0,0,0,0,0,0,0,False,0,0,0,0,0,0,0,0,0,0,0,0,0,0,0,0,0,0,0,0,0,0,3,2.991135033375302,0,0,1,False,0
9,34,27.560592047757325,78.76494975335298,-0.1490233758941468,27.57806870928908,9.36908657181109,0.0075690270532474,-0.0552268342207742,0.0208052550073313,18.651400313925333,2.991714545547908,2022.9993802866973,11,79.47082956022784,4.301365858298926,-0.0001275119082685,1.174486386376305,28.81658732943948,0.2843238863893728,-9.41833314783574e-05,-0.0001230790314163,-0.0024170469848174,0.7180714811247435,-1.0175260171738636,-0.0133503309890321,-0.0095885313773086,-0.0062779106876157,33.74271140261891,0,0,0,0,0,0,0,0,0,0,0,0,0,False,0,0,0,0,0,0,0,0,0,0,0,0,0,0,0,0,0,0,0,1,0,0,1,1.0433088855150483,1,0,0,False,0
1,34,69.54336477812112,251.376611503982,31.3530481388138,76.08733559428931,-0.2113470932961349,0.010591307652051,2.994613365606543,19.88045545091268,48.02993521897875,0.9501929849265004,2021.9995516935,5,292.4622609151007,3.971013424786869,0.1142930209995784,1.0295946208457998,73.93064561425292,0.005850515774352,-6.478500747542773e-05,0.0409045587126121,0.2795261498376418,0.6726384724935849,1.017054877017432,-0.0125659317882826,1.0031731901833565,1.023544031915815,33.7450091241689,0,0,0,0,0,0,0,0,0,0,0,0,0,False,0,0,0,0,0,0,0,0,0,0,0,0,0,0,0,0,0,0,0,1,0,0,1,1.0448588340739056,1,0,0,False,0
12,2,23.0,75.0,15.0,23.0,16.0,0.0,0.0,0.0,7.0,4.0,2022.0,8,90.0,3.9130434782608696,0.1666666666666666,1.0,23.0,0.6956521739130435,0.0,0.0,0.0,0.3043478260869565,-2.4492935982947064e-16,1.0,1.0,0.0,2.0,0,1,0,0,0,0,0,0,0,0,0,0,0,False,0,0,0,0,0,0,0,0,0,0,0,0,0,0,0,0,0,0,0,0,0,0,4,4.0,0,0,0,True,0
12,29,100.01789591492384,312.8272238215497,39.07766651348648,127.28243517465246,63.831840510463245,-0.0097230779222309,1.975515188259516,0.8585258356875205,60.01887910877452,3.9960025145182008,2022.0119568909367,8,360.8771200492085,2.573325743907786,0.1070328524899184,1.251069358602242,124.33924743703597,0.4960174697013116,-1.83713499616176e-05,0.0163491532198878,0.0012241614199618,0.4740919058310415,-0.0163637672558191,1.0108966829874733,1.0015750731429671,1.0003384590194218,29.227924900171665,0,0,0,0,0,0,0,0,0,0,0,0,0,False,0,0,0,0,0,0,0,0,0,0,0,0,0,0,1,0,0,0,0,0,0,0,5,5.006229722243372,0,0,0,False,1
12,18,205.0,810.0,142.0,203.0,133.0,0.0,0.0,10.0,60.0,4.0,2022.0,8,952.0,4.689655172413793,0.1491596638655462,0.9902439024390244,203.0,0.6551724137931034,0.0,0.0,0.0492610837438423,0.2955665024630542,-2.4492935982947064e-16,1.0,1.0,1.0,18.0,0,0,0,0,0,0,0,0,0,0,0,0,0,False,0,0,0,1,0,0,0,0,0,0,0,0,0,0,0,0,0,0,0,0,0,0,2,2.0,0,1,0,False,0
12,14,482.0,791.0,127.0,864.0,120.0,0.0,0.0,158.0,586.0,4.0,2022.0,8,918.0,1.0625,0.1383442265795207,1.7925311203319505,864.0,0.1388888888888889,0.0,0.0,0.1828703703703703,0.6782407407407407,-2.4492935982947064e-16,1.0,1.0,1.0,14.0,0,0,0,0,0,0,0,0,0,0,0,0,0,True,0,0,0,0,0,0,0,0,0,0,0,0,0,0,0,0,0,0,0,0,0,0,0,0.0,0,0,0,False,0
2,28,99.0,239.0,43.0,112.0,70.0,0.0,0.0,1.0,41.0,1.0,2023.0,9,282.0,2.517857142857143,0.1524822695035461,1.1313131313131313,112.0,0.625,0.0,0.0,0.0089285714285714,0.3660714285714285,1.0,6.123233995736766e-17,1.0,1.0,28.0,0,0,0,0,0,0,0,0,0,0,0,0,0,False,0,0,0,0,0,0,0,0,0,0,0,0,0,1,0,0,0,0,0,0,0,0,5,5.0,0,0,0,False,1
13,35,50.0,340.0,31.0,72.0,26.0,0.0,0.0,0.0,46.0,4.0,2023.0,12,371.0,5.152777777777778,0.0835579514824797,1.44,72.0,0.3611111111111111,0.0,0.0,0.0,0.6388888888888888,-2.4492935982947064e-16,1.0,1.0,1.0,35.0,0,0,0,0,0,0,0,0,0,0,0,0,0,False,0,0,0,0,0,0,0,0,0,0,0,0,0,0,0,0,0,0,0,0,1,0,1,1.0,1,0,0,False,0
4,36,46.0,213.0,50.0,57.0,35.0,0.0,0.0,0.0,22.0,2.0,2021.0,2,263.0,4.614035087719298,0.1901140684410646,1.2391304347826086,57.0,0.6140350877192983,0.0,0.0,0.0,0.3859649122807017,1.2246467991473532e-16,-1.0,1.0,1.0,36.0,0,0,0,0,0,0,0,0,0,0,0,0,0,False,0,0,0,0,0,0,0,0,0,0,0,0,0,0,0,0,0,0,0,0,0,1,2,2.0,0,1,0,False,0
2,35,36.53606048357744,213.3662333375625,26.750707566038724,54.59219593507228,35.665323076300744,0.0080916429643098,-0.081106585432437,-0.5963839631049147,21.99536846499424,1.0242614539984016,2023.0074534077369,9,249.33365255690592,4.13844120064268,0.107998785023249,1.5097745247094885,59.3605033909564,0.625232919133731,0.0001286499101582,8.187066320683243e-05,-0.0016679212334386,0.3671401841079148,1.0221110219834206,-0.0099941523406338,0.9872850830849116,1.0111371817662549,34.66846245533672,0,0,0,0,0,0,0,0,0,0,0,0,0,False,0,0,0,0,0,0,0,0,0,0,0,0,0,0,0,0,0,0,0,0,1,0,1,0.9940952743638538,1,0,0,False,0
3,5,13.0,26.0,5.0,21.0,13.0,0.0,0.0,0.0,8.0,1.0,2024.0,13,31.0,1.4761904761904765,0.1612903225806451,1.6153846153846154,21.0,0.6190476190476191,0.0,0.0,0.0,0.3809523809523809,1.0,6.123233995736766e-17,0.0,0.0,5.0,0,0,0,0,1,0,0,0,0,0,0,0,0,False,0,0,0,0,0,0,0,0,0,0,0,0,0,0,0,0,0,0,0,0,0,0,4,4.0,0,0,0,True,0
2,30,106.0,247.0,53.0,136.0,84.0,0.0,0.0,1.0,51.0,1.0,2023.0,9,300.0,2.2058823529411766,0.1766666666666666,1.2830188679245282,136.0,0.6176470588235294,0.0,0.0,0.0073529411764705,0.375,1.0,6.123233995736766e-17,1.0,1.0,30.0,0,0,0,0,0,0,0,0,0,0,0,0,0,False,0,0,0,0,0,0,0,0,0,0,0,0,0,0,0,1,0,0,0,0,0,0,5,5.0,0,0,0,False,1
5,32,22.0,54.0,6.0,23.0,0.0,0.0,0.0,7.0,16.0,2.0,2022.0,6,60.0,2.608695652173913,0.1,1.0454545454545454,23.0,0.0,0.0,0.0,0.3043478260869565,0.6956521739130435,1.2246467991473532e-16,-1.0,1.0,0.0,32.0,0,0,0,0,0,0,0,0,0,0,0,0,0,False,0,0,0,0,0,0,0,0,0,0,0,0,0,0,0,0,0,1,0,0,0,0,4,4.0,0,0,0,True,0
8,0,24.0,101.0,9.0,2.0,0.0,0.0,0.0,22.0,0.0,3.0,2022.0,7,110.0,55.0,0.0818181818181818,0.0833333333333333,22.0,0.0,0.0,0.0,1.0,0.0,-1.0,-1.8369701987210292e-16,1.0,0.0,0.0,0,0,0,0,0,0,0,0,0,0,0,0,0,False,0,0,0,0,0,0,0,0,0,0,0,0,0,0,0,0,0,0,0,0,0,0,3,3.0,0,0,1,False,0
6,29,87.35789862794275,234.89644457685012,54.347605406509615,92.68661896939642,53.96143174116679,0.0029853159464171,0.0264758252488951,-1.5045896298165566,39.148019829611016,2.000438719831944,2022.992276581012,10,285.80582080569536,3.971936159527918,0.1896322166771691,1.0736255169472024,94.63996455250263,0.5881341498600196,-5.761865490240085e-05,0.0001161138645238,2.086003346736855e-05,0.3984139056350301,0.0135077157878858,-0.99447387453426,1.006776481598978,0.9872909902161142,28.78260494781612,0,0,0,0,0,0,0,0,0,0,0,0,0,False,0,0,0,0,0,0,0,0,0,0,0,0,0,0,1,0,0,0,0,0,0,0,5,4.984176836585554,0,0,0,False,1
1,17,103.21340014331112,419.9414590828728,35.37536974814024,203.44702913286088,-0.0711799527921952,-0.0005698714067046,-0.0044530596659128,168.97115333945422,34.64871603553545,1.0018607425041324,2022.0367726653365,5,450.3883629285575,1.985605010645361,0.0824889762686047,1.9992168614656023,205.68308078230265,0.0075538501948242,-0.0001742011191282,0.0001303740521122,0.8302984206625564,0.1793463759005688,0.9795226281123016,0.0359920691517312,0.9953281222823585,0.9828528623856349,17.385653659616825,0,0,0,0,0,0,0,0,0,0,0,0,0,False,0,0,1,0,0,0,0,0,0,0,0,0,0,0,0,0,0,0,0,0,0,0,2,1.9991902011810776,0,1,0,False,0
3,13,44.0,164.0,24.0,50.0,39.0,0.0,0.0,0.0,11.0,1.0,2024.0,13,188.0,3.76,0.1276595744680851,1.1363636363636365,50.0,0.78,0.0,0.0,0.0,0.22,1.0,6.123233995736766e-17,1.0,0.0,13.0,0,0,0,0,0,0,0,0,0,0,0,0,1,False,0,0,0,0,0,0,0,0,0,0,0,0,0,0,0,0,0,0,0,0,0,0,3,3.0,0,0,1,False,0
6,14,320.2979489676952,656.1512298254434,65.04550308358448,500.3964452988216,285.2401009129495,0.9985040303937248,2.0147569248553774,1.0885823753864698,213.97018765494585,2.002495883873157,2022.9712818155656,10,715.4265799090045,1.3028141993381592,0.091894239899819,1.5744918317117924,496.98630487789376,0.5666048100025971,0.0019198987744533,0.0040631009001177,-0.0016206372953181,0.4282131473112696,-0.0054722305582116,-0.999106439301868,0.9995533320153408,0.9917959860437968,13.882484184096278,0,0,0,0,0,0,0,0,0,0,0,0,0,True,0,0,0,0,0,0,0,0,0,0,0,0,0,0,0,0,0,0,0,0,0,0,0,-0.0314661189992236,0,0,0,False,0
6,7,54.0,164.0,13.0,55.0,20.0,0.0,0.0,0.0,35.0,2.0,2023.0,10,177.0,3.2181818181818183,0.0734463276836158,1.0185185185185186,55.0,0.3636363636363636,0.0,0.0,0.0,0.6363636363636364,1.2246467991473532e-16,-1.0,1.0,0.0,7.0,0,0,0,0,0,0,1,0,0,0,0,0,0,False,0,0,0,0,0,0,0,0,0,0,0,0,0,0,0,0,0,0,0,0,0,0,1,1.0,1,0,0,False,0
1,29,102.7175361226716,371.9097422901875,29.322848290631537,139.87880351977995,1.8754504142581856,-0.004712460702831,-0.0093565037448505,75.43728406980112,65.12749191117751,1.0035711247817116,2022.011157376304,5,403.9927306050199,4.750816331194983,0.0710788501880821,1.3765593760751127,138.707443946844,0.009661108996423,-6.0889768736647336e-05,-0.0001767286243172,0.5384639666199527,0.4560515845590125,0.9941138668688524,0.0091025001824323,1.0002542268013348,1.007525022957334,28.790479860632868,0,0,0,0,0,0,0,0,0,0,0,0,0,False,0,0,0,0,0,0,0,0,0,0,0,0,0,0,1,0,0,0,0,0,0,0,5,4.981586931947311,0,0,0,False,1
9,27,213.0598299351176,582.9203533126697,83.03438564511619,395.7843612221225,262.78518747940166,-0.0033599961481823,0.0395532432674467,-0.7206394916657557,135.5576761699555,2.976322948813828,2023.0150427779536,11,662.7421850902551,1.2403948817826458,0.1238243811157691,1.8697727661187675,392.2572217698181,0.663175848339618,0.0002711507250608,9.408255924110714e-05,0.0031723452845229,0.3440740880962794,-1.037386068362694,0.0119634027503094,1.0057700422266764,0.9815854271578656,27.271530877270628,0,0,0,0,0,0,0,0,0,0,0,0,0,False,0,0,0,0,0,0,0,0,0,0,0,0,1,0,0,0,0,0,0,0,0,0,5,5.019194761050262,0,0,0,False,1
7,26,219.0,577.0,150.0,273.0,0.0,0.0,25.0,162.0,86.0,3.0,2021.0,3,727.0,2.663003663003663,0.2063273727647868,1.2465753424657535,273.0,0.0,0.0,0.0915750915750915,0.5934065934065934,0.315018315018315,-1.0,-1.8369701987210292e-16,1.0,1.0,26.0,0,0,0,0,0,0,0,0,0,0,0,0,0,False,0,0,0,0,0,0,0,0,0,0,0,1,0,0,0,0,0,0,0,0,0,0,0,0.0,0,0,0,False,0
2,22,97.0,313.0,64.0,131.0,73.0,0.0,0.0,1.0,57.0,1.0,2023.0,9,377.0,2.877862595419847,0.169761273209549,1.350515463917526,131.0,0.5572519083969466,0.0,0.0,0.0076335877862595,0.4351145038167939,1.0,6.123233995736766e-17,1.0,1.0,22.0,0,0,0,0,0,0,0,0,0,0,0,0,0,False,0,0,0,0,0,0,0,1,0,0,0,0,0,0,0,0,0,0,0,0,0,0,0,0.0,0,0,0,False,0
2,32,18.0,37.0,9.0,21.0,16.0,1.0,0.0,0.0,4.0,1.0,2023.0,9,46.0,2.1904761904761907,0.1956521739130435,1.1666666666666667,21.0,0.7619047619047619,0.0476190476190476,0.0,0.0,0.1904761904761904,1.0,6.123233995736766e-17,1.0,0.0,32.0,0,0,0,0,0,0,0,0,0,0,0,0,0,False,0,0,0,0,0,0,0,0,0,0,0,0,0,0,0,0,0,1,0,0,0,0,4,4.0,0,0,0,True,0
10,8,32.74061735655399,67.98504239153546,11.046034143607454,40.41402963923343,22.741380071534028,-0.00941560686893,-0.0052920821277755,2.017092924366516,15.195000242610352,3.993282765998395,2019.97516654268,0,74.4839042819178,1.6209768376792415,0.1467448454047646,1.1921306386772708,37.83582662302215,0.5850109432424162,-4.698169609146967e-05,-0.0005065148544098,-0.0029355329918123,0.4127006929998756,-0.0038180167857624,0.9973409595807996,1.0086224030755964,-0.0029424295886899,7.639868643161195,0,0,0,0,0,0,0,1,0,0,0,0,0,False,0,0,0,0,0,0,0,0,0,0,0,0,0,0,0,0,0,0,0,0,0,0,4,4.0117639886327,0,0,0,True,0
9,30,117.8004395340857,329.0484668739512,43.81472479032453,160.8226455359635,105.72828526707583,0.0054258418488093,0.0102104750997762,-0.4680686244689749,52.93400300134567,2.9989059713377246,2023.0188337319696,11,374.66185915474574,2.287445714926122,0.1185545955525551,1.3678958259537388,160.7340543961733,0.6577021891462372,0.0002094723432548,0.0002457532926877,-0.0005081628591277,0.3446323167721272,-0.9840044868263642,-0.0104729712661948,1.0023817215034176,0.9870042008597948,29.46299179759814,0,0,0,0,0,0,0,0,0,0,0,0,0,False,0,0,0,0,0,0,0,0,0,0,0,0,0,0,0,1,0,0,0,0,0,0,5,5.054535462744712,0,0,0,False,1
11,19,38.82913652295384,189.7042153480116,41.33775538897865,54.10619288801988,-1.0986669101055804,-0.0081970477004865,-0.0150046959878552,31.845074241231483,21.37955292965592,3.9911406555705127,2020.982398393168,4,234.86904480892176,5.383504210988157,0.1752971766768933,1.2770282382153386,52.780175699861495,0.0031958996139736,4.953424033549834e-05,-0.0001241561989849,0.5822466099445697,0.4106950603961269,0.0038621014242336,0.985356938288502,0.9970069177587396,1.0130513531498433,19.072118222467957,0,0,0,0,0,0,0,0,0,0,0,0,0,False,0,0,0,0,1,0,0,0,0,0,0,0,0,0,0,0,0,0,0,0,0,0,2,2.005341401329311,0,1,0,False,0
13,29,94.6499155193306,295.20134309878654,45.378355366790366,146.92267002268835,83.46205477141797,-0.002255362899723,4.010352204397789,2.573365771620271,54.45033009996248,4.0021549598881485,2023.009341343262,12,335.6720686319545,2.0768247794323456,0.1405615857088839,1.513884851509659,148.90140771610015,0.5744636880873026,9.853238338990573e-06,0.0276242541229994,0.0131196401474069,0.3877770620877276,-0.0178650285118229,0.9869243684469846,1.0003219206493938,0.9986455799576788,28.87285319181665,0,0,0,0,0,0,0,0,0,0,0,0,0,False,0,0,0,0,0,0,0,0,0,0,0,0,0,0,1,0,0,0,0,0,0,0,5,5.009531530148127,0,0,0,False,1
5,10,26.717938847431984,75.7790269864403,9.79816923345578,26.51031779507492,-0.7517243183301254,-0.0140973882774264,0.0402824095600671,10.69967905449115,14.494677268318936,1.9669560366534236,2021.995445058528,6,85.134519811782,2.9240068396258176,0.113686390581247,1.0482592523284988,24.46090152548623,0.0014268966551247,-2.1054929489725654e-05,7.26907650346094e-06,0.4170431531740636,0.5767594325389829,0.0384094517949609,-0.9992991918594276,1.0053771156897675,-0.005948045885308,10.326026000581026,0,0,0,0,0,0,0,0,0,1,0,0,0,False,0,0,0,0,0,0,0,0,0,0,0,0,0,0,0,0,0,0,0,0,0,0,3,2.9750443448308195,0,0,1,False,0
1,14,319.0,467.0,56.0,438.0,2.0,0.0,1.0,240.0,195.0,1.0,2022.0,5,523.0,1.1940639269406392,0.1070745697896749,1.3730407523510972,438.0,0.0045662100456621,0.0,0.002283105022831,0.547945205479452,0.4452054794520548,1.0,6.123233995736766e-17,1.0,1.0,14.0,0,0,0,0,0,0,0,0,0,0,0,0,0,True,0,0,0,0,0,0,0,0,0,0,0,0,0,0,0,0,0,0,0,0,0,0,0,0.0,0,0,0,False,0
1,28,127.0,355.0,54.0,157.0,0.0,0.0,0.0,95.0,62.0,1.0,2022.0,5,409.0,2.605095541401274,0.1320293398533007,1.236220472440945,157.0,0.0,0.0,0.0,0.6050955414012739,0.3949044585987261,1.0,6.123233995736766e-17,1.0,1.0,28.0,0,0,0,0,0,0,0,0,0,0,0,0,0,False,0,0,0,0,0,0,0,0,0,0,0,0,0,1,0,0,0,0,0,0,0,0,5,5.0,0,0,0,False,1
9,1,32.0,89.0,6.0,33.0,21.0,0.0,0.0,0.0,12.0,3.0,2023.0,11,95.0,2.878787878787879,0.0631578947368421,1.03125,33.0,0.6363636363636364,0.0,0.0,0.0,0.3636363636363636,-1.0,-1.8369701987210292e-16,1.0,0.0,1.0,1,0,0,0,0,0,0,0,0,0,0,0,0,False,0,0,0,0,0,0,0,0,0,0,0,0,0,0,0,0,0,0,0,0,0,0,1,1.0,1,0,0,False,0
12,36,30.0,103.0,23.0,35.0,13.0,0.0,0.0,0.0,22.0,4.0,2022.0,8,126.0,3.6,0.1825396825396825,1.1666666666666667,35.0,0.3714285714285714,0.0,0.0,0.0,0.6285714285714286,-2.4492935982947064e-16,1.0,1.0,0.0,36.0,0,0,0,0,0,0,0,0,0,0,0,0,0,False,0,0,0,0,0,0,0,0,0,0,0,0,0,0,0,0,0,0,0,0,0,1,2,2.0,0,1,0,False,0
1,23,94.0,315.0,86.0,146.0,0.0,0.0,0.0,109.0,37.0,1.0,2022.0,5,401.0,2.746575342465753,0.2144638403990025,1.553191489361702,146.0,0.0,0.0,0.0,0.7465753424657534,0.2534246575342466,1.0,6.123233995736766e-17,1.0,1.0,23.0,0,0,0,0,0,0,0,0,0,0,0,0,0,False,0,0,0,0,0,0,0,0,1,0,0,0,0,0,0,0,0,0,0,0,0,0,0,0.0,0,0,0,False,0
3,21,31.111183874561338,254.19372303833092,41.60251653432306,35.627845513018194,30.37814864896676,-0.0076416217384389,0.0185531313131649,0.3508074245608819,6.937104670107582,0.9796178470623008,2023.9855971174889,13,287.94989870818165,10.097440554543397,0.1395431789799877,1.0262595966279024,36.05478696019387,0.8480994029761945,-9.581263942578914e-05,-1.4332359234514315e-05,-0.0089801662004381,0.1431495751121824,1.003722120894575,-0.0194858498083127,1.0014618570495186,1.0090833584487695,21.26744221538466,0,0,0,0,0,0,0,0,0,0,0,0,0,False,0,0,0,0,0,0,1,0,0,0,0,0,0,0,0,0,0,0,0,0,0,0,2,2.0038049503506565,0,1,0,False,0
4,4,105.0,418.0,46.0,112.0,55.0,0.0,0.0,0.0,57.0,2.0,2021.0,2,464.0,4.142857142857143,0.0991379310344827,1.0666666666666669,112.0,0.4910714285714285,0.0,0.0,0.0,0.5089285714285714,1.2246467991473532e-16,-1.0,1.0,1.0,4.0,0,0,0,1,0,0,0,0,0,0,0,0,0,False,0,0,0,0,0,0,0,0,0,0,0,0,0,0,0,0,0,0,0,0,0,0,1,1.0,1,0,0,False,0
10,29,109.0,292.0,52.0,143.0,93.0,0.0,0.0,0.0,50.0,4.0,2020.0,0,344.0,2.4055944055944054,0.1511627906976744,1.311926605504587,143.0,0.6503496503496503,0.0,0.0,0.0,0.3496503496503496,-2.4492935982947064e-16,1.0,1.0,1.0,29.0,0,0,0,0,0,0,0,0,0,0,0,0,0,False,0,0,0,0,0,0,0,0,0,0,0,0,0,0,1,0,0,0,0,0,0,0,5,5.0,0,0,0,False,1
3,10,43.71226783270782,64.06208532119403,19.943586298890533,32.60108811157812,22.248939789426807,-0.008134976677198,-0.0180969483923796,-1.764697806691838,12.926712545949918,1.042165856965921,2024.0179522788424,13,77.02767972820384,2.342867268440143,0.2418455113336952,0.8096279189143291,34.21103175890808,0.6285374995780693,-0.0001185330319912,0.0001952366271552,-0.0042471721956214,0.3661461765501817,1.0130524211397307,-0.0034017132090224,1.0055049160493528,0.0138003457004976,9.801766992089163,0,0,0,0,0,0,0,0,0,1,0,0,0,False,0,0,0,0,0,0,0,0,0,0,0,0,0,0,0,0,0,0,0,0,0,0,3,3.0053034293238774,0,0,1,False,0
7,35,56.49804926960866,296.50978439257415,40.7554920630384,62.8913365165479,-0.0540907123390355,0.0073142410345721,0.0012147848159654,35.00259316616245,33.64718067405995,2.9717020445593243,2021.0081453948883,3,336.06381900843616,5.406891608456368,0.1211659930595352,1.2093164896290396,64.00518095759911,0.002086248169214,-6.207689883097511e-06,1.0283127059197288e-05,0.5037438459916318,0.4985301055951645,-0.97356373586797,-0.0293480634300211,1.0005123512175431,0.9912514677169024,35.15285104447934,0,0,0,0,0,0,0,0,0,0,0,0,0,False,0,0,0,0,0,0,0,0,0,0,0,0,0,0,0,0,0,0,0,0,1,0,1,0.9736540480114184,1,0,0,False,0
6,17,103.9433274058708,300.06943900246773,53.25860879939162,194.45932651761865,135.7965708951202,-0.0003513636693609,-0.0314868974206806,-0.0752929019802934,58.43126608957021,1.9643946583070968,2023.029995860368,10,345.7112665975082,1.515714913330984,0.1514189672253173,1.8125700283547717,194.55969890366651,0.702057310991531,-0.0001142097699117,0.000225551699593,-0.0042697121723336,0.2978703621063808,-0.0034372606008792,-0.9743455947908454,1.00333461538644,0.9934472682412682,16.97895207393611,0,0,0,0,0,0,0,0,0,0,0,0,0,False,0,0,1,0,0,0,0,0,0,0,0,0,0,0,0,0,0,0,0,0,0,0,2,2.1156778986720277,0,1,0,False,0
7,6,52.10962858704113,160.87177792784053,17.922540901587702,51.867346183020246,1.5217247766125914,-0.001433702004751,-0.0312486302453717,37.59316770908905,14.71225551461978,3.0043086518351743,2020.989103869672,3,182.48962515873683,3.6477060446368266,0.1032029311304003,0.9861465524312768,52.64235657343833,0.0235529386548116,-0.0001288578159444,0.0001509127256682,0.7044734467018754,0.2830332099182117,-1.0073985493752855,0.0026660666168266,0.99837610508935,0.0110087259464894,5.699336527165615,0,0,0,0,0,1,0,0,0,0,0,0,0,False,0,0,0,0,0,0,0,0,0,0,0,0,0,0,0,0,0,0,0,0,0,0,0,0.0133743828344641,0,0,0,False,0
7,17,93.75768808066246,308.84312016421603,64.5751726402363,138.39073460752152,1.0461720960495946,1.986180364472296,0.0041709879760184,87.90406170507035,47.69531012382932,3.0101647150036857,2020.9613251862309,3,376.7292542608796,3.86456390426732,0.1731844348324339,1.4534938273329054,139.97254854531027,0.0045980253195984,0.0144598617060339,0.0003580721632526,0.6490363186497827,0.3349087564348316,-0.9960684542900844,-0.0198008339494169,1.0017196424394377,1.016159721848442,16.94299754646719,0,0,0,0,0,0,0,0,0,0,0,0,0,False,0,0,1,0,0,0,0,0,0,0,0,0,0,0,0,0,0,0,0,0,0,0,2,2.0852340729774075,0,1,0,False,0
11,17,129.0,510.0,62.0,221.0,0.0,0.0,0.0,142.0,79.0,4.0,2021.0,4,572.0,2.588235294117647,0.1083916083916083,1.7131782945736431,221.0,0.0,0.0,0.0,0.6425339366515838,0.3574660633484163,-2.4492935982947064e-16,1.0,1.0,1.0,17.0,0,0,0,0,0,0,0,0,0,0,0,0,0,False,0,0,1,0,0,0,0,0,0,0,0,0,0,0,0,0,0,0,0,0,0,0,2,2.0,0,1,0,False,0
8,5,11.501205673950269,16.460155511551076,0.9620109147945776,0.3948397667743995,-1.8450974326093896,-0.0172467455982296,0.0340743173804774,14.504473275234291,0.6885454012545599,3.051218588739092,2022.0278379375195,7,14.09322738054701,17.285529057414635,0.0594009489479906,0.0007488557938222,13.47715778728482,-0.0036773679848417,-2.842768006786763e-06,-0.0002761178754371,1.004563205262461,-0.0044967947871038,-0.9750748167560968,0.0037751063583685,-0.0063876889010843,0.005838607263114,5.132136054571495,0,0,0,0,1,0,0,0,0,0,0,0,0,False,0,0,0,0,0,0,0,0,0,0,0,0,0,0,0,0,0,0,0,0,0,0,4,4.022231431346693,0,0,0,True,0
3,14,273.0,504.0,62.0,368.0,280.0,0.0,0.0,2.0,86.0,1.0,2024.0,13,566.0,1.5380434782608696,0.1095406360424028,1.347985347985348,368.0,0.7608695652173914,0.0,0.0,0.0054347826086956,0.233695652173913,1.0,6.123233995736766e-17,1.0,1.0,14.0,0,0,0,0,0,0,0,0,0,0,0,0,0,True,0,0,0,0,0,0,0,0,0,0,0,0,0,0,0,0,0,0,0,0,0,0,0,0.0,0,0,0,False,0
2,36,16.76620979050356,109.86725330884912,13.94934424435846,22.52734223772477,14.010115919913858,0.0026535231320061,0.0400682550196113,-0.5189706542427023,10.33996590696373,1.0065989074095882,2023.015273502516,9,130.93670957966893,7.046929028952274,0.1124247941685822,1.19719759317187,24.93489005035264,0.5913400363836689,0.00020581506917,-0.0001302723531608,0.0073247108332432,0.4114635619482292,1.0014558674114673,-0.0106612638839001,1.0011470501027435,0.0020704624337169,36.02159444223444,0,0,0,0,0,0,0,0,0,0,0,0,0,False,0,0,0,0,0,0,0,0,0,0,0,0,0,0,0,0,0,0,0,0,0,1,2,2.0038349892109637,0,1,0,False,0
0,28,115.0,290.0,43.0,152.0,96.0,0.0,0.0,2.0,54.0,1.0,2021.0,1,333.0,2.1907894736842106,0.1291291291291291,1.3217391304347823,152.0,0.631578947368421,0.0,0.0,0.0131578947368421,0.3552631578947368,1.0,6.123233995736766e-17,1.0,1.0,28.0,0,0,0,0,0,0,0,0,0,0,0,0,0,False,0,0,0,0,0,0,0,0,0,0,0,0,0,1,0,0,0,0,0,0,0,0,5,5.0,0,0,0,False,1
7,30,137.0,344.0,58.0,159.0,0.0,0.0,4.0,88.0,67.0,3.0,2021.0,3,402.0,2.5283018867924527,0.1442786069651741,1.1605839416058394,159.0,0.0,0.0,0.0251572327044025,0.5534591194968553,0.4213836477987421,-1.0,-1.8369701987210292e-16,1.0,1.0,30.0,0,0,0,0,0,0,0,0,0,0,0,0,0,False,0,0,0,0,0,0,0,0,0,0,0,0,0,0,0,1,0,0,0,0,0,0,5,5.0,0,0,0,False,1
4,24,145.04581770350995,268.70815043521566,47.07916255345238,145.04782474326686,75.26801148825157,0.0047220065315563,0.015704116214281,2.6157232740102145,67.02128593062963,1.9869543972916035,2020.98528771036,2,313.1736853609186,1.563428374961174,0.1513733212174455,1.0022011903217474,145.38730575966323,0.517713189821243,-0.0002143876463413,-1.4693139637678388e-05,0.0312503676817456,0.46018759402549,0.0149335519486929,-1.0288721061159594,0.9979410193425592,0.9895554426653806,23.81791824016891,0,0,0,0,0,0,0,0,0,0,0,0,0,False,0,0,0,0,0,0,0,0,0,1,0,0,0,0,0,0,0,0,0,0,0,0,5,5.035638021417233,0,0,0,False,1
0,20,71.0469759048293,292.27283968611533,29.071510287728213,95.9080434325031,74.53336495220977,0.0030319446156323,-0.0085235783591436,0.0163942620905655,18.82885541255824,1.0214898065998783,2021.0386618491905,1,309.69393205779994,2.0321713361480223,0.092070562624011,1.3079725210798496,93.30305210788336,0.785984425985839,-0.000240396806576,-9.612661788705156e-05,0.0159331721618561,0.2014596512203505,0.9930416383728478,0.0207493289527563,1.0063816171328286,0.9815207786143344,20.1357557096973,0,0,0,0,0,0,0,0,0,0,0,0,0,False,0,0,0,0,0,1,0,0,0,0,0,0,0,0,0,0,0,0,0,0,0,0,2,1.969976768748426,0,1,0,False,0
13,27,200.3328094243977,516.4679940327685,101.82629811702976,377.4704926149899,266.22900474437245,-0.014439807242312,-0.0171416809224518,-0.8307552432211779,115.15810438036912,3.974509256377686,2022.9983302942264,12,625.6519876472399,0.881944048500598,0.1626549145781907,1.888655910018546,376.1676566529485,0.7034197466843571,-5.078160113233057e-05,-0.0001307953050132,0.0113933194110046,0.3082322839206268,0.0095879084633043,1.0090705269442688,1.0022883855371678,0.9914054569280998,26.83792276849432,0,0,0,0,0,0,0,0,0,0,0,0,0,False,0,0,0,0,0,0,0,0,0,0,0,0,1,0,0,0,0,0,0,0,0,0,5,5.001525370073435,0,0,0,False,1
12,35,57.0,237.0,35.0,68.0,25.0,0.0,0.0,0.0,43.0,4.0,2022.0,8,272.0,4.0,0.1286764705882352,1.1929824561403508,68.0,0.3676470588235294,0.0,0.0,0.0,0.6323529411764706,-2.4492935982947064e-16,1.0,1.0,1.0,35.0,0,0,0,0,0,0,0,0,0,0,0,0,0,False,0,0,0,0,0,0,0,0,0,0,0,0,0,0,0,0,0,0,0,0,1,0,1,1.0,1,0,0,False,0
7,1,83.26537059171875,208.1694939156717,25.70589889328748,93.33151263663488,-0.4167672855150308,-0.020263400326028,0.016903222111351,67.02324872772974,27.80002169922368,2.971612459929461,2020.9745999065535,3,233.44875658977253,2.301129614133866,0.1084767208438645,1.1784419731711109,93.89004871596345,0.0139784525586743,0.0001321292671608,0.0002412290142707,0.7026615616682441,0.3101575634813151,-0.9849206882648072,-0.0054933744758644,1.005596002205494,0.9806840354468794,0.9889100072345288,1,0,0,0,0,0,0,0,0,0,0,0,0,False,0,0,0,0,0,0,0,0,0,0,0,0,0,0,0,0,0,0,0,0,0,0,1,0.9887841905124792,1,0,0,False,0
5,27,239.0,595.0,90.0,344.0,2.0,0.0,0.0,243.0,99.0,2.0,2022.0,6,685.0,1.9912790697674416,0.1313868613138686,1.4393305439330544,344.0,0.005813953488372,0.0,0.0,0.7063953488372093,0.2877906976744186,1.2246467991473532e-16,-1.0,1.0,1.0,27.0,0,0,0,0,0,0,0,0,0,0,0,0,0,False,0,0,0,0,0,0,0,0,0,0,0,0,1,0,0,0,0,0,0,0,0,0,5,5.0,0,0,0,False,1
1,31,74.26360622870709,272.7332772981033,35.425178104667346,77.43881148788093,0.1604873865112797,0.0042654248085608,-0.0468930598928987,26.58840818592724,49.759170983581214,1.0337007999673642,2021.9522861053424,5,308.17653765259394,4.493740611005613,0.1198971542499698,1.035655752270778,79.95575728412318,0.016119473120953,6.547508569399685e-05,-0.0001594352787269,0.3499464471403389,0.6440986785234065,1.002093574202543,0.0153254047534342,0.9940085983375614,1.0059129237911069,31.05122611329878,0,0,0,0,0,0,0,0,0,0,0,0,0,False,0,0,0,0,0,0,0,0,0,0,0,0,0,0,0,0,1,0,0,0,0,0,0,-0.0016854070127592,0,0,0,False,0
5,31,61.60138571467896,185.501256696008,38.875230585623214,77.41888155878507,-1.3410077897433388,-0.0035073080192944,0.987191897773989,25.846846692034543,46.23513201012948,1.968971630400028,2022.0036001093608,6,227.8783538100818,3.2540647994727028,0.1741622943386516,1.199527876241073,77.13782301240244,-0.0019027952042264,0.0001760746255815,0.013117014606116,0.3542007260131666,0.6327286852614475,-0.0065242209407908,-0.9947761959931134,1.0010435014881092,0.9884791943371386,31.145378238411368,0,0,0,0,0,0,0,0,0,0,0,0,0,False,0,0,0,0,0,0,0,0,0,0,0,0,0,0,0,0,1,0,0,0,0,0,0,-0.0060095997168243,0,0,0,False,0
12,9,48.0,174.0,30.0,56.0,27.0,0.0,0.0,0.0,29.0,4.0,2022.0,8,204.0,3.642857142857143,0.1470588235294117,1.1666666666666667,56.0,0.4821428571428571,0.0,0.0,0.0,0.5178571428571429,-2.4492935982947064e-16,1.0,1.0,0.0,9.0,0,0,0,0,0,0,0,0,1,0,0,0,0,False,0,0,0,0,0,0,0,0,0,0,0,0,0,0,0,0,0,0,0,0,0,0,4,4.0,0,0,0,True,0
6,27,282.9285136267561,621.4501922599162,96.5196342460002,502.6730460468792,339.71812933932733,0.0071995254739965,0.0138143097119015,2.4566196661345177,160.62853580089842,2.012765155842217,2022.9472824331112,10,712.9201397451914,1.6973686122408855,0.1361854428346542,1.7619519562542436,501.1460368277414,0.6908594257784875,-2.183820187830079e-05,-0.0001687325250561,0.0060072692310738,0.3178256561782184,-0.0056215626921235,-1.029078012933594,0.992713178621646,0.9890887321812636,26.995170535955097,0,0,0,0,0,0,0,0,0,0,0,0,0,False,0,0,0,0,0,0,0,0,0,0,0,0,1,0,0,0,0,0,0,0,0,0,5,4.9837496133054495,0,0,0,False,1
13,6,40.60655323680289,112.17479504199876,23.49367216693156,38.0806720573694,28.27788182720539,-0.006681210960412,0.0425587415088763,-1.5021085080402818,14.771420710568314,3.9931951344369616,2022.999244227195,12,137.4321060810469,2.292009340012821,0.1673732528901509,1.0076326726053997,44.651257153617415,0.6424943270559338,-7.184528824769653e-05,0.0002314132232155,-0.0005052960591961,0.3543908405912612,0.0121147956473899,1.0021104458172192,0.9918500008669912,0.0026161006767395,5.883578701769851,0,0,0,0,0,1,0,0,0,0,0,0,0,False,0,0,0,0,0,0,0,0,0,0,0,0,0,0,0,0,0,0,0,0,0,0,0,0.0005170840613663,0,0,0,False,0
0,12,31.0,101.0,13.0,41.0,29.0,1.0,0.0,0.0,11.0,1.0,2021.0,1,114.0,2.7804878048780486,0.1140350877192982,1.3225806451612905,41.0,0.7073170731707317,0.024390243902439,0.0,0.0,0.2682926829268293,1.0,6.123233995736766e-17,1.0,0.0,12.0,0,0,0,0,0,0,0,0,0,0,0,1,0,False,0,0,0,0,0,0,0,0,0,0,0,0,0,0,0,0,0,0,0,0,0,0,5,5.0,0,0,0,False,1
9,12,30.56732760141901,53.25147103770151,22.521906167102784,50.25272583465551,26.81578442878862,1.0117317806618122,0.0434526213273744,0.0849072019146278,20.979418414685423,3.0238038720549976,2023.029927358032,11,74.34333436671555,1.474990555017485,0.3021713331286459,1.7147113993408163,50.243488663618365,0.555549054466371,0.0199575141653671,-0.0004216755513252,-0.0135180825241239,0.4232780826384542,-0.9894994881384366,0.0022866470634536,0.9975133211231092,0.0024909521536845,11.99600323412902,0,0,0,0,0,0,0,0,0,0,0,1,0,False,0,0,0,0,0,0,0,0,0,0,0,0,0,0,0,0,0,0,0,0,0,0,5,4.9469153757423125,0,0,0,False,1
10,2,22.0,28.0,7.0,24.0,15.0,0.0,0.0,1.0,8.0,4.0,2020.0,0,35.0,1.4583333333333333,0.2,1.0909090909090908,24.0,0.625,0.0,0.0,0.0416666666666666,0.3333333333333333,-2.4492935982947064e-16,1.0,1.0,0.0,2.0,0,1,0,0,0,0,0,0,0,0,0,0,0,False,0,0,0,0,0,0,0,0,0,0,0,0,0,0,0,0,0,0,0,0,0,0,4,4.0,0,0,0,True,0
5,30,168.82641559524694,383.4635535606081,65.02801325571751,195.88360507460047,0.280381663159019,0.0026207043664083,4.020763290130994,105.2604112259812,86.63558872887454,1.9915357647060423,2021.94957492394,6,443.798733212856,1.9674410181884907,0.145872023991074,1.1568618130468724,196.79249237383095,-0.0015965545261566,-0.0002283745290575,0.020723014732976,0.5455056432266397,0.4349930391489081,-0.0063541904701336,-0.9990028021555646,1.0013621014022087,0.984226121394469,29.676789419248983,0,0,0,0,0,0,0,0,0,0,0,0,0,False,0,0,0,0,0,0,0,0,0,0,0,0,0,0,0,1,0,0,0,0,0,0,5,4.960852872988091,0,0,0,False,1
2,17,129.0,400.0,26.0,226.0,185.0,0.0,0.0,0.0,41.0,1.0,2023.0,9,426.0,1.8849557522123888,0.0610328638497652,1.751937984496124,226.0,0.8185840707964602,0.0,0.0,0.0,0.1814159292035398,1.0,6.123233995736766e-17,1.0,1.0,17.0,0,0,0,0,0,0,0,0,0,0,0,0,0,False,0,0,1,0,0,0,0,0,0,0,0,0,0,0,0,0,0,0,0,0,0,0,2,2.0,0,1,0,False,0
10,36,55.46723059484803,249.27755123566968,39.659938778427495,74.06622557976716,42.92874716583538,-0.0046344670617091,-0.066167544837038,-0.2345858935556227,30.680981120882336,3.9924684465028624,2019.981657783411,0,292.78737577550635,3.870355358078183,0.1371084616497452,1.3088533034849197,70.20061518289815,0.5509112277376305,0.0001732509992336,-5.8642460892716406e-05,0.0050434613886983,0.4433402608141266,0.002289449369341,0.9921136445513172,1.0093044959650206,0.9911348908903944,35.61399833901243,0,0,0,0,0,0,0,0,0,0,0,0,0,False,0,0,0,0,0,0,0,0,0,0,0,0,0,0,0,0,0,0,0,0,0,1,2,2.0189909928818315,0,1,0,False,0
9,6,55.12888904404004,181.6195757587274,11.923791144797296,55.78602049803741,44.16898456207986,0.0044478023367401,-0.0216939291010055,0.2802211957400994,13.56192310860903,2.9857231162622213,2022.9940275338604,11,187.81200669595583,1.1116977451515595,0.0712101850015434,1.0337887828958672,56.26707484873027,0.7682016754917966,0.0001502322915677,0.0002748708230476,0.0022184853494187,0.2236645484434858,-1.0147618232631976,-0.0278505215275726,0.9934855370750916,0.002333390745875,6.157217570832169,0,0,0,0,0,1,0,0,0,0,0,0,0,False,0,0,0,0,0,0,0,0,0,0,0,0,0,0,0,0,0,0,0,0,0,0,0,0.0480580342593565,0,0,0,False,0
2,11,55.0,183.0,41.0,94.0,25.0,0.0,0.0,0.0,69.0,1.0,2023.0,9,224.0,2.382978723404255,0.1830357142857142,1.709090909090909,94.0,0.2659574468085106,0.0,0.0,0.0,0.7340425531914894,1.0,6.123233995736766e-17,1.0,1.0,11.0,0,0,0,0,0,0,0,0,0,0,1,0,0,False,0,0,0,0,0,0,0,0,0,0,0,0,0,0,0,0,0,0,0,0,0,0,4,4.0,0,0,0,True,0
11,24,157.0406522628536,263.7196187618077,42.034222070850994,155.0498350119975,1.431971835709045,0.0001415025120977,2.989030001495987,84.2407105009939,66.47602081877376,4.008163724391802,2021.0047210852824,4,296.45314479731263,1.032385070522283,0.1397808939715308,0.9847557556024956,154.1683107917329,0.0143168261438675,7.796996501762787e-05,0.0191322407041131,0.5321074875080493,0.432270944732747,-0.00951931777703,1.006559993900953,0.9971274642386312,0.996411562605952,24.076452149924563,0,0,0,0,0,0,0,0,0,0,0,0,0,False,0,0,0,0,0,0,0,0,0,1,0,0,0,0,0,0,0,0,0,0,0,0,5,5.012519623811023,0,0,0,False,1
3,0,19.0,45.0,5.0,17.0,6.0,0.0,0.0,0.0,11.0,1.0,2024.0,13,50.0,2.9411764705882355,0.1,0.8947368421052632,17.0,0.3529411764705882,0.0,0.0,0.0,0.6470588235294118,1.0,6.123233995736766e-17,0.0,0.0,0.0,0,0,0,0,0,0,0,0,0,0,0,0,0,False,0,0,0,0,0,0,0,0,0,0,0,0,0,0,0,0,0,0,0,0,0,0,3,3.0,0,0,1,False,0
13,32,16.84770580338144,28.36014697440331,2.392807108031505,16.41220645453996,10.711421752933568,-0.0064818271276827,-0.0180774248798945,-1.239919266028655,5.854621536226119,4.019077131627936,2022.9951466898715,12,33.98286378520197,3.258519168145614,0.0988635836348506,1.0510832661835268,16.910403715503037,0.5903763364022601,2.015876547494537e-05,-0.0003021264061538,0.0175431516309658,0.4121930352629271,-0.0399098366308762,1.0258757581316738,0.0053224536538851,-0.0080559073289514,31.931519637141864,0,0,0,0,0,0,0,0,0,0,0,0,0,False,0,0,0,0,0,0,0,0,0,0,0,0,0,0,0,0,0,1,0,0,0,0,4,3.992008362182836,0,0,0,True,0
10,33,32.0,138.0,47.0,60.0,49.0,0.0,0.0,0.0,11.0,4.0,2020.0,0,185.0,3.083333333333333,0.254054054054054,1.875,60.0,0.8166666666666667,0.0,0.0,0.0,0.1833333333333333,-2.4492935982947064e-16,1.0,1.0,0.0,33.0,0,0,0,0,0,0,0,0,0,0,0,0,0,False,0,0,0,0,0,0,0,0,0,0,0,0,0,0,0,0,0,0,1,0,0,0,2,2.0,0,1,0,False,0
10,31,45.0,123.0,17.0,48.0,18.0,2.0,0.0,0.0,28.0,4.0,2020.0,0,140.0,2.9166666666666665,0.1214285714285714,1.0666666666666669,48.0,0.375,0.0416666666666666,0.0,0.0,0.5833333333333334,-2.4492935982947064e-16,1.0,1.0,0.0,31.0,0,0,0,0,0,0,0,0,0,0,0,0,0,False,0,0,0,0,0,0,0,0,0,0,0,0,0,0,0,0,1,0,0,0,0,0,0,0.0,0,0,0,False,0
5,9,66.0,173.0,32.0,96.0,1.0,0.0,2.0,35.0,58.0,2.0,2022.0,6,205.0,2.1354166666666665,0.1560975609756097,1.4545454545454546,96.0,0.0104166666666666,0.0,0.0208333333333333,0.3645833333333333,0.6041666666666666,1.2246467991473532e-16,-1.0,1.0,0.0,9.0,0,0,0,0,0,0,0,0,1,0,0,0,0,False,0,0,0,0,0,0,0,0,0,0,0,0,0,0,0,0,0,0,0,0,0,0,4,4.0,0,0,0,True,0
1,31,75.04095815790082,265.83829927403093,36.96234549295918,75.44850456545439,2.8624398519606222,-0.0038698911220224,0.0196486214290375,25.88139815718143,50.64949278526981,0.9804236023896352,2021.9988770239015,5,310.9511071288694,4.863708947347802,0.1175132923727107,1.0419864747319358,73.99878850428604,0.0089541261273553,-9.088303838002358e-05,-0.0001155396034568,0.3270490204557345,0.6436798678211983,0.9798487870334448,0.0078045147343707,0.9994224742889672,1.0066124214671976,31.49398032685996,0,0,0,0,0,0,0,0,0,0,0,0,0,False,0,0,0,0,0,0,0,0,0,0,0,0,0,0,0,0,1,0,0,0,0,0,0,-0.0249319637689261,0,0,0,False,0
1,7,25.0,114.0,25.0,26.0,0.0,0.0,0.0,15.0,11.0,1.0,2022.0,5,139.0,5.346153846153846,0.1798561151079136,1.04,26.0,0.0,0.0,0.0,0.5769230769230769,0.4230769230769231,1.0,6.123233995736766e-17,1.0,0.0,7.0,0,0,0,0,0,0,1,0,0,0,0,0,0,False,0,0,0,0,0,0,0,0,0,0,0,0,0,0,0,0,0,0,0,0,0,0,1,1.0,1,0,0,False,0
2,0,12.0,45.0,16.0,14.0,7.0,0.0,0.0,0.0,7.0,1.0,2023.0,9,61.0,4.357142857142857,0.2622950819672131,1.1666666666666667,14.0,0.5,0.0,0.0,0.0,0.5,1.0,6.123233995736766e-17,1.0,0.0,0.0,0,0,0,0,0,0,0,0,0,0,0,0,0,False,0,0,0,0,0,0,0,0,0,0,0,0,0,0,0,0,0,0,0,0,0,0,3,3.0,0,0,1,False,0
10,3,72.0,152.0,20.0,83.0,43.0,1.0,0.0,0.0,39.0,4.0,2020.0,0,172.0,2.072289156626506,0.1162790697674418,1.1527777777777777,83.0,0.5180722891566265,0.0120481927710843,0.0,0.0,0.4698795180722891,-2.4492935982947064e-16,1.0,1.0,0.0,3.0,0,0,1,0,0,0,0,0,0,0,0,0,0,False,0,0,0,0,0,0,0,0,0,0,0,0,0,0,0,0,0,0,0,0,0,0,3,3.0,0,0,1,False,0
1,19,92.0,417.0,138.0,124.0,0.0,0.0,1.0,80.0,43.0,1.0,2022.0,5,555.0,4.475806451612903,0.2486486486486486,1.3478260869565215,124.0,0.0,0.0,0.0080645161290322,0.6451612903225806,0.3467741935483871,1.0,6.123233995736766e-17,1.0,1.0,19.0,0,0,0,0,0,0,0,0,0,0,0,0,0,False,0,0,0,0,1,0,0,0,0,0,0,0,0,0,0,0,0,0,0,0,0,0,2,2.0,0,1,0,False,0
3,33,24.0,122.0,41.0,52.0,41.0,0.0,0.0,0.0,11.0,1.0,2024.0,13,163.0,3.1346153846153846,0.2515337423312883,2.1666666666666665,52.0,0.7884615384615384,0.0,0.0,0.0,0.2115384615384615,1.0,6.123233995736766e-17,1.0,0.0,33.0,0,0,0,0,0,0,0,0,0,0,0,0,0,False,0,0,0,0,0,0,0,0,0,0,0,0,0,0,0,0,0,0,1,0,0,0,2,2.0,0,1,0,False,0
10,19,102.80803735054006,499.7280168459631,194.1055788387084,132.40672894843365,90.4925303367408,-0.0048989372887159,-0.0161639424957328,2.569970576690173,37.03770582188183,4.018076152187724,2020.0179505364067,0,684.515326388563,5.139407368432725,0.2825907414381121,1.2743681368966644,129.04885099190716,0.6857496902274123,7.211942275987864e-05,8.7538337697694e-05,0.0177682040723984,0.3018488044392895,0.0176615924191739,0.9997562953804292,0.9993829118563098,0.9845572651851696,18.688665060290983,0,0,0,0,0,0,0,0,0,0,0,0,0,False,0,0,0,0,1,0,0,0,0,0,0,0,0,0,0,0,0,0,0,0,0,0,2,2.027142863600242,0,1,0,False,0
12,10,55.0,118.0,19.0,61.0,16.0,0.0,0.0,0.0,45.0,4.0,2022.0,8,137.0,2.2459016393442623,0.1386861313868613,1.1090909090909091,61.0,0.2622950819672131,0.0,0.0,0.0,0.7377049180327869,-2.4492935982947064e-16,1.0,1.0,0.0,10.0,0,0,0,0,0,0,0,0,0,1,0,0,0,False,0,0,0,0,0,0,0,0,0,0,0,0,0,0,0,0,0,0,0,0,0,0,3,3.0,0,0,1,False,0
4,35,32.0,168.0,17.0,47.0,24.0,0.0,0.0,0.0,23.0,2.0,2021.0,2,185.0,3.9361702127659575,0.0918918918918919,1.46875,47.0,0.5106382978723404,0.0,0.0,0.0,0.4893617021276595,1.2246467991473532e-16,-1.0,1.0,0.0,35.0,0,0,0,0,0,0,0,0,0,0,0,0,0,False,0,0,0,0,0,0,0,0,0,0,0,0,0,0,0,0,0,0,0,0,1,0,1,1.0,1,0,0,False,0
9,23,73.0,222.0,51.0,110.0,30.0,0.0,0.0,0.0,80.0,3.0,2023.0,11,273.0,2.481818181818182,0.1868131868131868,1.5068493150684932,110.0,0.2727272727272727,0.0,0.0,0.0,0.7272727272727273,-1.0,-1.8369701987210292e-16,1.0,1.0,23.0,0,0,0,0,0,0,0,0,0,0,0,0,0,False,0,0,0,0,0,0,0,0,1,0,0,0,0,0,0,0,0,0,0,0,0,0,0,0.0,0,0,0,False,0
4,3,66.0,138.0,18.0,100.0,37.0,0.0,0.0,0.0,63.0,2.0,2021.0,2,156.0,1.56,0.1153846153846153,1.5151515151515151,100.0,0.37,0.0,0.0,0.0,0.63,1.2246467991473532e-16,-1.0,1.0,0.0,3.0,0,0,1,0,0,0,0,0,0,0,0,0,0,False,0,0,0,0,0,0,0,0,0,0,0,0,0,0,0,0,0,0,0,0,0,0,3,3.0,0,0,1,False,0
4,10,29.0,82.0,15.0,35.0,20.0,0.0,0.0,0.0,15.0,2.0,2021.0,2,97.0,2.771428571428572,0.1546391752577319,1.206896551724138,35.0,0.5714285714285714,0.0,0.0,0.0,0.4285714285714285,1.2246467991473532e-16,-1.0,1.0,0.0,10.0,0,0,0,0,0,0,0,0,0,1,0,0,0,False,0,0,0,0,0,0,0,0,0,0,0,0,0,0,0,0,0,0,0,0,0,0,3,3.0,0,0,1,False,0
8,27,306.0,718.0,102.0,27.0,1.0,0.0,0.0,313.0,0.0,3.0,2022.0,7,820.0,30.37037037037037,0.124390243902439,0.088235294117647,314.0,0.0031847133757961,0.0,0.0,0.9968152866242038,0.0,-1.0,-1.8369701987210292e-16,1.0,1.0,27.0,0,0,0,0,0,0,0,0,0,0,0,0,0,False,0,0,0,0,0,0,0,0,0,0,0,0,1,0,0,0,0,0,0,0,0,0,5,5.0,0,0,0,False,1
4,8,29.0,74.0,5.0,34.0,17.0,0.0,0.0,0.0,17.0,2.0,2021.0,2,79.0,2.323529411764706,0.0632911392405063,1.1724137931034482,34.0,0.5,0.0,0.0,0.0,0.5,1.2246467991473532e-16,-1.0,0.0,0.0,8.0,0,0,0,0,0,0,0,1,0,0,0,0,0,False,0,0,0,0,0,0,0,0,0,0,0,0,0,0,0,0,0,0,0,0,0,0,4,4.0,0,0,0,True,0
7,5,18.61307982402785,18.515233670045216,8.660102045644912,25.922340524808707,-1.6002561874664676,-0.0084894927079517,1.0068847093459412,17.223084037085926,5.5650283623241705,2.986368402033041,2020.995606123944,3,26.745690220621693,-0.2772214444868142,0.2556585136478481,1.143809385110407,23.66824336137696,-0.0158366541383428,-0.0001313818940157,0.045000501130076,0.7290424183091736,0.2242195175952744,-0.9908480444105608,-0.013520954031979,1.001861013697589,-0.0041518786616716,5.261192584834336,0,0,0,0,1,0,0,0,0,0,0,0,0,False,0,0,0,0,0,0,0,0,0,0,0,0,0,0,0,0,0,0,0,0,0,0,4,4.029984355190209,0,0,0,True,0
6,15,62.47639711523152,214.54797338947185,31.00542074024742,72.94385831478021,41.05226792868527,-0.0186236505047604,0.0034365104515035,0.0694839700320317,29.380974881574115,1.9790007163870469,2023.008739446963,10,245.87482529069,4.280785297540626,0.1212669096388895,1.169835122462674,71.39789498543854,0.5764222582849298,9.084444524831332e-05,0.0001181272994917,0.0034251660855661,0.4159104923399175,0.004326898704734,-1.0086336191583445,0.9980023921689106,0.9893850095382892,15.070645031021009,0,0,0,0,0,0,0,0,0,0,0,0,0,False,1,0,0,0,0,0,0,0,0,0,0,0,0,0,0,0,0,0,0,0,0,0,1,1.0288867411477056,1,0,0,False,0
9,5,4.685641158916826,7.872313385073267,-0.5506723800144755,6.2734101898540455,6.229367741100624,0.0082721228239736,-0.0095901325903542,-1.9683597076839647,1.3167795863223932,2.962813713235944,2023.0490389777435,11,-0.511490197836241,0.3345768177882979,0.0001055068653238,1.3874000278005068,9.022164390209074,0.851834949336552,2.6004469585509566e-05,0.0001967598963944,0.0046024064521596,0.1428049358169284,-1.0114081724934154,-0.0114692006322278,0.0034385958598223,-0.0082593706804311,5.237159710968116,0,0,0,0,1,0,0,0,0,0,0,0,0,False,0,0,0,0,0,0,0,0,0,0,0,0,0,0,0,0,0,0,0,0,0,0,4,3.981524679586769,0,0,0,True,0
6,28,113.0,278.0,39.0,129.0,83.0,0.0,1.0,1.0,44.0,2.0,2023.0,10,317.0,2.4573643410852712,0.1230283911671924,1.1415929203539823,129.0,0.6434108527131783,0.0,0.0077519379844961,0.0077519379844961,0.3410852713178294,1.2246467991473532e-16,-1.0,1.0,1.0,28.0,0,0,0,0,0,0,0,0,0,0,0,0,0,False,0,0,0,0,0,0,0,0,0,0,0,0,0,1,0,0,0,0,0,0,0,0,5,5.0,0,0,0,False,1
12,27,301.0,663.0,77.0,478.0,183.0,1.0,0.0,0.0,294.0,4.0,2022.0,8,740.0,1.5481171548117154,0.104054054054054,1.5880398671096343,478.0,0.3828451882845188,0.002092050209205,0.0,0.0,0.6150627615062761,-2.4492935982947064e-16,1.0,1.0,1.0,27.0,0,0,0,0,0,0,0,0,0,0,0,0,0,False,0,0,0,0,0,0,0,0,0,0,0,0,1,0,0,0,0,0,0,0,0,0,5,5.0,0,0,0,False,1
9,28,69.89228703032013,165.84335458390407,44.02759599514046,100.62656602556574,67.59800905411413,-0.009336259879255,-0.0332664446511663,3.908130957239207,31.5332727367133,3.0082646220266924,2023.022972844656,11,204.00183909167205,2.887801088878171,0.2161646122315129,1.502781094446323,104.5437170949468,0.6663918844790747,-1.0176354610834483e-05,5.499807010439024e-05,0.0445811300083583,0.2995370621285061,-0.9720213161592136,0.0114469905360887,0.994234765582126,0.0060905602151693,28.019887972232247,0,0,0,0,0,0,0,0,0,0,0,0,0,False,0,0,0,0,0,0,0,0,0,0,0,0,0,1,0,0,0,0,0,0,0,0,5,4.99735196069029,0,0,0,False,1
5,10,24.67715726146428,73.03028383213965,11.599682575502282,25.38018063342469,0.7074501772925819,-0.015823065062757,-0.0450533061018087,13.577909355219344,12.54138822267922,2.057051649422823,2021.9719804257384,6,91.72127264964358,3.620408113394725,0.1152915320570076,1.0223148922319736,20.012104805648207,0.0049458398650547,0.000193054172655,-0.0001910463333661,0.4297460323194074,0.5827900010055833,-0.0057420671036138,-0.9771968905082532,1.0062506964654665,0.011824324694544,10.069583620937731,0,0,0,0,0,0,0,0,0,1,0,0,0,False,0,0,0,0,0,0,0,0,0,0,0,0,0,0,0,0,0,0,0,0,0,0,3,2.9706668564095304,0,0,1,False,0
2,33,15.876441865946036,64.4992145839769,39.31850607617831,25.072871963693625,13.556133043052135,-0.0117967771923041,0.0123460583791285,2.1712990957482377,9.94316456379422,1.0002759548751223,2022.9924207453373,9,113.1169292880634,5.501963918296325,0.3651517465603746,1.2757647169420416,29.88035338256652,0.6082612249701027,3.4169640199438503e-05,0.0007903030124721,0.0008809345407853,0.3893807375055522,1.008558728611063,0.0186660448000752,1.003289349545676,-0.006466061538693,32.952917242414905,0,0,0,0,0,0,0,0,0,0,0,0,0,False,0,0,0,0,0,0,0,0,0,0,0,0,0,0,0,0,0,0,1,0,0,0,2,2.0131165259879293,0,1,0,False,0
10,5,1.0,3.0,0.0,1.0,1.0,0.0,0.0,0.0,0.0,4.0,2020.0,0,3.0,3.0,0.0,1.0,1.0,1.0,0.0,0.0,0.0,0.0,-2.4492935982947064e-16,1.0,0.0,0.0,5.0,0,0,0,0,1,0,0,0,0,0,0,0,0,False,0,0,0,0,0,0,0,0,0,0,0,0,0,0,0,0,0,0,0,0,0,0,4,4.0,0,0,0,True,0
2,4,109.19007902341176,473.204552169872,139.3766629572367,155.75857131760606,78.78028598512141,0.0031880927810053,-0.0113805736705182,1.062379648150446,76.50710602558509,1.011321760889611,2022.9811366180247,9,602.8873892949506,2.8527562043344368,0.2279700206413895,1.4095880392610318,156.04095078210878,0.5124381774341422,-0.0001500180973073,-0.0002905499040832,0.0118068645670596,0.4861264806519735,1.0139610743141716,0.0263387719168372,0.9923306893365812,0.9875281264353236,3.764900430138583,0,0,0,1,0,0,0,0,0,0,0,0,0,False,0,0,0,0,0,0,0,0,0,0,0,0,0,0,0,0,0,0,0,0,0,0,1,1.067653696170914,1,0,0,False,0
13,21,50.0,219.0,40.0,52.0,46.0,0.0,0.0,0.0,6.0,4.0,2023.0,12,259.0,4.980769230769231,0.1544401544401544,1.04,52.0,0.8846153846153846,0.0,0.0,0.0,0.1153846153846153,-2.4492935982947064e-16,1.0,1.0,1.0,21.0,0,0,0,0,0,0,0,0,0,0,0,0,0,False,0,0,0,0,0,0,1,0,0,0,0,0,0,0,0,0,0,0,0,0,0,0,2,2.0,0,1,0,False,0
4,23,108.0,368.0,80.0,144.0,64.0,2.0,0.0,0.0,78.0,2.0,2021.0,2,448.0,3.111111111111111,0.1785714285714285,1.3333333333333333,144.0,0.4444444444444444,0.0138888888888888,0.0,0.0,0.5416666666666666,1.2246467991473532e-16,-1.0,1.0,1.0,23.0,0,0,0,0,0,0,0,0,0,0,0,0,0,False,0,0,0,0,0,0,0,0,1,0,0,0,0,0,0,0,0,0,0,0,0,0,0,0.0,0,0,0,False,0
8,7,25.0,154.0,22.0,1.0,0.0,0.0,0.0,10.0,0.0,3.0,2022.0,7,176.0,176.0,0.125,0.04,10.0,0.0,0.0,0.0,1.0,0.0,-1.0,-1.8369701987210292e-16,1.0,0.0,7.0,0,0,0,0,0,0,1,0,0,0,0,0,0,False,0,0,0,0,0,0,0,0,0,0,0,0,0,0,0,0,0,0,0,0,0,0,1,1.0,1,0,0,False,0
2,24,113.0,230.0,40.0,113.0,66.0,0.0,0.0,1.0,46.0,1.0,2023.0,9,270.0,2.3893805309734515,0.1481481481481481,1.0,113.0,0.584070796460177,0.0,0.0,0.0088495575221238,0.4070796460176991,1.0,6.123233995736766e-17,1.0,1.0,24.0,0,0,0,0,0,0,0,0,0,0,0,0,0,False,0,0,0,0,0,0,0,0,0,1,0,0,0,0,0,0,0,0,0,0,0,0,5,5.0,0,0,0,False,1
10,15,71.91697742258481,233.220802213211,26.05996423748042,86.70385981700484,59.64241090953534,-0.0028847256958573,0.029191526809021,-0.2993270946141836,25.91863588271545,4.017660459059468,2020.020326951808,0,253.50664661569908,4.263808565802238,0.0986335267241221,1.1986725365991855,86.63104484715515,0.6938500298580434,0.0002192419076788,-0.0002242092028958,2.900734099909739e-05,0.2920050905404395,-0.0184509581089648,0.9963968932539644,1.0066149540729896,1.0058106150982953,14.985567269862116,0,0,0,0,0,0,0,0,0,0,0,0,0,False,1,0,0,0,0,0,0,0,0,0,0,0,0,0,0,0,0,0,0,0,0,0,1,1.0354520876292352,1,0,0,False,0
10,35,56.5412660525688,379.4439461069773,59.81138608293609,53.106629466386536,29.4539173015802,-0.0144766584320718,0.0275437246162249,1.552827060611233,25.25424409326746,3.9999979434613446,2020.004330640485,0,437.5762351973768,9.033044198349907,0.13613036531418,0.9579102929727872,55.69459957624163,0.5332508011681013,0.0001848481992796,0.0003778113770386,-8.823762212230298e-05,0.4746886919753698,0.0046587790898602,1.0078943815637424,0.9936817904589064,0.9972916251354784,35.33373577255178,0,0,0,0,0,0,0,0,0,0,0,0,0,False,0,0,0,0,0,0,0,0,0,0,0,0,0,0,0,0,0,0,0,0,1,0,1,1.020547210170641,1,0,0,False,0
6,10,48.0,97.0,43.0,53.0,35.0,0.0,0.0,0.0,18.0,2.0,2023.0,10,140.0,2.641509433962264,0.3071428571428571,1.1041666666666667,53.0,0.660377358490566,0.0,0.0,0.0,0.3396226415094339,1.2246467991473532e-16,-1.0,1.0,0.0,10.0,0,0,0,0,0,0,0,0,0,1,0,0,0,False,0,0,0,0,0,0,0,0,0,0,0,0,0,0,0,0,0,0,0,0,0,0,3,3.0,0,0,1,False,0
10,35,57.3807096726893,380.9084687664605,59.14053282785425,51.53105079966633,27.2506377071407,0.0034149013299182,-0.0566948756534762,-0.4373707292623479,26.082177232549142,3.985187680374364,2019.982760886168,0,451.9990407825354,9.201677386088392,0.1351170878164476,0.9506163255242924,51.43345770093944,0.5256478438430322,-2.991812706240584e-05,0.0002184118792753,-0.0068630458516383,0.4741058456976207,0.0071074321335166,0.9801358727801788,1.0011404567600153,0.9965817665621516,35.19674611378029,0,0,0,0,0,0,0,0,0,0,0,0,0,False,0,0,0,0,0,0,0,0,0,0,0,0,0,0,0,0,0,0,0,0,1,0,1,1.0133228303384136,1,0,0,False,0
6,11,71.0,222.0,50.0,97.0,35.0,0.0,0.0,0.0,62.0,2.0,2023.0,10,272.0,2.804123711340206,0.1838235294117647,1.3661971830985915,97.0,0.3608247422680412,0.0,0.0,0.0,0.6391752577319587,1.2246467991473532e-16,-1.0,1.0,1.0,11.0,0,0,0,0,0,0,0,0,0,0,1,0,0,False,0,0,0,0,0,0,0,0,0,0,0,0,0,0,0,0,0,0,0,0,0,0,4,4.0,0,0,0,True,0
3,9,31.0,76.0,18.0,44.0,26.0,0.0,0.0,0.0,18.0,1.0,2024.0,13,94.0,2.136363636363636,0.1914893617021276,1.4193548387096775,44.0,0.5909090909090909,0.0,0.0,0.0,0.4090909090909091,1.0,6.123233995736766e-17,1.0,0.0,9.0,0,0,0,0,0,0,0,0,1,0,0,0,0,False,0,0,0,0,0,0,0,0,0,0,0,0,0,0,0,0,0,0,0,0,0,0,4,4.0,0,0,0,True,0
7,7,17.0,110.0,3.0,16.0,0.0,0.0,0.0,9.0,7.0,3.0,2021.0,3,113.0,7.0625,0.0265486725663716,0.9411764705882352,16.0,0.0,0.0,0.0,0.5625,0.4375,-1.0,-1.8369701987210292e-16,0.0,0.0,7.0,0,0,0,0,0,0,1,0,0,0,0,0,0,False,0,0,0,0,0,0,0,0,0,0,0,0,0,0,0,0,0,0,0,0,0,0,1,1.0,1,0,0,False,0
1,6,72.72990487391878,221.36485716352655,28.211568830154057,79.21951348265333,1.0329302054179326,-0.0157411251038615,0.0194754475351719,55.11907398626487,24.372446171247148,0.9847547682521114,2021.9780100019252,5,240.23882460825152,3.6304320235821472,0.1106579027269659,1.0870800049328382,79.66429968667147,0.0069655149735398,-7.963742601852742e-05,0.0004088691969491,0.6853250529772517,0.3090494222522532,0.9981858284276311,-0.0128828085966667,1.0107958026134416,0.996024884278776,5.802621859695151,0,0,0,0,0,1,0,0,0,0,0,0,0,False,0,0,0,0,0,0,0,0,0,0,0,0,0,0,0,0,0,0,0,0,0,0,0,0.0080905147534795,0,0,0,False,0
5,28,114.0,244.0,35.0,156.0,0.0,0.0,0.0,90.0,66.0,2.0,2022.0,6,279.0,1.7884615384615383,0.1254480286738351,1.368421052631579,156.0,0.0,0.0,0.0,0.5769230769230769,0.4230769230769231,1.2246467991473532e-16,-1.0,1.0,1.0,28.0,0,0,0,0,0,0,0,0,0,0,0,0,0,False,0,0,0,0,0,0,0,0,0,0,0,0,0,1,0,0,0,0,0,0,0,0,5,5.0,0,0,0,False,1
10,20,74.66484648898536,277.4836423624881,38.05920438115853,103.9373059414301,82.73816422812223,0.0001559567175806,-0.0422952221096187,0.302281694275008,26.46822418787925,4.021207707756927,2019.990511488109,0,305.9420165000697,2.136160053743627,0.1218105906188805,1.3907972848140624,107.4471532127912,0.7348871836910602,0.0001205219611691,-0.0001456262687809,-0.0035063261766578,0.254459238986338,-0.015105543268395,1.0298440501092605,0.99776675946506,1.0045326851796712,19.478356377761173,0,0,0,0,0,0,0,0,0,0,0,0,0,False,0,0,0,0,0,1,0,0,0,0,0,0,0,0,0,0,0,0,0,0,0,0,2,1.9745833927643797,0,1,0,False,0
10,9,67.0,182.0,36.0,111.0,70.0,0.0,0.0,0.0,41.0,4.0,2020.0,0,218.0,1.963963963963964,0.1651376146788991,1.6567164179104477,111.0,0.6306306306306306,0.0,0.0,0.0,0.3693693693693693,-2.4492935982947064e-16,1.0,1.0,1.0,9.0,0,0,0,0,0,0,0,0,1,0,0,0,0,False,0,0,0,0,0,0,0,0,0,0,0,0,0,0,0,0,0,0,0,0,0,0,4,4.0,0,0,0,True,0
1,11,77.0,176.0,54.0,121.0,0.0,0.0,0.0,80.0,41.0,1.0,2022.0,5,230.0,1.900826446280992,0.2347826086956521,1.5714285714285714,121.0,0.0,0.0,0.0,0.6611570247933884,0.3388429752066115,1.0,6.123233995736766e-17,1.0,1.0,11.0,0,0,0,0,0,0,0,0,0,0,1,0,0,False,0,0,0,0,0,0,0,0,0,0,0,0,0,0,0,0,0,0,0,0,0,0,4,4.0,0,0,0,True,0
8,29,96.92877377022964,329.4216971597834,30.164151830337765,1.1916484487349843,-0.1918641575369361,-0.0056690680143458,-0.0265738914075612,78.53138574052662,-0.3899286696880874,2.987164211505006,2022.0087615120444,7,361.2675554776585,357.1911757474036,0.0868520577237816,0.0033597653547778,80.69196261563725,0.0061045988567308,4.6857611348887606e-05,0.0002858983446051,1.00458700834213,-0.0030806595424979,-1.007571091515259,-0.0172707568272327,1.0012965035447503,1.0067297566200704,29.151962125880367,0,0,0,0,0,0,0,0,0,0,0,0,0,False,0,0,0,0,0,0,0,0,0,0,0,0,0,0,1,0,0,0,0,0,0,0,5,5.02944726860681,0,0,0,False,1
4,7,17.0,65.0,4.0,24.0,7.0,0.0,0.0,0.0,17.0,2.0,2021.0,2,69.0,2.875,0.0579710144927536,1.411764705882353,24.0,0.2916666666666667,0.0,0.0,0.0,0.7083333333333334,1.2246467991473532e-16,-1.0,0.0,0.0,7.0,0,0,0,0,0,0,1,0,0,0,0,0,0,False,0,0,0,0,0,0,0,0,0,0,0,0,0,0,0,0,0,0,0,0,0,0,1,1.0,1,0,0,False,0
7,16,27.63397619550985,83.19908002045207,17.705629857413136,27.46904281664021,1.1579069904023205,-0.0211729009355469,-0.0005958310588826,9.64507080421856,13.279954810117196,2.98219788448445,2021.0079003915716,3,102.80288501477963,3.344512367346279,0.1567136056135177,0.9964157333687348,28.76070448959516,0.0358672673580218,-0.0001068192004051,-5.0848227443116185e-05,0.3671294172660835,0.5914278088597771,-1.0121543592251852,0.0021975391417432,0.99583953609862,-0.0062625856127557,16.12596916854031,0,0,0,0,0,0,0,0,0,0,0,0,0,False,0,1,0,0,0,0,0,0,0,0,0,0,0,0,0,0,0,0,0,0,0,0,3,3.015926010787067,0,0,1,False,0
1,31,72.8257818904464,273.63304772093875,37.023109654427984,76.61168050346194,0.5717090273323469,-0.0007949834312006,0.0412052182106507,27.171361818963813,47.72890738561589,1.0251112847387729,2021.9889894713208,5,308.24136899863987,5.276134115500342,0.1160704187802914,1.0385124518083078,75.32836365650938,0.0121466727250276,-2.419239065411039e-05,9.65141069357031e-05,0.3278573184603527,0.6417636893358064,0.9949073834148784,0.003513473240035,0.9973704855291669,1.00047386131368,30.987924430780215,0,0,0,0,0,0,0,0,0,0,0,0,0,False,0,0,0,0,0,0,0,0,0,0,0,0,0,0,0,0,1,0,0,0,0,0,0,-0.0050775356617374,0,0,0,False,0
3,24,114.33957803150888,164.6263103975628,17.25406167591435,112.252882565035,71.891750259847,1.0004030587086077,0.0309150984866529,0.074931737987133,38.9700048122626,1.0173574220029948,2023.9722429417643,13,184.19033322221964,2.562840636268538,0.0974936234420378,0.9727387636687048,110.54805068843368,0.6365700176013692,0.0092479409286495,-7.2304094871956e-05,0.0068671151553159,0.353828786004618,0.9937727666854476,-0.0099261069347842,1.0051279678280711,-0.0048430211259887,24.251155087139946,0,0,0,0,0,0,0,0,0,0,0,0,0,False,0,0,0,0,0,0,0,0,0,1,0,0,0,0,0,0,0,0,0,0,0,0,5,4.988280838233172,0,0,0,False,1
5,17,88.0,333.0,46.0,147.0,0.0,1.0,1.0,99.0,46.0,2.0,2022.0,6,379.0,2.578231292517007,0.1213720316622691,1.6704545454545454,147.0,0.0,0.0068027210884353,0.0068027210884353,0.673469387755102,0.3129251700680272,1.2246467991473532e-16,-1.0,1.0,1.0,17.0,0,0,0,0,0,0,0,0,0,0,0,0,0,False,0,0,1,0,0,0,0,0,0,0,0,0,0,0,0,0,0,0,0,0,0,0,2,2.0,0,1,0,False,0
8,31,80.0,227.0,32.0,6.0,1.0,0.0,2.0,38.0,0.0,3.0,2022.0,7,259.0,43.16666666666666,0.1235521235521235,0.075,41.0,0.024390243902439,0.0,0.048780487804878,0.926829268292683,0.0,-1.0,-1.8369701987210292e-16,1.0,1.0,31.0,0,0,0,0,0,0,0,0,0,0,0,0,0,False,0,0,0,0,0,0,0,0,0,0,0,0,0,0,0,0,1,0,0,0,0,0,0,0.0,0,0,0,False,0
1,26,146.0,754.0,155.0,197.0,0.0,0.0,21.0,124.0,52.0,1.0,2022.0,5,909.0,4.614213197969543,0.1705170517051705,1.3493150684931507,197.0,0.0,0.0,0.1065989847715736,0.6294416243654822,0.2639593908629442,1.0,6.123233995736766e-17,1.0,1.0,26.0,0,0,0,0,0,0,0,0,0,0,0,0,0,False,0,0,0,0,0,0,0,0,0,0,0,1,0,0,0,0,0,0,0,0,0,0,0,0.0,0,0,0,False,0
6,33,17.920459466294844,63.37876818528932,8.966351903843247,27.367767948502248,13.840977664444797,0.0074331994672846,-0.0062422968818179,1.5436171860432244,16.815554321875688,1.994798110409456,2022.9995038362488,10,61.85528891791834,1.3800375304461614,0.12195283738888,1.751672429723184,27.44702113932272,0.4446530658512865,-0.0001200553887867,0.0001216957343123,0.0026671560678038,0.5591472313083488,0.0245779508416718,-1.0075862773984952,0.995868166517861,0.0080520198532676,33.117819588190855,0,0,0,0,0,0,0,0,0,0,0,0,0,False,0,0,0,0,0,0,0,0,0,0,0,0,0,0,0,0,0,0,1,0,0,0,2,2.0036537733523057,0,1,0,False,0
2,26,123.0,407.0,94.0,161.0,103.0,0.0,1.0,3.0,54.0,1.0,2023.0,9,501.0,3.111801242236025,0.1876247504990019,1.3089430894308942,161.0,0.639751552795031,0.0,0.0062111801242236,0.0186335403726708,0.3354037267080745,1.0,6.123233995736766e-17,1.0,1.0,26.0,0,0,0,0,0,0,0,0,0,0,0,0,0,False,0,0,0,0,0,0,0,0,0,0,0,1,0,0,0,0,0,0,0,0,0,0,0,0.0,0,0,0,False,0
13,5,3.0,14.0,0.0,4.0,0.0,0.0,0.0,0.0,4.0,4.0,2023.0,12,14.0,3.5,0.0,1.3333333333333333,4.0,0.0,0.0,0.0,0.0,1.0,-2.4492935982947064e-16,1.0,0.0,0.0,5.0,0,0,0,0,1,0,0,0,0,0,0,0,0,False,0,0,0,0,0,0,0,0,0,0,0,0,0,0,0,0,0,0,0,0,0,0,4,4.0,0,0,0,True,0
5,5,15.0,25.0,4.0,23.0,0.0,0.0,0.0,21.0,2.0,2.0,2022.0,6,29.0,1.2608695652173914,0.1379310344827586,1.5333333333333334,23.0,0.0,0.0,0.0,0.9130434782608696,0.0869565217391304,1.2246467991473532e-16,-1.0,0.0,0.0,5.0,0,0,0,0,1,0,0,0,0,0,0,0,0,False,0,0,0,0,0,0,0,0,0,0,0,0,0,0,0,0,0,0,0,0,0,0,4,4.0,0,0,0,True,0
6,22,107.80113246814346,357.80458118891386,57.20725935976567,118.21795485070746,65.50934133106536,0.0195669196113575,-0.0068642868575797,-0.7347352765692027,54.58897192219142,1.9912737283575856,2023.0073988360932,10,419.8616254929903,3.906339671704422,0.1347854983219021,1.103282555399434,114.59752233695336,0.5478557132466684,2.1086341855466015e-05,0.000110271234514,0.009463788119189,0.4584366286505641,8.265883766817478e-05,-0.99348217544966,1.0062003958053587,1.0051579931830483,22.061954145116232,0,0,0,0,0,0,0,0,0,0,0,0,0,False,0,0,0,0,0,0,0,1,0,0,0,0,0,0,0,0,0,0,0,0,0,0,0,-0.0374096519069475,0,0,0,False,0
5,7,12.903464680309492,61.653609455746846,5.759528900196076,11.195491816433584,1.1825108739466494,0.0077531744878219,-0.0003790754105377,6.771446705345034,6.324382042700753,1.9796572130055747,2022.0214024624545,6,69.78875974031008,4.557643236763632,0.1127362188302737,0.9118992250000464,12.83087897568147,0.0114136524705803,0.0001509235858424,0.0004917756623342,0.5059799631288432,0.4987934735841908,0.0090733189696464,-0.9926977045259566,1.0091180022334594,-0.0104597434315795,6.692702998861792,0,0,0,0,0,0,1,0,0,0,0,0,0,False,0,0,0,0,0,0,0,0,0,0,0,0,0,0,0,0,0,0,0,0,0,0,1,0.997337942634182,1,0,0,False,0
9,0,17.055604870105505,51.50266465966082,11.950419716546326,18.105417930225933,3.3986872127229497,-0.003240951252146,0.0072294208219931,-0.2571186672780918,12.73764156789887,3.014811818539111,2023.00702067544,11,51.82684943677816,3.856785082061768,0.206713904389997,1.2042161417509385,19.64644365266964,0.2732686470847069,-6.282539503165537e-05,-7.585751839134212e-05,-0.0045335550740324,0.7240394864417009,-0.9972209527583896,-0.0020136045234936,0.9928137295403864,0.0141447385631624,-0.0500583509749921,0,0,0,0,0,0,0,0,0,0,0,0,0,False,0,0,0,0,0,0,0,0,0,0,0,0,0,0,0,0,0,0,0,0,0,0,3,3.020552978610615,0,0,1,False,0
3,20,35.0,133.0,38.0,50.0,33.0,0.0,0.0,0.0,17.0,1.0,2024.0,13,171.0,3.42,0.2222222222222222,1.4285714285714286,50.0,0.66,0.0,0.0,0.0,0.34,1.0,6.123233995736766e-17,1.0,0.0,20.0,0,0,0,0,0,0,0,0,0,0,0,0,0,False,0,0,0,0,0,1,0,0,0,0,0,0,0,0,0,0,0,0,0,0,0,0,2,2.0,0,1,0,False,0
13,20,40.0,207.0,45.0,49.0,30.0,0.0,0.0,0.0,19.0,4.0,2023.0,12,252.0,5.142857142857143,0.1785714285714285,1.225,49.0,0.6122448979591837,0.0,0.0,0.0,0.3877551020408163,-2.4492935982947064e-16,1.0,1.0,1.0,20.0,0,0,0,0,0,0,0,0,0,0,0,0,0,False,0,0,0,0,0,1,0,0,0,0,0,0,0,0,0,0,0,0,0,0,0,0,2,2.0,0,1,0,False,0
2,29,69.0,255.0,13.0,83.0,53.0,0.0,0.0,0.0,30.0,1.0,2023.0,9,268.0,3.2289156626506026,0.0485074626865671,1.2028985507246377,83.0,0.6385542168674698,0.0,0.0,0.0,0.3614457831325301,1.0,6.123233995736766e-17,1.0,1.0,29.0,0,0,0,0,0,0,0,0,0,0,0,0,0,False,0,0,0,0,0,0,0,0,0,0,0,0,0,0,1,0,0,0,0,0,0,0,5,5.0,0,0,0,False,1
13,24,101.0,127.0,17.0,102.0,65.0,0.0,0.0,1.0,36.0,4.0,2023.0,12,144.0,1.411764705882353,0.1180555555555555,1.00990099009901,102.0,0.6372549019607843,0.0,0.0,0.0098039215686274,0.3529411764705882,-2.4492935982947064e-16,1.0,1.0,0.0,24.0,0,0,0,0,0,0,0,0,0,0,0,0,0,False,0,0,0,0,0,0,0,0,0,1,0,0,0,0,0,0,0,0,0,0,0,0,5,5.0,0,0,0,False,1
1,0,33.54415869809915,145.0561799561686,12.273390664469774,40.91154293085058,0.7120459691377634,0.0033137667071555,-0.0606158010495692,20.44626331982019,21.876712362163516,1.008227974094993,2021.9960547518435,5,155.35846340267446,3.3425590493508426,0.0835546572114317,1.2308565174121917,39.78643436434358,0.018525191305916,-0.0003508542330099,0.0001008975101411,0.4886674399807543,0.4887843986752119,0.983641613183704,0.0285347066185271,1.002376608923325,-0.0103250731529696,-0.1304807610946673,0,0,0,0,0,0,0,0,0,0,0,0,0,False,0,0,0,0,0,0,0,0,0,0,0,0,0,0,0,0,0,0,0,0,0,0,3,2.988333470890292,0,0,1,False,0
9,21,10.0,14.0,0.0,10.0,10.0,0.0,0.0,0.0,0.0,3.0,2023.0,11,14.0,1.4,0.0,1.0,10.0,1.0,0.0,0.0,0.0,0.0,-1.0,-1.8369701987210292e-16,0.0,0.0,21.0,0,0,0,0,0,0,0,0,0,0,0,0,0,False,0,0,0,0,0,0,1,0,0,0,0,0,0,0,0,0,0,0,0,0,0,0,2,2.0,0,1,0,False,0
10,7,25.0,67.0,16.0,18.0,11.0,0.0,0.0,0.0,7.0,4.0,2020.0,0,83.0,4.611111111111111,0.1927710843373494,0.72,18.0,0.6111111111111112,0.0,0.0,0.0,0.3888888888888889,-2.4492935982947064e-16,1.0,1.0,0.0,7.0,0,0,0,0,0,0,1,0,0,0,0,0,0,False,0,0,0,0,0,0,0,0,0,0,0,0,0,0,0,0,0,0,0,0,0,0,1,1.0,1,0,0,False,0
11,7,21.0,70.0,5.0,21.0,0.0,0.0,0.0,13.0,8.0,4.0,2021.0,4,75.0,3.571428571428572,0.0666666666666666,1.0,21.0,0.0,0.0,0.0,0.6190476190476191,0.3809523809523809,-2.4492935982947064e-16,1.0,0.0,0.0,7.0,0,0,0,0,0,0,1,0,0,0,0,0,0,False,0,0,0,0,0,0,0,0,0,0,0,0,0,0,0,0,0,0,0,0,0,0,1,1.0,1,0,0,False,0
13,15,118.02367995546597,469.2768239805278,28.87646157450774,99.48379034580338,56.00371820257031,0.0007081336744415,-0.0504731142388427,0.8149733990479558,43.92200662798869,3.9810446032469744,2023.034437656133,12,494.2699137166928,5.158493133635179,0.059088257655697,0.8501983107632255,97.00254091492364,0.5748829646362343,-1.2777502965252732e-05,0.0003424493970983,-0.0091471166431346,0.4385471927299852,-0.0095372895485402,0.9780320125990204,1.0013808282266865,1.006185957375346,14.99812126872787,0,0,0,0,0,0,0,0,0,0,0,0,0,False,1,0,0,0,0,0,0,0,0,0,0,0,0,0,0,0,0,0,0,0,0,0,1,1.0193786758184378,1,0,0,False,0
9,33,15.0,36.0,11.0,24.0,14.0,0.0,0.0,0.0,10.0,3.0,2023.0,11,47.0,1.9583333333333333,0.2340425531914893,1.6,24.0,0.5833333333333334,0.0,0.0,0.0,0.4166666666666667,-1.0,-1.8369701987210292e-16,1.0,0.0,33.0,0,0,0,0,0,0,0,0,0,0,0,0,0,False,0,0,0,0,0,0,0,0,0,0,0,0,0,0,0,0,0,0,1,0,0,0,2,2.0,0,1,0,False,0
3,1,29.0,163.0,27.0,42.0,29.0,0.0,0.0,0.0,13.0,1.0,2024.0,13,190.0,4.523809523809524,0.1421052631578947,1.4482758620689655,42.0,0.6904761904761905,0.0,0.0,0.0,0.3095238095238095,1.0,6.123233995736766e-17,1.0,0.0,1.0,1,0,0,0,0,0,0,0,0,0,0,0,0,False,0,0,0,0,0,0,0,0,0,0,0,0,0,0,0,0,0,0,0,0,0,0,1,1.0,1,0,0,False,0
9,15,40.0,140.0,11.0,40.0,17.0,0.0,0.0,0.0,23.0,3.0,2023.0,11,151.0,3.775,0.0728476821192053,1.0,40.0,0.425,0.0,0.0,0.0,0.575,-1.0,-1.8369701987210292e-16,1.0,0.0,15.0,0,0,0,0,0,0,0,0,0,0,0,0,0,False,1,0,0,0,0,0,0,0,0,0,0,0,0,0,0,0,0,0,0,0,0,0,1,1.0,1,0,0,False,0
1,5,22.5310644358953,60.53025374811772,2.288426107986975,35.07816274247063,1.131756465987289,-0.0032361828217571,-0.0130454756512118,29.79782146790771,4.22665180644731,1.0030142445000036,2022.033438328524,5,58.68664189610093,2.245105655483054,0.0324090863772742,1.531091574795004,34.66276394712278,0.0001484601546577,0.0001381702134424,0.0001331537100879,0.8234655970606984,0.1849260382716063,0.9968580752225386,0.0173938116689711,0.010626790362707,-0.0073688206834696,5.412635076515798,0,0,0,0,1,0,0,0,0,0,0,0,0,False,0,0,0,0,0,0,0,0,0,0,0,0,0,0,0,0,0,0,0,0,0,0,4,4.005742569612994,0,0,0,True,0
11,21,61.74137103579391,246.18810915944275,28.32556304280577,60.667339268324085,1.1107797979214036,-0.0012968888661471,-0.0955934050431056,47.11506063571527,17.89823529658316,4.013001314657382,2021.004748513783,4,272.44877722623346,5.152504571797493,0.101110312894691,1.030597767240928,63.36957560644812,0.0056382726924151,-5.779480014993378e-07,6.494873405733407e-05,0.7304145645906287,0.2651372067992985,-0.0279643679708154,1.0070621569436062,1.0003914801931604,0.995050108473734,21.120654481083747,0,0,0,0,0,0,0,0,0,0,0,0,0,False,0,0,0,0,0,0,1,0,0,0,0,0,0,0,0,0,0,0,0,0,0,0,2,1.9283235072876672,0,1,0,False,0
2,1,53.0,152.0,20.0,56.0,35.0,0.0,0.0,0.0,21.0,1.0,2023.0,9,172.0,3.071428571428572,0.1162790697674418,1.0566037735849056,56.0,0.625,0.0,0.0,0.0,0.375,1.0,6.123233995736766e-17,1.0,0.0,1.0,1,0,0,0,0,0,0,0,0,0,0,0,0,False,0,0,0,0,0,0,0,0,0,0,0,0,0,0,0,0,0,0,0,0,0,0,1,1.0,1,0,0,False,0
6,31,61.610698980735,195.9068260923505,33.26896135519384,73.54259671926309,26.10533671771023,0.0016339747220259,-0.0250800091264709,1.740421487037798,46.68751589530385,2.0109772736677205,2022.9970970857305,10,224.5281115811885,3.7832996709952975,0.1475889925760662,1.1655905832566722,67.43004846039732,0.3559642123654127,4.756751200679095e-05,0.0001876038540185,0.0083916230323496,0.6377391980389485,-0.0207498475316592,-0.9854453719071198,0.9984950671989614,0.9971049669829224,30.89834235679722,0,0,0,0,0,0,0,0,0,0,0,0,0,False,0,0,0,0,0,0,0,0,0,0,0,0,0,0,0,0,1,0,0,0,0,0,0,0.0193713572582097,0,0,0,False,0
0,4,130.10851097778362,631.1665474288293,115.991145748553,155.001617739097,77.05954942325869,0.0029269067205598,-0.0070697702962432,0.3457892487181814,75.1406054136716,1.032504729669352,2021.0157504798813,1,750.7941120057757,5.447371607069283,0.1514680184457074,1.1793939618091032,149.18989180438427,0.5127047755006133,3.911222280332367e-05,2.047056511174165e-05,-0.0068400400380756,0.4946986181101475,0.9882852754904122,0.0092807438818838,0.9959444815501832,1.0099679344068144,3.7800322284130177,0,0,0,1,0,0,0,0,0,0,0,0,0,False,0,0,0,0,0,0,0,0,0,0,0,0,0,0,0,0,0,0,0,0,0,0,1,1.096909513841497,1,0,0,False,0
3,27,198.6085217625316,545.5787014176719,97.5221812112569,366.24264346542463,261.6103522214475,0.005892563214989,0.0308511911188472,0.1572904109105045,105.30487329190096,1.014001048379855,2023.9974722292072,13,639.3010582839303,0.9492344458327416,0.1536872370223473,1.8276085531273287,367.3624898399133,0.7132097974393289,-7.358015583274708e-05,0.000142624811132,0.0050428188805474,0.2849420141485852,1.015400097215425,0.0207355302722617,1.0049344158136262,0.980262135410322,27.09140471511848,0,0,0,0,0,0,0,0,0,0,0,0,0,False,0,0,0,0,0,0,0,0,0,0,0,0,1,0,0,0,0,0,0,0,0,0,5,5.007811298276586,0,0,0,False,1
0,27,298.5233185856874,671.8616007025946,81.33816092435693,405.1209401048042,271.1729737505473,0.0041290796999844,0.0304658699476018,-1.3587848115431862,135.50320104808486,0.9901826602580972,2020.9749172570512,1,745.2349042574444,2.874775012549601,0.1095716623931894,1.3712580232701128,407.51199951781706,0.6543486094137129,2.0415006296297068e-05,4.500264714342422e-05,0.0013008044533321,0.3388138686762456,1.000820370136304,-0.0235448401308257,1.0081107748763674,1.0052340473072012,26.49201092593851,0,0,0,0,0,0,0,0,0,0,0,0,0,False,0,0,0,0,0,0,0,0,0,0,0,0,1,0,0,0,0,0,0,0,0,0,5,4.97503898387589,0,0,0,False,1
6,2,16.90918659451256,28.68565742617429,6.407389228152049,21.22716870319894,10.807156774516818,0.0116049846228419,-0.0222948295441326,-0.432475519330022,7.343426429689304,1.9963508836725143,2022.9896252167068,10,42.59904567478672,2.723731901671,0.1587598604565707,1.106829633417546,17.834680105535185,0.6222286589994201,-0.000249534865676,-0.0002009025351091,-0.007597716165354,0.3679882472258428,0.0012906328767575,-0.995375781397843,1.0014420459853488,-0.00881212688857,2.409080656836068,0,1,0,0,0,0,0,0,0,0,0,0,0,False,0,0,0,0,0,0,0,0,0,0,0,0,0,0,0,0,0,0,0,0,0,0,4,4.009759725030975,0,0,0,True,0
13,11,46.179822720515816,102.89062646966386,15.595473363687576,66.5873903765036,38.056613145677694,0.0077787516523424,0.0438788661877214,-0.930143945263036,27.63158676030893,4.032009393202279,2022.9937093832991,12,116.76199833046344,2.432525344358647,0.1372825998031116,1.4477348182114624,68.60859103713608,0.5616289093396106,-8.96190383539007e-05,-0.0001711397568537,0.0033009348549494,0.4402721698099679,0.028043152192209,0.9817900774531064,0.9908531767537704,-0.0035083691171004,10.96133334124558,0,0,0,0,0,0,0,0,0,0,1,0,0,False,0,0,0,0,0,0,0,0,0,0,0,0,0,0,0,0,0,0,0,0,0,0,4,3.995073233050287,0,0,0,True,0
12,7,38.60092124639863,207.8224092137251,66.38267255699628,48.27466413703692,5.373440773035093,-0.004683181278832,0.0209140855979307,-0.345960032614066,40.69976767348977,3.9908221844859137,2021.967067475856,8,275.2092861073703,5.64509086833812,0.2438599117870471,1.2001439076203884,46.21971518717066,0.1118268129666749,0.0001787826179856,-5.2697632376087646e-05,0.0099355451160163,0.8988116329903166,0.0147894072616011,1.0066356536627443,0.993948821912583,0.9945024496193507,7.228881382625162,0,0,0,0,0,0,1,0,0,0,0,0,0,False,0,0,0,0,0,0,0,0,0,0,0,0,0,0,0,0,0,0,0,0,0,0,1,1.020270558707169,1,0,0,False,0
13,4,83.0,361.0,46.0,136.0,55.0,0.0,0.0,2.0,79.0,4.0,2023.0,12,407.0,2.992647058823529,0.113022113022113,1.6385542168674698,136.0,0.4044117647058823,0.0,0.0,0.0147058823529411,0.5808823529411765,-2.4492935982947064e-16,1.0,1.0,1.0,4.0,0,0,0,1,0,0,0,0,0,0,0,0,0,False,0,0,0,0,0,0,0,0,0,0,0,0,0,0,0,0,0,0,0,0,0,0,1,1.0,1,0,0,False,0
13,9,38.0,123.0,29.0,41.0,20.0,0.0,0.0,1.0,20.0,4.0,2023.0,12,152.0,3.707317073170732,0.1907894736842105,1.0789473684210529,41.0,0.4878048780487805,0.0,0.0,0.024390243902439,0.4878048780487805,-2.4492935982947064e-16,1.0,1.0,0.0,9.0,0,0,0,0,0,0,0,0,1,0,0,0,0,False,0,0,0,0,0,0,0,0,0,0,0,0,0,0,0,0,0,0,0,0,0,0,4,4.0,0,0,0,True,0
5,6,84.0,273.0,51.0,90.0,1.0,0.0,0.0,51.0,38.0,2.0,2022.0,6,324.0,3.6,0.1574074074074074,1.0714285714285714,90.0,0.0111111111111111,0.0,0.0,0.5666666666666667,0.4222222222222222,1.2246467991473532e-16,-1.0,1.0,1.0,6.0,0,0,0,0,0,1,0,0,0,0,0,0,0,False,0,0,0,0,0,0,0,0,0,0,0,0,0,0,0,0,0,0,0,0,0,0,0,0.0,0,0,0,False,0
2,19,66.0,309.0,69.0,78.0,53.0,0.0,0.0,0.0,25.0,1.0,2023.0,9,378.0,4.846153846153846,0.1825396825396825,1.181818181818182,78.0,0.6794871794871795,0.0,0.0,0.0,0.3205128205128205,1.0,6.123233995736766e-17,1.0,1.0,19.0,0,0,0,0,0,0,0,0,0,0,0,0,0,False,0,0,0,0,1,0,0,0,0,0,0,0,0,0,0,0,0,0,0,0,0,0,2,2.0,0,1,0,False,0
13,28,99.9837172344878,265.6834254692717,53.56523912742532,134.82071241640648,82.51108309098257,-0.0059284108576929,1.056114534558127,1.2163945685712927,50.05519705348691,4.0247651735115575,2022.9679534398144,12,309.8554069118347,2.7404839483284817,0.1683202505988041,1.3454060584201892,135.18583148727146,0.5924392410719082,0.0002027723716685,0.0077540678374717,0.0167695028288435,0.3722310465823354,0.0142612212868776,1.0208395805610535,0.9990237085427536,1.0023306845505495,27.965520143419504,0,0,0,0,0,0,0,0,0,0,0,0,0,False,0,0,0,0,0,0,0,0,0,0,0,0,0,1,0,0,0,0,0,0,0,0,5,5.034691620907799,0,0,0,False,1
1,27,268.0,656.0,126.0,344.0,2.0,0.0,0.0,260.0,82.0,1.0,2022.0,5,782.0,2.2732558139534884,0.1611253196930946,1.2835820895522387,344.0,0.005813953488372,0.0,0.0,0.7558139534883721,0.2383720930232558,1.0,6.123233995736766e-17,1.0,1.0,27.0,0,0,0,0,0,0,0,0,0,0,0,0,0,False,0,0,0,0,0,0,0,0,0,0,0,0,1,0,0,0,0,0,0,0,0,0,5,5.0,0,0,0,False,1
4,5,10.0,19.0,3.0,10.0,5.0,0.0,0.0,0.0,5.0,2.0,2021.0,2,22.0,2.2,0.1363636363636363,1.0,10.0,0.5,0.0,0.0,0.0,0.5,1.2246467991473532e-16,-1.0,0.0,0.0,5.0,0,0,0,0,1,0,0,0,0,0,0,0,0,False,0,0,0,0,0,0,0,0,0,0,0,0,0,0,0,0,0,0,0,0,0,0,4,4.0,0,0,0,True,0
11,0,21.0,57.0,3.0,27.0,0.0,0.0,2.0,8.0,17.0,4.0,2021.0,4,60.0,2.2222222222222223,0.05,1.2857142857142858,27.0,0.0,0.0,0.074074074074074,0.2962962962962963,0.6296296296296297,-2.4492935982947064e-16,1.0,0.0,0.0,0.0,0,0,0,0,0,0,0,0,0,0,0,0,0,False,0,0,0,0,0,0,0,0,0,0,0,0,0,0,0,0,0,0,0,0,0,0,3,3.0,0,0,1,False,0
12,6,73.0,225.0,24.0,77.0,52.0,1.0,0.0,0.0,24.0,4.0,2022.0,8,249.0,3.2337662337662336,0.0963855421686747,1.0547945205479452,77.0,0.6753246753246753,0.0129870129870129,0.0,0.0,0.3116883116883117,-2.4492935982947064e-16,1.0,1.0,1.0,6.0,0,0,0,0,0,1,0,0,0,0,0,0,0,False,0,0,0,0,0,0,0,0,0,0,0,0,0,0,0,0,0,0,0,0,0,0,0,0.0,0,0,0,False,0
6,36,13.902196156812009,150.67218725941828,32.69059996638776,26.101989554177575,15.09508579016342,-0.0029423480180198,0.1090903349159207,0.3134046621938249,8.333833837310907,1.9678272218506208,2022.951809215076,10,170.19433045159684,6.661028017148861,0.1776194340485689,1.201420960513821,25.64315473552955,0.6074932877527984,8.287205718542212e-05,0.0002984920766902,-0.0107969019927628,0.3930788725117943,0.0275960671178351,-1.0134874563152303,1.0031167737686983,0.0130086179903958,35.787405473781085,0,0,0,0,0,0,0,0,0,0,0,0,0,False,0,0,0,0,0,0,0,0,0,0,0,0,0,0,0,0,0,0,0,0,0,1,2,2.027227191587107,0,1,0,False,0
7,4,128.8424981842114,626.0335312379902,79.01808059382904,127.45217533379494,0.0364918399489214,0.9944242346534636,-0.0072033138421615,68.50618305633442,57.116486193249386,3.013149277860108,2020.9785882356011,3,707.4409554031536,5.281477258712585,0.1138091831314454,0.9744508700050538,126.91708616733408,-0.0106755668365935,0.0080200729059167,-0.0001880517053507,0.5410872809900926,0.4501662088233576,-0.973718797745174,0.0081400771530452,1.0010468130835068,0.9857997225264932,4.038061537821496,0,0,0,1,0,0,0,0,0,0,0,0,0,False,0,0,0,0,0,0,0,0,0,0,0,0,0,0,0,0,0,0,0,0,0,0,1,1.0085093637830975,1,0,0,False,0
3,25,169.0,438.0,41.0,242.0,167.0,2.0,1.0,0.0,72.0,1.0,2024.0,13,479.0,1.9793388429752063,0.0855949895615866,1.4319526627218937,242.0,0.6900826446280992,0.0082644628099173,0.0041322314049586,0.0,0.2975206611570248,1.0,6.123233995736766e-17,1.0,1.0,25.0,0,0,0,0,0,0,0,0,0,0,0,0,0,False,0,0,0,0,0,0,0,0,0,0,1,0,0,0,0,0,0,0,0,0,0,0,0,0.0,0,0,0,False,0
2,9,22.0,87.0,34.0,34.0,15.0,0.0,0.0,0.0,19.0,1.0,2023.0,9,121.0,3.5588235294117645,0.2809917355371901,1.5454545454545454,34.0,0.4411764705882353,0.0,0.0,0.0,0.5588235294117647,1.0,6.123233995736766e-17,1.0,0.0,9.0,0,0,0,0,0,0,0,0,1,0,0,0,0,False,0,0,0,0,0,0,0,0,0,0,0,0,0,0,0,0,0,0,0,0,0,0,4,4.0,0,0,0,True,0
3,4,99.0,442.0,45.0,124.0,67.0,0.0,0.0,1.0,56.0,1.0,2024.0,13,487.0,3.9274193548387095,0.0924024640657084,1.2525252525252526,124.0,0.5403225806451613,0.0,0.0,0.0080645161290322,0.4516129032258064,1.0,6.123233995736766e-17,1.0,1.0,4.0,0,0,0,1,0,0,0,0,0,0,0,0,0,False,0,0,0,0,0,0,0,0,0,0,0,0,0,0,0,0,0,0,0,0,0,0,1,1.0,1,0,0,False,0
11,11,62.22503353519516,121.7413745539302,39.78679143106476,91.59261560774922,0.4878833081351066,0.0132805117883999,-0.003453887136245,61.57518965444024,27.58041659795009,3.979940500074591,2020.9784999186563,4,164.70956369680698,1.2403116433696817,0.2431148573937821,1.3860155236010958,88.0557719389437,0.0029091753880795,-9.849658926820716e-05,0.000238805434283,0.7039192579613562,0.3005741598028436,0.011080725393531,0.996891740798132,0.9938171340407652,-0.0017485654327837,10.85329356053238,0,0,0,0,0,0,0,0,0,0,1,0,0,False,0,0,0,0,0,0,0,0,0,0,0,0,0,0,0,0,0,0,0,0,0,0,4,3.9444940455047743,0,0,0,True,0
7,22,95.0,280.0,42.0,137.0,0.0,0.0,1.0,72.0,64.0,3.0,2021.0,3,322.0,2.3503649635036497,0.1304347826086956,1.4421052631578948,137.0,0.0,0.0,0.0072992700729927,0.5255474452554745,0.4671532846715328,-1.0,-1.8369701987210292e-16,1.0,1.0,22.0,0,0,0,0,0,0,0,0,0,0,0,0,0,False,0,0,0,0,0,0,0,1,0,0,0,0,0,0,0,0,0,0,0,0,0,0,0,0.0,0,0,0,False,0
8,3,41.61047687223755,103.70994632376134,19.2190765581378,1.222084413958304,0.7313692769545117,-0.0132068282910746,-0.0357818713695813,17.90970349159319,-0.4716155253343913,3.0291415369088943,2021.9979352259777,7,123.67073050930628,41.02289701113751,0.161534882062383,0.0672219687681566,20.521095915684683,0.0439158563264169,0.0002424409386937,0.0001337736450029,0.9435845119843824,-0.0030616514791554,-1.0038100700720445,0.0023575083340955,0.9940367881902024,-0.0139289569731787,3.2989091053710164,0,0,1,0,0,0,0,0,0,0,0,0,0,False,0,0,0,0,0,0,0,0,0,0,0,0,0,0,0,0,0,0,0,0,0,0,3,2.9577302635185365,0,0,1,False,0
12,15,115.0,363.0,47.0,136.0,33.0,0.0,0.0,0.0,103.0,4.0,2022.0,8,410.0,3.014705882352941,0.1146341463414634,1.182608695652174,136.0,0.2426470588235294,0.0,0.0,0.0,0.7573529411764706,-2.4492935982947064e-16,1.0,1.0,1.0,15.0,0,0,0,0,0,0,0,0,0,0,0,0,0,False,1,0,0,0,0,0,0,0,0,0,0,0,0,0,0,0,0,0,0,0,0,0,1,1.0,1,0,0,False,0
9,14,347.33910966525264,603.1341055340908,80.99683543929015,508.87204430456967,278.0685489297283,2.0014508828869952,1.0208985523738734,1.3139016038091431,228.3226528167997,2.9874556105508656,2022.9896639875235,11,685.0506237396679,0.1310489402777508,0.1204445268347302,1.4656005281099505,510.6771271962853,0.5459749574657261,0.0038686968243091,0.0017054231706177,0.0066328983493393,0.4474331517467738,-1.0054459536240803,0.0006359799855647,1.0023710430627422,0.984817746523246,13.88603509758031,0,0,0,0,0,0,0,0,0,0,0,0,0,True,0,0,0,0,0,0,0,0,0,0,0,0,0,0,0,0,0,0,0,0,0,0,0,0.0405809396906897,0,0,0,False,0
5,8,28.99681601442565,56.36981403229131,17.404339806894278,33.214593738627286,1.2556906158412018,0.0217898907216861,0.0025497189549906,20.38618069525306,14.742313976342116,2.0098276071953314,2021.9906323144971,6,77.69303873157756,3.531643382970077,0.2315729398384575,1.2485407108246138,36.359060034781216,0.0055507889317223,-4.707709386344833e-05,-0.0002327803054401,0.5545193568825045,0.4510201459295387,0.0023731021932869,-0.9944047497789776,1.0021231024904402,0.0099402568253084,8.019818003216402,0,0,0,0,0,0,0,1,0,0,0,0,0,False,0,0,0,0,0,0,0,0,0,0,0,0,0,0,0,0,0,0,0,0,0,0,4,3.974096212575456,0,0,0,True,0
10,0,30.0,146.0,31.0,37.0,19.0,0.0,0.0,0.0,18.0,4.0,2020.0,0,177.0,4.783783783783784,0.1751412429378531,1.2333333333333334,37.0,0.5135135135135135,0.0,0.0,0.0,0.4864864864864865,-2.4492935982947064e-16,1.0,1.0,0.0,0.0,0,0,0,0,0,0,0,0,0,0,0,0,0,False,0,0,0,0,0,0,0,0,0,0,0,0,0,0,0,0,0,0,0,0,0,0,3,3.0,0,0,1,False,0
12,20,36.0,169.0,32.0,44.0,21.0,0.0,0.0,0.0,23.0,4.0,2022.0,8,201.0,4.568181818181818,0.1592039800995024,1.2222222222222223,44.0,0.4772727272727273,0.0,0.0,0.0,0.5227272727272727,-2.4492935982947064e-16,1.0,1.0,0.0,20.0,0,0,0,0,0,0,0,0,0,0,0,0,0,False,0,0,0,0,0,1,0,0,0,0,0,0,0,0,0,0,0,0,0,0,0,0,2,2.0,0,1,0,False,0
10,1,77.37284167516633,230.12232190347493,36.24550618965408,92.38498210299768,56.4627837096115,0.0048226582320711,0.0317533248110975,-0.0678128517011719,38.423756927721584,4.000163707943483,2019.9776927602925,0,269.65574601182925,2.1068849021931944,0.1305660468255705,1.2153305389411848,93.17197029560234,0.6114071883000107,9.825838217620212e-05,-6.410718261813334e-05,0.0048402025079852,0.3931338978460739,-0.0079718396371458,1.015420840033629,1.0027646455337131,0.9995953926229812,1.4142798662823295,1,0,0,0,0,0,0,0,0,0,0,0,0,False,0,0,0,0,0,0,0,0,0,0,0,0,0,0,0,0,0,0,0,0,0,0,1,1.019325983768954,1,0,0,False,0
3,29,99.9024490921566,375.4635384793136,96.52278998055796,123.68530467097509,70.31996746292408,0.0019177054923082,-0.0558363994738723,2.4258718814106977,51.943327159495794,0.9930886351013092,2024.0028428617327,13,474.0262675371001,5.627054051358153,0.2042507152171042,1.2206650888577673,124.14550094579882,0.5762180467681713,-1.895558545381712e-05,-8.37980687907653e-05,0.0147580900205474,0.4136575483703258,0.9864941081070708,0.0105173151579927,1.005757853855574,0.9986945807047752,28.773616491821738,0,0,0,0,0,0,0,0,0,0,0,0,0,False,0,0,0,0,0,0,0,0,0,0,0,0,0,0,1,0,0,0,0,0,0,0,5,4.99792307821452,0,0,0,False,1
11,11,65.16065084834787,134.7280221080905,39.93736916828765,88.18422230377904,2.0769387357315625,0.0031210821939634,0.0001535774114664,59.98956508935348,26.696550912748037,3.981943974273473,2021.0041598950577,4,166.14399136560877,1.398118474468962,0.2441582265329882,1.4009279830668366,84.1249673408256,-0.0053489053848535,4.0708444933202224e-05,0.0001583313235659,0.7054419634287965,0.2977244971369007,0.0046401485518353,1.0050502113947144,1.00049795008288,0.0080181663430339,11.268685682242792,0,0,0,0,0,0,0,0,0,0,1,0,0,False,0,0,0,0,0,0,0,0,0,0,0,0,0,0,0,0,0,0,0,0,0,0,4,3.977131667050694,0,0,0,True,0
7,19,33.4037930802089,130.64630738248434,52.733112493604246,34.57564955526931,-0.3241307109083237,0.0158895532634846,-0.002772900733781,15.30447337811109,17.016176308682653,2.932931447853421,2021.0229445742016,3,182.0618632584519,4.758615749072133,0.2868064132179889,1.0310583503794692,30.602273527065392,0.0004450063865733,1.7128484573720365e-05,-0.0001700268609013,0.4813210099169653,0.5241332985299467,-0.9935218378086466,-0.0187410944380403,1.0003362014188144,-0.0025127944987783,19.121593615122706,0,0,0,0,0,0,0,0,0,0,0,0,0,False,0,0,0,0,1,0,0,0,0,0,0,0,0,0,0,0,0,0,0,0,0,0,2,1.9834983752574271,0,1,0,False,0
13,33,25.0,110.0,13.0,26.0,12.0,0.0,0.0,0.0,14.0,4.0,2023.0,12,123.0,4.730769230769231,0.1056910569105691,1.04,26.0,0.4615384615384615,0.0,0.0,0.0,0.5384615384615384,-2.4492935982947064e-16,1.0,1.0,0.0,33.0,0,0,0,0,0,0,0,0,0,0,0,0,0,False,0,0,0,0,0,0,0,0,0,0,0,0,0,0,0,0,0,0,1,0,0,0,2,2.0,0,1,0,False,0
6,34,47.0,99.0,10.0,63.0,22.0,0.0,0.0,0.0,41.0,2.0,2023.0,10,109.0,1.7301587301587302,0.091743119266055,1.3404255319148937,63.0,0.3492063492063492,0.0,0.0,0.0,0.6507936507936508,1.2246467991473532e-16,-1.0,1.0,0.0,34.0,0,0,0,0,0,0,0,0,0,0,0,0,0,False,0,0,0,0,0,0,0,0,0,0,0,0,0,0,0,0,0,0,0,1,0,0,1,1.0,1,0,0,False,0
11,24,159.0,262.0,43.0,156.0,2.0,0.0,3.0,84.0,67.0,4.0,2021.0,4,305.0,1.955128205128205,0.140983606557377,0.981132075471698,156.0,0.0128205128205128,0.0,0.0192307692307692,0.5384615384615384,0.4294871794871794,-2.4492935982947064e-16,1.0,1.0,1.0,24.0,0,0,0,0,0,0,0,0,0,0,0,0,0,False,0,0,0,0,0,0,0,0,0,1,0,0,0,0,0,0,0,0,0,0,0,0,5,5.0,0,0,0,False,1
7,14,307.0,562.0,57.0,436.0,0.0,0.0,2.0,260.0,174.0,3.0,2021.0,3,619.0,1.4197247706422018,0.0920840064620355,1.4201954397394136,436.0,0.0,0.0,0.0045871559633027,0.5963302752293578,0.3990825688073394,-1.0,-1.8369701987210292e-16,1.0,1.0,14.0,0,0,0,0,0,0,0,0,0,0,0,0,0,True,0,0,0,0,0,0,0,0,0,0,0,0,0,0,0,0,0,0,0,0,0,0,0,0.0,0,0,0,False,0
6,24,138.0,209.0,52.0,138.0,77.0,4.0,0.0,0.0,57.0,2.0,2023.0,10,261.0,1.891304347826087,0.1992337164750957,1.0,138.0,0.5579710144927537,0.0289855072463768,0.0,0.0,0.4130434782608695,1.2246467991473532e-16,-1.0,1.0,1.0,24.0,0,0,0,0,0,0,0,0,0,0,0,0,0,False,0,0,0,0,0,0,0,0,0,1,0,0,0,0,0,0,0,0,0,0,0,0,5,5.0,0,0,0,False,1
9,13,32.0,96.0,31.0,36.0,18.0,0.0,0.0,0.0,18.0,3.0,2023.0,11,127.0,3.5277777777777777,0.2440944881889764,1.125,36.0,0.5,0.0,0.0,0.0,0.5,-1.0,-1.8369701987210292e-16,1.0,0.0,13.0,0,0,0,0,0,0,0,0,0,0,0,0,1,False,0,0,0,0,0,0,0,0,0,0,0,0,0,0,0,0,0,0,0,0,0,0,3,3.0,0,0,1,False,0
7,19,33.21524594670019,127.57231961094058,54.25577071185835,34.45232633217015,0.0486666489123702,-0.0070206814823862,0.0489861788681911,15.711504126039795,15.37711074273566,3.000327523162084,2020.9836408022477,3,185.322268902856,6.955300169366588,0.2900159418403571,1.0369992570830862,33.62093391018134,-0.0067615905568802,9.68110215577829e-08,-5.544199533245674e-05,0.48991282778235,0.5155641166571192,-1.0091998784669909,-0.0092291621260768,1.0063644143563737,0.0052369041398535,18.931329508931032,0,0,0,0,0,0,0,0,0,0,0,0,0,False,0,0,0,0,1,0,0,0,0,0,0,0,0,0,0,0,0,0,0,0,0,0,2,1.9592420885618784,0,1,0,False,0
1,4,140.6197266158555,508.7047136562106,73.4428911364686,167.01405802763165,1.437678230186065,-0.0068208351534685,-0.0509851226406646,89.54088269698231,75.60058340439026,0.9691925085432824,2021.9507548393344,5,574.4824768080051,4.206566256596647,0.1272527446103102,1.1785504954597337,162.83809319731105,-0.0023619030437603,-9.422761085118408e-06,-0.0001431406382981,0.5329119556787076,0.4479476946710992,1.007010890780648,0.0063479236542378,1.004944276893462,0.992731518577644,4.208041506756167,0,0,0,1,0,0,0,0,0,0,0,0,0,False,0,0,0,0,0,0,0,0,0,0,0,0,0,0,0,0,0,0,0,0,0,0,1,1.0553546032636842,1,0,0,False,0
4,16,23.0,64.0,14.0,24.0,6.0,0.0,0.0,0.0,18.0,2.0,2021.0,2,78.0,3.25,0.1794871794871795,1.0434782608695652,24.0,0.25,0.0,0.0,0.0,0.75,1.2246467991473532e-16,-1.0,1.0,0.0,16.0,0,0,0,0,0,0,0,0,0,0,0,0,0,False,0,1,0,0,0,0,0,0,0,0,0,0,0,0,0,0,0,0,0,0,0,0,3,3.0,0,0,1,False,0
11,14,281.6398775176479,620.6702979769741,65.57317209745216,326.9876440560431,-0.2624366111969946,0.0134280262471097,-0.0310737930055139,172.62618179591558,155.33919354678883,3.986591741230773,2020.99271276694,4,688.2272343451532,2.3410071425541754,0.0956177579886951,1.1782878563525132,324.26499908995766,-0.0004052235729274,0.0001472076309756,6.7647970522252e-05,0.5353789668716199,0.4788938112571378,-0.0049681427482326,0.9984998643205388,1.0013712596779358,0.9996427342859788,14.1858725935569,0,0,0,0,0,0,0,0,0,0,0,0,0,True,0,0,0,0,0,0,0,0,0,0,0,0,0,0,0,0,0,0,0,0,0,0,0,0.0075299056124272,0,0,0,False,0
11,33,35.0,146.0,25.0,65.0,0.0,0.0,0.0,61.0,4.0,4.0,2021.0,4,171.0,2.6307692307692307,0.1461988304093567,1.8571428571428568,65.0,0.0,0.0,0.0,0.9384615384615383,0.0615384615384615,-2.4492935982947064e-16,1.0,1.0,0.0,33.0,0,0,0,0,0,0,0,0,0,0,0,0,0,False,0,0,0,0,0,0,0,0,0,0,0,0,0,0,0,0,0,0,1,0,0,0,2,2.0,0,1,0,False,0
8,15,58.0,165.0,9.0,3.0,0.0,0.0,0.0,19.0,0.0,3.0,2022.0,7,174.0,58.0,0.0517241379310344,0.0517241379310344,19.0,0.0,0.0,0.0,1.0,0.0,-1.0,-1.8369701987210292e-16,1.0,0.0,15.0,0,0,0,0,0,0,0,0,0,0,0,0,0,False,1,0,0,0,0,0,0,0,0,0,0,0,0,0,0,0,0,0,0,0,0,0,1,1.0,1,0,0,False,0
6,5,5.876219538734508,30.045779783114117,7.144895443885416,9.817496551821169,2.5158568897507894,0.0073115922374938,0.0050700910535774,0.460954705035,5.328181958844383,2.0182489180429943,2022.9703894585816,10,42.77947035979213,4.315181774730214,0.2103566911717696,1.267411709134847,10.047053677591592,0.3336328876743897,3.2402426908020584e-05,8.198858045194277e-05,0.0063126072311868,0.6677117177581389,0.0106856766181324,-1.0364434502705655,1.003843577871807,-0.0149763166259595,4.899597739239344,0,0,0,0,1,0,0,0,0,0,0,0,0,False,0,0,0,0,0,0,0,0,0,0,0,0,0,0,0,0,0,0,0,0,0,0,4,3.968310013104514,0,0,0,True,0
0,32,21.0,54.0,4.0,22.0,12.0,0.0,0.0,0.0,10.0,1.0,2021.0,1,58.0,2.636363636363636,0.0689655172413793,1.0476190476190477,22.0,0.5454545454545454,0.0,0.0,0.0,0.4545454545454545,1.0,6.123233995736766e-17,0.0,0.0,32.0,0,0,0,0,0,0,0,0,0,0,0,0,0,False,0,0,0,0,0,0,0,0,0,0,0,0,0,0,0,0,0,1,0,0,0,0,4,4.0,0,0,0,True,0
8,32,21.0,42.0,9.0,0.0,0.0,0.0,0.0,8.0,0.0,3.0,2022.0,7,51.0,51.0,0.1764705882352941,0.0,8.0,0.0,0.0,0.0,1.0,0.0,-1.0,-1.8369701987210292e-16,1.0,0.0,32.0,0,0,0,0,0,0,0,0,0,0,0,0,0,False,0,0,0,0,0,0,0,0,0,0,0,0,0,0,0,0,0,1,0,0,0,0,4,4.0,0,0,0,True,0
7,20,18.0,98.0,33.0,27.0,0.0,0.0,0.0,21.0,6.0,3.0,2021.0,3,131.0,4.851851851851852,0.2519083969465648,1.5,27.0,0.0,0.0,0.0,0.7777777777777778,0.2222222222222222,-1.0,-1.8369701987210292e-16,1.0,0.0,20.0,0,0,0,0,0,0,0,0,0,0,0,0,0,False,0,0,0,0,0,1,0,0,0,0,0,0,0,0,0,0,0,0,0,0,0,0,2,2.0,0,1,0,False,0
12,4,122.0,523.0,93.0,161.0,72.0,0.0,0.0,1.0,88.0,4.0,2022.0,8,616.0,3.8260869565217392,0.1509740259740259,1.319672131147541,161.0,0.4472049689440994,0.0,0.0,0.0062111801242236,0.546583850931677,-2.4492935982947064e-16,1.0,1.0,1.0,4.0,0,0,0,1,0,0,0,0,0,0,0,0,0,False,0,0,0,0,0,0,0,0,0,0,0,0,0,0,0,0,0,0,0,0,0,0,1,1.0,1,0,0,False,0
9,17,64.0,217.0,21.0,120.0,89.0,0.0,1.0,0.0,30.0,3.0,2023.0,11,238.0,1.9833333333333327,0.088235294117647,1.875,120.0,0.7416666666666667,0.0,0.0083333333333333,0.0,0.25,-1.0,-1.8369701987210292e-16,1.0,1.0,17.0,0,0,0,0,0,0,0,0,0,0,0,0,0,False,0,0,1,0,0,0,0,0,0,0,0,0,0,0,0,0,0,0,0,0,0,0,2,2.0,0,1,0,False,0
12,30,165.0,423.0,84.0,209.0,115.0,0.0,0.0,2.0,92.0,4.0,2022.0,8,507.0,2.425837320574163,0.165680473372781,1.2666666666666666,209.0,0.5502392344497608,0.0,0.0,0.0095693779904306,0.4401913875598086,-2.4492935982947064e-16,1.0,1.0,1.0,30.0,0,0,0,0,0,0,0,0,0,0,0,0,0,False,0,0,0,0,0,0,0,0,0,0,0,0,0,0,0,1,0,0,0,0,0,0,5,5.0,0,0,0,False,1
7,33,27.0,78.0,15.0,34.0,0.0,0.0,0.0,26.0,8.0,3.0,2021.0,3,93.0,2.735294117647059,0.1612903225806451,1.2592592592592593,34.0,0.0,0.0,0.0,0.7647058823529411,0.2352941176470588,-1.0,-1.8369701987210292e-16,1.0,0.0,33.0,0,0,0,0,0,0,0,0,0,0,0,0,0,False,0,0,0,0,0,0,0,0,0,0,0,0,0,0,0,0,0,0,1,0,0,0,2,2.0,0,1,0,False,0
9,16,20.0,107.0,10.0,20.0,9.0,0.0,0.0,0.0,11.0,3.0,2023.0,11,117.0,5.85,0.0854700854700854,1.0,20.0,0.45,0.0,0.0,0.0,0.55,-1.0,-1.8369701987210292e-16,1.0,0.0,16.0,0,0,0,0,0,0,0,0,0,0,0,0,0,False,0,1,0,0,0,0,0,0,0,0,0,0,0,0,0,0,0,0,0,0,0,0,3,3.0,0,0,1,False,0
8,11,60.29229375554858,127.69566178069752,28.530485718175804,4.843296766424023,0.044939340681029,-0.003180955356436,1.0125697830576008,42.90834727585471,0.2394094882211001,2.995346913757003,2021.936692706352,7,157.91998130256647,31.335319631552597,0.1728166627232492,0.0894887107697423,46.64187116793054,-0.0028563945047378,0.0002387854388515,0.0220067053658764,0.9755849014299098,0.0060667296891811,-1.0112232185165675,0.0080199933660928,1.0005066121785056,0.0043717373981993,10.956898190596194,0,0,0,0,0,0,0,0,0,0,1,0,0,False,0,0,0,0,0,0,0,0,0,0,0,0,0,0,0,0,0,0,0,0,0,0,4,4.036287009660564,0,0,0,True,0
7,24,141.0,233.0,41.0,144.0,0.0,1.0,2.0,71.0,70.0,3.0,2021.0,3,274.0,1.9027777777777777,0.1496350364963503,1.0212765957446808,144.0,0.0,0.0069444444444444,0.0138888888888888,0.4930555555555556,0.4861111111111111,-1.0,-1.8369701987210292e-16,1.0,1.0,24.0,0,0,0,0,0,0,0,0,0,0,0,0,0,False,0,0,0,0,0,0,0,0,0,1,0,0,0,0,0,0,0,0,0,0,0,0,5,5.0,0,0,0,False,1
13,6,42.0,114.0,23.0,42.0,27.0,0.0,0.0,0.0,15.0,4.0,2023.0,12,137.0,3.261904761904762,0.1678832116788321,1.0,42.0,0.6428571428571429,0.0,0.0,0.0,0.3571428571428571,-2.4492935982947064e-16,1.0,1.0,0.0,6.0,0,0,0,0,0,1,0,0,0,0,0,0,0,False,0,0,0,0,0,0,0,0,0,0,0,0,0,0,0,0,0,0,0,0,0,0,0,0.0,0,0,0,False,0
11,16,37.0,130.0,22.0,38.0,0.0,0.0,0.0,20.0,18.0,4.0,2021.0,4,152.0,4.0,0.1447368421052631,1.027027027027027,38.0,0.0,0.0,0.0,0.5263157894736842,0.4736842105263157,-2.4492935982947064e-16,1.0,1.0,0.0,16.0,0,0,0,0,0,0,0,0,0,0,0,0,0,False,0,1,0,0,0,0,0,0,0,0,0,0,0,0,0,0,0,0,0,0,0,0,3,3.0,0,0,1,False,0
10,28,114.0,320.0,84.0,155.0,107.0,0.0,0.0,1.0,47.0,4.0,2020.0,0,404.0,2.606451612903226,0.2079207920792079,1.3596491228070176,155.0,0.6903225806451613,0.0,0.0,0.0064516129032258,0.3032258064516129,-2.4492935982947064e-16,1.0,1.0,1.0,28.0,0,0,0,0,0,0,0,0,0,0,0,0,0,False,0,0,0,0,0,0,0,0,0,0,0,0,0,1,0,0,0,0,0,0,0,0,5,5.0,0,0,0,False,1
3,15,87.69428485720975,348.064528906188,43.99843136511276,86.58525030009771,45.59608263548864,0.0093968377282027,-0.0234086820179252,-0.6526534738542157,41.872644340203934,0.9851389278237532,2024.0160383748205,13,393.0246543187533,3.998292370602077,0.1107289580056529,1.0124347899106925,89.7947284832987,0.5288310709009004,-0.0002035657757851,0.000483921629468,-0.0007383835618554,0.4773375050931719,0.9782203092540634,-0.0065727922560225,1.0028565962571212,1.004129662909805,14.66644529958042,0,0,0,0,0,0,0,0,0,0,0,0,0,False,1,0,0,0,0,0,0,0,0,0,0,0,0,0,0,0,0,0,0,0,0,0,1,1.0054063698437814,1,0,0,False,0
1,8,21.0,71.0,8.0,23.0,0.0,0.0,0.0,13.0,10.0,1.0,2022.0,5,79.0,3.4347826086956523,0.1012658227848101,1.0952380952380951,23.0,0.0,0.0,0.0,0.5652173913043478,0.4347826086956521,1.0,6.123233995736766e-17,1.0,0.0,8.0,0,0,0,0,0,0,0,1,0,0,0,0,0,False,0,0,0,0,0,0,0,0,0,0,0,0,0,0,0,0,0,0,0,0,0,0,4,4.0,0,0,0,True,0
6,18,190.0,755.0,119.0,218.0,125.0,1.0,0.0,7.0,85.0,2.0,2023.0,10,874.0,4.009174311926605,0.1361556064073226,1.1473684210526316,218.0,0.573394495412844,0.0045871559633027,0.0,0.0321100917431192,0.3899082568807339,1.2246467991473532e-16,-1.0,1.0,1.0,18.0,0,0,0,0,0,0,0,0,0,0,0,0,0,False,0,0,0,1,0,0,0,0,0,0,0,0,0,0,0,0,0,0,0,0,0,0,2,2.0,0,1,0,False,0
13,8,28.26189792276709,42.801762843238535,15.652076621907884,29.66205404714516,14.091989123867789,-0.0020172197473367,-0.0235687360343782,-0.6833545881675385,13.10344620458783,3.997245093145801,2022.9936099838696,12,61.41302429985484,2.5799589021128835,0.2745025244623331,1.0825784782351564,28.019864779574338,0.5342037961774797,0.0001365468873372,0.0003173392546694,-0.0041610086012532,0.4638809320707112,0.0148798503144133,0.9863513905523102,0.9869932928446108,-0.0011230719218493,7.86264762556924,0,0,0,0,0,0,0,1,0,0,0,0,0,False,0,0,0,0,0,0,0,0,0,0,0,0,0,0,0,0,0,0,0,0,0,0,4,4.027754150782648,0,0,0,True,0
11,21,62.0,248.0,28.0,64.0,0.0,0.0,0.0,47.0,17.0,4.0,2021.0,4,276.0,4.3125,0.1014492753623188,1.032258064516129,64.0,0.0,0.0,0.0,0.734375,0.265625,-2.4492935982947064e-16,1.0,1.0,1.0,21.0,0,0,0,0,0,0,0,0,0,0,0,0,0,False,0,0,0,0,0,0,1,0,0,0,0,0,0,0,0,0,0,0,0,0,0,0,2,2.0,0,1,0,False,0
2,12,21.325869540540232,48.46881748974738,1.107820580014597,54.72071105991029,39.46742237959208,1.0120255892279049,-0.0065032450218897,1.3966933219210196,9.09463083708624,1.0210574464180753,2023.0094601538167,9,47.30303331082576,0.8060010221103903,0.0396966103374864,2.27826380360062,49.219313741616645,0.7748979553303837,0.0202005237467165,0.0001089334703129,-0.008192873666031,0.2040431994285479,1.013479402254046,0.0040943022935512,-0.0086958535539087,-0.013091137126535,11.93897317258306,0,0,0,0,0,0,0,0,0,0,0,1,0,False,0,0,0,0,0,0,0,0,0,0,0,0,0,0,0,0,0,0,0,0,0,0,5,4.95342253805655,0,0,0,False,1
7,29,105.0,324.0,82.0,134.0,0.0,0.0,0.0,78.0,56.0,3.0,2021.0,3,406.0,3.029850746268657,0.2019704433497537,1.276190476190476,134.0,0.0,0.0,0.0,0.582089552238806,0.417910447761194,-1.0,-1.8369701987210292e-16,1.0,1.0,29.0,0,0,0,0,0,0,0,0,0,0,0,0,0,False,0,0,0,0,0,0,0,0,0,0,0,0,0,0,1,0,0,0,0,0,0,0,5,5.0,0,0,0,False,1
11,25,263.0,686.0,59.0,301.0,3.0,0.0,0.0,92.0,206.0,4.0,2021.0,4,745.0,2.475083056478405,0.0791946308724832,1.144486692015209,301.0,0.0099667774086378,0.0,0.0,0.3056478405315614,0.6843853820598007,-2.4492935982947064e-16,1.0,1.0,1.0,25.0,0,0,0,0,0,0,0,0,0,0,0,0,0,False,0,0,0,0,0,0,0,0,0,0,1,0,0,0,0,0,0,0,0,0,0,0,0,0.0,0,0,0,False,0
10,6,77.0,177.0,25.0,81.0,81.0,0.0,0.0,0.0,0.0,4.0,2020.0,0,202.0,2.493827160493827,0.1237623762376237,1.051948051948052,81.0,1.0,0.0,0.0,0.0,0.0,-2.4492935982947064e-16,1.0,1.0,0.0,6.0,0,0,0,0,0,1,0,0,0,0,0,0,0,False,0,0,0,0,0,0,0,0,0,0,0,0,0,0,0,0,0,0,0,0,0,0,0,0.0,0,0,0,False,0
10,21,59.2004009906699,227.0722007628403,55.53344477676059,61.63551644378391,44.03325806546607,0.0159003311412149,-0.0519601488851567,0.3530229431646697,21.415278064981845,3.996252337081473,2019.995175628925,0,269.2392842762004,3.5127114631025065,0.1994415725332813,1.095006792276002,64.27955142665587,0.6979972911299744,-4.683795070441223e-05,-0.0001468778502009,-0.0004555062142686,0.2985022036885086,0.0149461865661376,1.0104706271235124,1.007198019163705,0.9968681656081028,21.30779212501725,0,0,0,0,0,0,0,0,0,0,0,0,0,False,0,0,0,0,0,0,1,0,0,0,0,0,0,0,0,0,0,0,0,0,0,0,2,2.016329641436183,0,1,0,False,0
13,34,43.0,113.0,13.0,41.0,13.0,0.0,0.0,0.0,28.0,4.0,2023.0,12,126.0,3.073170731707317,0.1031746031746031,0.9534883720930232,41.0,0.3170731707317073,0.0,0.0,0.0,0.6829268292682927,-2.4492935982947064e-16,1.0,1.0,0.0,34.0,0,0,0,0,0,0,0,0,0,0,0,0,0,False,0,0,0,0,0,0,0,0,0,0,0,0,0,0,0,0,0,0,0,1,0,0,1,1.0,1,0,0,False,0
0,36,41.0,153.0,14.0,47.0,29.0,0.0,0.0,0.0,18.0,1.0,2021.0,1,167.0,3.5531914893617023,0.0838323353293413,1.146341463414634,47.0,0.6170212765957447,0.0,0.0,0.0,0.3829787234042553,1.0,6.123233995736766e-17,1.0,0.0,36.0,0,0,0,0,0,0,0,0,0,0,0,0,0,False,0,0,0,0,0,0,0,0,0,0,0,0,0,0,0,0,0,0,0,0,0,1,2,2.0,0,1,0,False,0
2,8,11.441225417929552,32.04054677884042,7.109130893430478,13.265006148880715,13.71776466961387,0.0029265131334159,0.0480713654029917,-0.1058876410814322,2.1969538297598628,0.9827205845610958,2022.9670075863123,9,37.49271131821165,1.9261012935559771,0.1678938357508324,1.2403250552958145,18.208320678746908,0.8018139811157439,-0.0001684363772117,0.000102780045998,-0.002062450136446,0.1999893029435833,1.002178006045731,-0.0098134480873417,0.9943895476169102,0.0057740930449247,8.242811025455943,0,0,0,0,0,0,0,1,0,0,0,0,0,False,0,0,0,0,0,0,0,0,0,0,0,0,0,0,0,0,0,0,0,0,0,0,4,4.024027539718879,0,0,0,True,0
12,8,40.11294212932964,85.89726703892659,21.401676173335638,51.93400799060101,29.061297070506047,-0.0070768001912299,0.1098345114547559,-0.645811793142093,22.0521050100643,4.00600427682544,2021.9756376878888,8,105.36651353352556,0.4092065148835035,0.2067561017122831,1.2993347966310815,51.79389627131182,0.5343724200788785,-3.699488804215504e-06,0.0004026337320123,-0.0049068551527207,0.4723714955699232,-0.0070496732519288,0.9738124454377256,0.9930135263436376,-0.0051322636874755,8.011956271749055,0,0,0,0,0,0,0,1,0,0,0,0,0,False,0,0,0,0,0,0,0,0,0,0,0,0,0,0,0,0,0,0,0,0,0,0,4,3.996301198158176,0,0,0,True,0
5,16,20.0,46.0,9.0,26.0,0.0,0.0,0.0,6.0,20.0,2.0,2022.0,6,55.0,2.1153846153846154,0.1636363636363636,1.3,26.0,0.0,0.0,0.0,0.2307692307692307,0.7692307692307693,1.2246467991473532e-16,-1.0,1.0,0.0,16.0,0,0,0,0,0,0,0,0,0,0,0,0,0,False,0,1,0,0,0,0,0,0,0,0,0,0,0,0,0,0,0,0,0,0,0,0,3,3.0,0,0,1,False,0
7,34,45.0,128.0,3.0,66.0,0.0,0.0,0.0,18.0,48.0,3.0,2021.0,3,131.0,1.9848484848484849,0.0229007633587786,1.4666666666666666,66.0,0.0,0.0,0.0,0.2727272727272727,0.7272727272727273,-1.0,-1.8369701987210292e-16,0.0,0.0,34.0,0,0,0,0,0,0,0,0,0,0,0,0,0,False,0,0,0,0,0,0,0,0,0,0,0,0,0,0,0,0,0,0,0,1,0,0,1,1.0,1,0,0,False,0
5,23,91.60882035310507,339.8194943492437,67.10693620858542,127.18719807722978,-0.7518133893030761,-0.002653473985031,0.014785607772004,67.21929952582698,58.06738725458408,1.9843083567542472,2022.026759150264,6,407.5162762230908,4.000038410131708,0.1647751592052999,1.361408842860204,125.75120801633472,0.0003359286639412,0.0003611874630952,0.0001201944828527,0.5234503565974743,0.4614108478025544,0.0289839951220309,-0.9964913429028374,1.0051447166466685,0.992242641890139,22.730401144881256,0,0,0,0,0,0,0,0,0,0,0,0,0,False,0,0,0,0,0,0,0,0,1,0,0,0,0,0,0,0,0,0,0,0,0,0,0,0.034385638931994,0,0,0,False,0
5,12,31.0,58.0,13.0,61.0,1.0,0.0,0.0,54.0,6.0,2.0,2022.0,6,71.0,1.1639344262295082,0.1830985915492957,1.967741935483871,61.0,0.0163934426229508,0.0,0.0,0.8852459016393442,0.0983606557377049,1.2246467991473532e-16,-1.0,1.0,0.0,12.0,0,0,0,0,0,0,0,0,0,0,0,1,0,False,0,0,0,0,0,0,0,0,0,0,0,0,0,0,0,0,0,0,0,0,0,0,5,5.0,0,0,0,False,1
1,35,26.0,133.0,63.0,38.0,0.0,0.0,0.0,21.0,17.0,1.0,2022.0,5,196.0,5.157894736842105,0.3214285714285714,1.4615384615384617,38.0,0.0,0.0,0.0,0.5526315789473685,0.4473684210526316,1.0,6.123233995736766e-17,1.0,0.0,35.0,0,0,0,0,0,0,0,0,0,0,0,0,0,False,0,0,0,0,0,0,0,0,0,0,0,0,0,0,0,0,0,0,0,0,1,0,1,1.0,1,0,0,False,0
7,32,30.85634154007658,84.84324575588214,22.80180479816577,34.127706279836104,0.6141634078898922,-0.0003890358970579,0.0306573504342754,16.983731387791273,19.447213861218422,3.007455706585462,2020.9844688648504,3,108.10633194181749,3.1504209665267933,0.2067361948924506,1.1546398348956115,32.69717807920585,0.0039025539211767,1.6756268243465973e-05,-0.0002369541027014,0.4483620297372203,0.553781058082499,-0.988820106439408,0.0350654488749992,1.0071079631519504,0.0146982505667895,32.34678151848314,0,0,0,0,0,0,0,0,0,0,0,0,0,False,0,0,0,0,0,0,0,0,0,0,0,0,0,0,0,0,0,1,0,0,0,0,4,3.989121824181441,0,0,0,True,0
3,19,54.0,236.0,30.0,66.0,44.0,0.0,0.0,0.0,22.0,1.0,2024.0,13,266.0,4.03030303030303,0.112781954887218,1.2222222222222223,66.0,0.6666666666666666,0.0,0.0,0.0,0.3333333333333333,1.0,6.123233995736766e-17,1.0,1.0,19.0,0,0,0,0,0,0,0,0,0,0,0,0,0,False,0,0,0,0,1,0,0,0,0,0,0,0,0,0,0,0,0,0,0,0,0,0,2,2.0,0,1,0,False,0
7,21,54.0,159.0,59.0,58.0,0.0,0.0,1.0,41.0,16.0,3.0,2021.0,3,218.0,3.7586206896551726,0.2706422018348624,1.0740740740740742,58.0,0.0,0.0,0.0172413793103448,0.7068965517241379,0.2758620689655172,-1.0,-1.8369701987210292e-16,1.0,1.0,21.0,0,0,0,0,0,0,0,0,0,0,0,0,0,False,0,0,0,0,0,0,1,0,0,0,0,0,0,0,0,0,0,0,0,0,0,0,2,2.0,0,1,0,False,0
9,1,29.776639719301578,93.84032305588694,5.761804258467947,33.01717204168164,21.15406254568501,-0.010065057484825,0.0128517966606089,1.0532143375125054,11.954398089137062,3.0012770548462955,2022.987113886906,11,95.0392331573212,3.586075569514122,0.0647752313624426,1.036140499959782,35.84516955196388,0.6299966033998405,-3.0509231946419583e-05,0.0003435184624532,0.0003565373562459,0.3656337471854242,-1.0099440584495811,0.0211021946785748,0.9964340400513908,-0.0145667667710469,1.088290471312065,1,0,0,0,0,0,0,0,0,0,0,0,0,False,0,0,0,0,0,0,0,0,0,0,0,0,0,0,0,0,0,0,0,0,0,0,1,1.0097440984888442,1,0,0,False,0
12,5,7.580232261519674,15.058912607369097,1.5461679693331825,8.505113253094024,3.477110101996665,-0.0202926365696063,-0.0127772333233366,-1.1604944020269858,7.215780276501193,3.996733706297596,2022.0040935498528,8,16.062165085948305,2.0771578589308968,0.0528976733870015,1.11663612174962,9.145746727807486,0.4473901560678935,-0.0001149462526857,-5.400193171363524e-06,0.002175810493264,0.5521046423535374,0.0076620012384112,1.018756685272936,0.0077078932346365,-0.0025284174934981,5.225723777548243,0,0,0,0,1,0,0,0,0,0,0,0,0,False,0,0,0,0,0,0,0,0,0,0,0,0,0,0,0,0,0,0,0,0,0,0,4,4.003637408586741,0,0,0,True,0
1,0,33.0,144.0,13.0,41.0,1.0,0.0,0.0,20.0,20.0,1.0,2022.0,5,157.0,3.829268292682927,0.0828025477707006,1.2424242424242424,41.0,0.024390243902439,0.0,0.0,0.4878048780487805,0.4878048780487805,1.0,6.123233995736766e-17,1.0,0.0,0.0,0,0,0,0,0,0,0,0,0,0,0,0,0,False,0,0,0,0,0,0,0,0,0,0,0,0,0,0,0,0,0,0,0,0,0,0,3,3.0,0,0,1,False,0
0,4,131.0,634.0,115.0,153.0,77.0,0.0,0.0,0.0,76.0,1.0,2021.0,1,749.0,4.895424836601308,0.1535380507343124,1.16793893129771,153.0,0.5032679738562091,0.0,0.0,0.0,0.4967320261437908,1.0,6.123233995736766e-17,1.0,1.0,4.0,0,0,0,1,0,0,0,0,0,0,0,0,0,False,0,0,0,0,0,0,0,0,0,0,0,0,0,0,0,0,0,0,0,0,0,0,1,1.0,1,0,0,False,0
7,36,21.03213885323997,57.2114309115019,18.1855300217888,18.563101232269307,0.3770984820451709,7.827381429186557e-05,-0.0660024017779563,8.924906061078927,13.67693656009924,3.029613031146076,2021.004605489181,3,70.69873510871861,3.7084638124460567,0.2522928211135875,1.015106001684413,21.46433236088173,0.0002421195131214,-5.264879706336017e-05,0.0003281952646412,0.4311894186978613,0.5786986443554225,-1.0090081396432653,0.0162149779190039,0.9978518334297464,-0.004986213962232,35.98338047291142,0,0,0,0,0,0,0,0,0,0,0,0,0,False,0,0,0,0,0,0,0,0,0,0,0,0,0,0,0,0,0,0,0,0,0,1,2,2.0543703127611352,0,1,0,False,0
4,34,56.0,171.0,12.0,77.0,28.0,0.0,0.0,0.0,49.0,2.0,2021.0,2,183.0,2.3766233766233764,0.0655737704918032,1.375,77.0,0.3636363636363636,0.0,0.0,0.0,0.6363636363636364,1.2246467991473532e-16,-1.0,1.0,0.0,34.0,0,0,0,0,0,0,0,0,0,0,0,0,0,False,0,0,0,0,0,0,0,0,0,0,0,0,0,0,0,0,0,0,0,1,0,0,1,1.0,1,0,0,False,0
1,2,11.154009500995386,33.56579232506321,6.067720026850128,15.321685789134168,-1.7091877087426923,-0.0001954034891416,0.0276621636000658,12.740216280854389,4.201419630964978,0.9576570643250236,2021.991119942312,5,47.692978510966526,1.98731024392881,0.1657638379305865,1.020334573851281,17.83302119558062,-0.0111638826273594,9.710799210187998e-05,-0.0001436888801184,0.7380045623701547,0.2512671545081678,0.9913406235095868,-0.0123447898769109,0.9901559340044672,0.0053133198153779,1.620685427660363,0,1,0,0,0,0,0,0,0,0,0,0,0,False,0,0,0,0,0,0,0,0,0,0,0,0,0,0,0,0,0,0,0,0,0,0,4,4.025631634435124,0,0,0,True,0
0,19,137.0,604.0,100.0,184.0,110.0,0.0,0.0,3.0,71.0,1.0,2021.0,1,704.0,3.8260869565217392,0.1420454545454545,1.3430656934306568,184.0,0.5978260869565217,0.0,0.0,0.0163043478260869,0.3858695652173913,1.0,6.123233995736766e-17,1.0,1.0,19.0,0,0,0,0,0,0,0,0,0,0,0,0,0,False,0,0,0,0,1,0,0,0,0,0,0,0,0,0,0,0,0,0,0,0,0,0,2,2.0,0,1,0,False,0
6,35,50.0,305.0,32.0,64.0,36.0,0.0,0.0,0.0,28.0,2.0,2023.0,10,337.0,5.265625,0.0949554896142433,1.28,64.0,0.5625,0.0,0.0,0.0,0.4375,1.2246467991473532e-16,-1.0,1.0,1.0,35.0,0,0,0,0,0,0,0,0,0,0,0,0,0,False,0,0,0,0,0,0,0,0,0,0,0,0,0,0,0,0,0,0,0,0,1,0,1,1.0,1,0,0,False,0
9,35,28.0,93.0,12.0,33.0,11.0,0.0,0.0,0.0,22.0,3.0,2023.0,11,105.0,3.1818181818181817,0.1142857142857142,1.1785714285714286,33.0,0.3333333333333333,0.0,0.0,0.0,0.6666666666666666,-1.0,-1.8369701987210292e-16,1.0,0.0,35.0,0,0,0,0,0,0,0,0,0,0,0,0,0,False,0,0,0,0,0,0,0,0,0,0,0,0,0,0,0,0,0,0,0,0,1,0,1,1.0,1,0,0,False,0
3,34,36.071811451797366,95.20612239607009,16.20093664221523,34.91652745845512,17.664234491776178,0.0069283309409697,0.0046481480014379,-1.1110398415180935,18.68239691992331,1.0398681060411494,2024.003465419672,13,118.01288462897836,1.7928784637877533,0.1480566666858127,0.9985347008938475,39.54795101134225,0.4494442381836648,1.830333252800684e-05,9.625800333116454e-05,0.0085174943868273,0.5563957030876581,0.9948067948171556,0.0012957712373961,0.9913384796069143,-0.0119745383065327,34.00122617997189,0,0,0,0,0,0,0,0,0,0,0,0,0,False,0,0,0,0,0,0,0,0,0,0,0,0,0,0,0,0,0,0,0,1,0,0,1,1.0278155925904804,1,0,0,False,0
1,27,267.28239771341663,655.5674242509021,125.7660414313595,341.39119955457926,1.2832111705857168,0.0120656621755259,-0.027204826456652,258.2258849402616,83.97419936415251,1.0603059562506831,2022.0007996543509,5,780.8267202032351,2.8052078144230923,0.1584685279379217,1.2848404061953285,346.03313533377644,0.0098952102620126,4.432164678052512e-05,-6.688317163587477e-05,0.7570258035689991,0.2406106767640825,0.989491227123558,0.0144952104764864,1.0037387329070977,1.014783351788334,27.025349657653205,0,0,0,0,0,0,0,0,0,0,0,0,0,False,0,0,0,0,0,0,0,0,0,0,0,0,1,0,0,0,0,0,0,0,0,0,5,5.040221467046853,0,0,0,False,1
10,24,113.0,181.0,21.0,114.0,46.0,1.0,0.0,3.0,64.0,4.0,2020.0,0,202.0,1.7719298245614037,0.1039603960396039,1.008849557522124,114.0,0.4035087719298245,0.0087719298245614,0.0,0.0263157894736842,0.5614035087719298,-2.4492935982947064e-16,1.0,1.0,0.0,24.0,0,0,0,0,0,0,0,0,0,0,0,0,0,False,0,0,0,0,0,0,0,0,0,1,0,0,0,0,0,0,0,0,0,0,0,0,5,5.0,0,0,0,False,1
13,23,75.0,316.0,57.0,110.0,47.0,0.0,0.0,2.0,61.0,4.0,2023.0,12,373.0,3.390909090909091,0.1528150134048257,1.4666666666666666,110.0,0.4272727272727272,0.0,0.0,0.0181818181818181,0.5545454545454546,-2.4492935982947064e-16,1.0,1.0,1.0,23.0,0,0,0,0,0,0,0,0,0,0,0,0,0,False,0,0,0,0,0,0,0,0,1,0,0,0,0,0,0,0,0,0,0,0,0,0,0,0.0,0,0,0,False,0
8,17,146.69920576249868,506.7569991586777,46.83203865115296,5.433619842916757,1.123705052694589,0.0045766333028292,1.0031533863594828,200.7746366634934,0.1171922500614902,3.0006689203571724,2021.9928702508373,7,552.7709836805534,182.0767382829983,0.0852247966372722,0.0127011729051649,197.97243549443235,-0.0010067921843139,0.0003587363147781,0.0052095878075122,0.9945577576281032,0.0014194583231288,-1.0143404032649996,0.0081050698722675,0.9993516183107618,1.0166395824350882,17.20761936416964,0,0,0,0,0,0,0,0,0,0,0,0,0,False,0,0,1,0,0,0,0,0,0,0,0,0,0,0,0,0,0,0,0,0,0,0,2,2.0431821001751023,0,1,0,False,0
4,25,241.7751960056169,599.995855584479,53.72910318286706,284.79813699008514,105.86544692075714,2.008335261368301,-0.0179933066840838,0.3399192333187417,177.6545054825768,1.99831751293818,2020.9998612088896,2,653.821299458982,1.8765724309916567,0.0809153216899366,1.1738149755488403,284.7814911141133,0.3703499278827101,0.0071004655917846,-0.0002908975638294,0.0076418182273848,0.6195034844614046,-0.0091062834006603,-1.0032391025694951,0.9992909884800646,0.9944568947571102,25.18480946227747,0,0,0,0,0,0,0,0,0,0,0,0,0,False,0,0,0,0,0,0,0,0,0,0,1,0,0,0,0,0,0,0,0,0,0,0,0,0.0459466484232867,0,0,0,False,0
1,32,27.743938505684152,61.408768236708845,6.002344297714394,34.41317031996821,0.3448767330566317,0.0075985982072023,0.0058024237464412,20.74962959859402,17.309757650423684,0.9974674395190452,2022.0065534659796,5,66.38889590878337,0.733683046076245,0.1088018598236795,1.309440303103951,40.53500921848965,-0.0082351046921508,-0.0002617980543787,0.0003202860027363,0.5148912976775792,0.4662374344371282,0.9923833363363816,-0.01403632240846,1.00313490104104,0.0061744349669447,32.02208804677397,0,0,0,0,0,0,0,0,0,0,0,0,0,False,0,0,0,0,0,0,0,0,0,0,0,0,0,0,0,0,0,1,0,0,0,0,4,3.975513899142515,0,0,0,True,0
3,29,98.7148485799972,375.1651069770754,96.16912182776056,124.99269916554084,70.9719723857983,-0.0158475732999317,-0.0246314085478111,1.5222188400948178,49.8561435948002,1.016343314351081,2024.0264511693308,13,472.9835401586478,4.114226624845261,0.2039149175465303,1.222905716602208,122.55269756702047,0.5727498853828197,1.929438908358092e-05,0.0003543908221498,0.010459087784558,0.4173860812034224,1.0400680620750808,-0.0013922185317557,1.0048848595564803,1.0017631666297038,29.179443493810144,0,0,0,0,0,0,0,0,0,0,0,0,0,False,0,0,0,0,0,0,0,0,0,0,0,0,0,0,1,0,0,0,0,0,0,0,5,5.01800826379614,0,0,0,False,1
6,25,208.68192193131208,529.6140674088688,54.30190091833535,276.66841994820084,139.46676642874303,0.0042677212584618,-0.0062971024763837,1.8252702635558715,134.41765823508507,2.003049244655477,2022.9670080663343,10,582.7622460579211,2.2791269646359886,0.0938792160945269,1.3297021462111325,275.21631244075024,0.4952677076786496,0.0001710068360763,-0.0002212149965558,-0.0106045678717481,0.4862432721391597,0.0004570463475771,-1.0139521401971372,1.0043061386942835,0.9880456956575692,24.70444803419664,0,0,0,0,0,0,0,0,0,0,0,0,0,False,0,0,0,0,0,0,0,0,0,0,1,0,0,0,0,0,0,0,0,0,0,0,0,-0.0043973733208503,0,0,0,False,0
2,5,6.0,11.0,1.0,10.0,8.0,0.0,0.0,0.0,2.0,1.0,2023.0,9,12.0,1.2,0.0833333333333333,1.6666666666666667,10.0,0.8,0.0,0.0,0.0,0.2,1.0,6.123233995736766e-17,0.0,0.0,5.0,0,0,0,0,1,0,0,0,0,0,0,0,0,False,0,0,0,0,0,0,0,0,0,0,0,0,0,0,0,0,0,0,0,0,0,0,4,4.0,0,0,0,True,0
0,14,278.0,518.0,56.0,400.0,158.0,1.0,0.0,0.0,241.0,1.0,2021.0,1,574.0,1.435,0.0975609756097561,1.4388489208633093,400.0,0.395,0.0025,0.0,0.0,0.6025,1.0,6.123233995736766e-17,1.0,1.0,14.0,0,0,0,0,0,0,0,0,0,0,0,0,0,True,0,0,0,0,0,0,0,0,0,0,0,0,0,0,0,0,0,0,0,0,0,0,0,0.0,0,0,0,False,0
3,26,127.0,433.0,119.0,182.0,140.0,0.0,2.0,3.0,37.0,1.0,2024.0,13,552.0,3.032967032967033,0.2155797101449275,1.4330708661417322,182.0,0.7692307692307693,0.0,0.0109890109890109,0.0164835164835164,0.2032967032967033,1.0,6.123233995736766e-17,1.0,1.0,26.0,0,0,0,0,0,0,0,0,0,0,0,0,0,False,0,0,0,0,0,0,0,0,0,0,0,1,0,0,0,0,0,0,0,0,0,0,0,0.0,0,0,0,False,0
3,35,39.0,234.0,13.0,55.0,38.0,0.0,0.0,0.0,17.0,1.0,2024.0,13,247.0,4.490909090909091,0.0526315789473684,1.4102564102564104,55.0,0.6909090909090909,0.0,0.0,0.0,0.3090909090909091,1.0,6.123233995736766e-17,1.0,1.0,35.0,0,0,0,0,0,0,0,0,0,0,0,0,0,False,0,0,0,0,0,0,0,0,0,0,0,0,0,0,0,0,0,0,0,0,1,0,1,1.0,1,0,0,False,0
6,13,42.495636697402944,128.0294222634431,39.71941713514095,67.13556225772436,24.75757422677267,0.0032410995571963,-0.0010073443328778,-1.378267524095503,40.85796988216976,2.04613012763485,2023.0319828705856,10,168.90533585731905,2.011803224834817,0.2375227827796282,1.5529010442719673,66.81910144451207,0.3854509711049892,0.0001566375982124,-7.863928302135167e-05,0.0035422112446156,0.6197489995784194,0.0091928667413173,-0.9696689603092264,1.0025592365424227,-0.030082528379778,12.942677870482544,0,0,0,0,0,0,0,0,0,0,0,0,1,False,0,0,0,0,0,0,0,0,0,0,0,0,0,0,0,0,0,0,0,0,0,0,3,3.0666362113968875,0,0,1,False,0
5,33,33.26189089634036,122.22937964934964,67.56332666456895,39.56198996769737,1.782249219176634,-0.0004419144609272,0.0308384618554335,18.986296074468218,20.19654892639572,1.998051684384341,2021.9958755699035,6,194.20589232288768,3.857053325759477,0.3511862475407282,1.2872276794915103,43.37858426833239,0.0095656611113706,0.0001673861665981,0.0002144550277282,0.512187883698696,0.5009113080677046,-0.0016721359368827,-1.0070748741703124,1.0002607318437062,0.0063908593059602,33.19172522786939,0,0,0,0,0,0,0,0,0,0,0,0,0,False,0,0,0,0,0,0,0,0,0,0,0,0,0,0,0,0,0,0,1,0,0,0,2,2.02296266115774,0,1,0,False,0
8,5,12.0,16.0,1.0,0.0,0.0,0.0,0.0,15.0,0.0,3.0,2022.0,7,17.0,17.0,0.0588235294117647,0.0,15.0,0.0,0.0,0.0,1.0,0.0,-1.0,-1.8369701987210292e-16,0.0,0.0,5.0,0,0,0,0,1,0,0,0,0,0,0,0,0,False,0,0,0,0,0,0,0,0,0,0,0,0,0,0,0,0,0,0,0,0,0,0,4,4.0,0,0,0,True,0
0,15,73.44421598669958,234.9692246777684,30.753112842744528,81.61377595374917,34.03435768853841,-0.008515971025614,0.0198677275864474,0.8297806893715771,49.76366476660458,0.9856685445723246,2020.9905217960652,1,265.3315906521601,1.7648935561871253,0.116676554336598,1.1371892563135997,81.62966320239384,0.4063679627835165,0.000361529330934,-0.0003570963922545,-0.003422478868226,0.590121089960897,1.001236504091423,-0.0095892242105593,0.9996165285538824,1.010676947448272,15.1318730385707,0,0,0,0,0,0,0,0,0,0,0,0,0,False,1,0,0,0,0,0,0,0,0,0,0,0,0,0,0,0,0,0,0,0,0,0,1,1.0255539641454392,1,0,0,False,0
10,36,56.7093218374648,253.10641381016293,39.613664682130825,72.06057385740289,40.25780418290762,0.0057213942299952,0.0067623849661544,-0.4758277563121535,32.36224160542327,3.979174248778086,2020.024778305602,0,296.7069262338841,4.157036210401066,0.1346980009594728,1.3033369536015451,69.54996122244206,0.5650949832545727,-0.000133197002072,-0.0003706162787988,0.0028066228347476,0.4467842294899616,0.0004443734921373,0.998294448374728,0.9918042506768984,0.9941366683612366,36.29424152049454,0,0,0,0,0,0,0,0,0,0,0,0,0,False,0,0,0,0,0,0,0,0,0,0,0,0,0,0,0,0,0,0,0,0,0,1,2,1.9489379484509872,0,1,0,False,0
8,20,53.71777130473623,221.2884184571001,77.15513154224664,3.437642535960779,-0.1116637020362526,0.0069730173211969,0.0034722597800673,41.927718026572855,-1.6184618226079124,2.958008835654146,2021.993355882173,7,296.166361510528,149.1307666691791,0.257529960248307,0.0314174563436079,39.63516798251906,0.0042121797677162,-0.0001618564204434,0.0004246864022831,0.9966879462832964,0.0076134122282248,-0.9974762310751984,-0.0099996363734773,1.0041199486524228,1.0110595654590495,19.75280392135821,0,0,0,0,0,0,0,0,0,0,0,0,0,False,0,0,0,0,0,1,0,0,0,0,0,0,0,0,0,0,0,0,0,0,0,0,2,2.028218288005024,0,1,0,False,0
6,22,105.93292089204569,358.3766114865255,56.44885427127827,119.80031955127876,64.16754126172724,0.0123210508447745,-0.0068029695088991,3.379792229326945,54.62261251368295,1.969180566463799,2023.0316911827451,10,424.5746411049741,1.3232924712326797,0.1365459570281917,1.101082891538574,117.18863537658132,0.5495615376029682,-7.728552662015325e-05,-3.28946650819405e-05,-0.0083249794092475,0.4526892430165388,-0.0161830397618231,-0.9814092051674752,0.9939834891319048,0.9946067434402732,22.00591845432757,0,0,0,0,0,0,0,0,0,0,0,0,0,False,0,0,0,0,0,0,0,1,0,0,0,0,0,0,0,0,0,0,0,0,0,0,0,-0.0128750888462743,0,0,0,False,0
4,28,113.91817263429736,297.334465642711,48.24279270049962,147.59488717772606,88.94921809810519,1.9880837783227103,-0.0208135994190643,0.4590963530639157,57.55064515377521,1.9966291513988692,2020.987925924413,2,352.5042281753948,3.260739315202843,0.1361979777407698,1.2869479806051536,149.44983295386746,0.6027316952026978,0.013361436744956,-0.000589171219813,0.0127966360387143,0.3715490333664359,0.0079106532996959,-0.9972084208232044,0.9938807903867666,0.9961531694040108,28.088543713076035,0,0,0,0,0,0,0,0,0,0,0,0,0,False,0,0,0,0,0,0,0,0,0,0,0,0,0,1,0,0,0,0,0,0,0,0,5,5.015030724250843,0,0,0,False,1
13,3,32.0,71.0,9.0,36.0,11.0,0.0,0.0,0.0,25.0,4.0,2023.0,12,80.0,2.2222222222222223,0.1125,1.125,36.0,0.3055555555555556,0.0,0.0,0.0,0.6944444444444444,-2.4492935982947064e-16,1.0,1.0,0.0,3.0,0,0,1,0,0,0,0,0,0,0,0,0,0,False,0,0,0,0,0,0,0,0,0,0,0,0,0,0,0,0,0,0,0,0,0,0,3,3.0,0,0,1,False,0
10,18,281.0,1010.0,224.0,363.0,194.0,0.0,0.0,0.0,169.0,4.0,2020.0,0,1234.0,3.399449035812672,0.1815235008103727,1.291814946619217,363.0,0.5344352617079889,0.0,0.0,0.0,0.465564738292011,-2.4492935982947064e-16,1.0,1.0,1.0,18.0,0,0,0,0,0,0,0,0,0,0,0,0,0,False,0,0,0,1,0,0,0,0,0,0,0,0,0,0,0,0,0,0,0,0,0,0,2,2.0,0,1,0,False,0
1,22,142.6954227579478,478.9626023424036,96.16815114680728,220.95287091513464,-1.438148593438455,0.0043879533043676,0.9412119519821988,132.88768438282312,88.6291417963614,0.988247238710192,2022.0253498915613,5,569.5211267837433,2.763497268011076,0.1671534793705236,1.5683902730880406,222.8185649793986,-1.5340248607738395e-05,-0.0001681329282867,0.0045728572367027,0.5955660999120853,0.4008502880755955,0.991970943521958,-0.0183225339738745,1.0005618675959742,0.9956844214926474,22.070392306280528,0,0,0,0,0,0,0,0,0,0,0,0,0,False,0,0,0,0,0,0,0,1,0,0,0,0,0,0,0,0,0,0,0,0,0,0,0,0.0067593536881112,0,0,0,False,0
3,2,10.0,23.0,5.0,13.0,5.0,0.0,0.0,0.0,8.0,1.0,2024.0,13,28.0,2.1538461538461537,0.1785714285714285,1.3,13.0,0.3846153846153846,0.0,0.0,0.0,0.6153846153846154,1.0,6.123233995736766e-17,0.0,0.0,2.0,0,1,0,0,0,0,0,0,0,0,0,0,0,False,0,0,0,0,0,0,0,0,0,0,0,0,0,0,0,0,0,0,0,0,0,0,4,4.0,0,0,0,True,0
10,34,58.38315322890109,152.97452162703146,5.627766496603593,91.12561860960278,57.75257407232005,-0.0074251353568713,-0.0448503991614993,-1.4521329466349282,35.8670126333539,3.9888266515612183,2019.962709527018,0,160.80295565661123,2.984714193061623,0.0454850453046543,1.5658091908350678,94.04644518651612,0.6136545618921635,3.877574814652984e-05,3.4063463420354573e-06,0.0001420891448027,0.3791670686301795,-0.0091994438240991,1.0242946862740765,0.9992574828848336,-0.0059057143867935,33.69636341355516,0,0,0,0,0,0,0,0,0,0,0,0,0,False,0,0,0,0,0,0,0,0,0,0,0,0,0,0,0,0,0,0,0,1,0,0,1,0.9411620656292544,1,0,0,False,0
9,26,101.0,382.0,56.0,138.0,98.0,1.0,0.0,2.0,37.0,3.0,2023.0,11,438.0,3.1739130434782608,0.1278538812785388,1.3663366336633664,138.0,0.7101449275362319,0.0072463768115942,0.0,0.0144927536231884,0.2681159420289855,-1.0,-1.8369701987210292e-16,1.0,1.0,26.0,0,0,0,0,0,0,0,0,0,0,0,0,0,False,0,0,0,0,0,0,0,0,0,0,0,1,0,0,0,0,0,0,0,0,0,0,0,0.0,0,0,0,False,0
2,34,55.0,201.0,24.0,56.0,9.0,0.0,0.0,0.0,47.0,1.0,2023.0,9,225.0,4.017857142857143,0.1066666666666666,1.018181818181818,56.0,0.1607142857142857,0.0,0.0,0.0,0.8392857142857143,1.0,6.123233995736766e-17,1.0,1.0,34.0,0,0,0,0,0,0,0,0,0,0,0,0,0,False,0,0,0,0,0,0,0,0,0,0,0,0,0,0,0,0,0,0,0,1,0,0,1,1.0,1,0,0,False,0
4,9,41.0,136.0,16.0,72.0,46.0,0.0,0.0,0.0,26.0,2.0,2021.0,2,152.0,2.111111111111111,0.1052631578947368,1.7560975609756098,72.0,0.6388888888888888,0.0,0.0,0.0,0.3611111111111111,1.2246467991473532e-16,-1.0,1.0,0.0,9.0,0,0,0,0,0,0,0,0,1,0,0,0,0,False,0,0,0,0,0,0,0,0,0,0,0,0,0,0,0,0,0,0,0,0,0,0,4,4.0,0,0,0,True,0
0,24,151.0,243.0,26.0,152.0,85.0,0.0,0.0,2.0,65.0,1.0,2021.0,1,269.0,1.769736842105263,0.0966542750929368,1.0066225165562914,152.0,0.5592105263157895,0.0,0.0,0.0131578947368421,0.4276315789473684,1.0,6.123233995736766e-17,1.0,1.0,24.0,0,0,0,0,0,0,0,0,0,0,0,0,0,False,0,0,0,0,0,0,0,0,0,1,0,0,0,0,0,0,0,0,0,0,0,0,5,5.0,0,0,0,False,1
3,24,114.28292428671686,166.34638937415238,18.56513306965603,112.70349491291094,72.8663732159776,1.0004406876956136,-0.0055948058719954,-1.5212464760044646,38.87016738612866,0.9930342748323036,2024.006956690363,13,186.6332963705764,1.66654471150239,0.0988554963259048,0.9788210637267352,114.89844642346058,0.6521017829967759,0.0089969692593273,-2.41855919154186e-05,-0.0127204145122926,0.3546016671412055,1.0064158156247591,0.0230963737409753,0.9962944252788188,-0.0070249581147701,23.70489031130123,0,0,0,0,0,0,0,0,0,0,0,0,0,False,0,0,0,0,0,0,0,0,0,1,0,0,0,0,0,0,0,0,0,0,0,0,5,4.985847960079136,0,0,0,False,1
8,13,48.0,177.0,18.0,6.0,0.0,0.0,0.0,17.0,0.0,3.0,2022.0,7,195.0,32.5,0.0923076923076923,0.125,17.0,0.0,0.0,0.0,1.0,0.0,-1.0,-1.8369701987210292e-16,1.0,0.0,13.0,0,0,0,0,0,0,0,0,0,0,0,0,1,False,0,0,0,0,0,0,0,0,0,0,0,0,0,0,0,0,0,0,0,0,0,0,3,3.0,0,0,1,False,0
8,26,124.0,308.0,41.0,7.0,0.0,0.0,9.0,120.0,0.0,3.0,2022.0,7,349.0,49.85714285714285,0.1174785100286533,0.0564516129032258,129.0,0.0,0.0,0.0697674418604651,0.9302325581395348,0.0,-1.0,-1.8369701987210292e-16,1.0,1.0,26.0,0,0,0,0,0,0,0,0,0,0,0,0,0,False,0,0,0,0,0,0,0,0,0,0,0,1,0,0,0,0,0,0,0,0,0,0,0,0.0,0,0,0,False,0
2,27,269.0,707.0,113.0,457.0,320.0,1.0,0.0,6.0,130.0,1.0,2023.0,9,820.0,1.7943107221006565,0.1378048780487805,1.6988847583643123,457.0,0.700218818380744,0.0021881838074398,0.0,0.0131291028446389,0.2844638949671772,1.0,6.123233995736766e-17,1.0,1.0,27.0,0,0,0,0,0,0,0,0,0,0,0,0,0,False,0,0,0,0,0,0,0,0,0,0,0,0,1,0,0,0,0,0,0,0,0,0,5,5.0,0,0,0,False,1
2,21,27.0,128.0,62.0,31.0,25.0,0.0,0.0,0.0,6.0,1.0,2023.0,9,190.0,6.129032258064516,0.3263157894736842,1.148148148148148,31.0,0.8064516129032258,0.0,0.0,0.0,0.1935483870967742,1.0,6.123233995736766e-17,1.0,0.0,21.0,0,0,0,0,0,0,0,0,0,0,0,0,0,False,0,0,0,0,0,0,1,0,0,0,0,0,0,0,0,0,0,0,0,0,0,0,2,2.0,0,1,0,False,0
13,12,24.0,37.0,2.0,42.0,30.0,1.0,0.0,0.0,11.0,4.0,2023.0,12,39.0,0.9285714285714286,0.0512820512820512,1.75,42.0,0.7142857142857143,0.0238095238095238,0.0,0.0,0.2619047619047619,-2.4492935982947064e-16,1.0,0.0,0.0,12.0,0,0,0,0,0,0,0,0,0,0,0,1,0,False,0,0,0,0,0,0,0,0,0,0,0,0,0,0,0,0,0,0,0,0,0,0,5,5.0,0,0,0,False,1
8,19,104.0,330.0,57.0,3.0,0.0,0.0,0.0,96.0,0.0,3.0,2022.0,7,387.0,129.0,0.1472868217054263,0.0288461538461538,96.0,0.0,0.0,0.0,1.0,0.0,-1.0,-1.8369701987210292e-16,1.0,1.0,19.0,0,0,0,0,0,0,0,0,0,0,0,0,0,False,0,0,0,0,1,0,0,0,0,0,0,0,0,0,0,0,0,0,0,0,0,0,2,2.0,0,1,0,False,0
10,12,30.0,71.0,9.0,46.0,23.0,1.0,0.0,0.0,22.0,4.0,2020.0,0,80.0,1.7391304347826086,0.1125,1.5333333333333334,46.0,0.5,0.0217391304347826,0.0,0.0,0.4782608695652174,-2.4492935982947064e-16,1.0,1.0,0.0,12.0,0,0,0,0,0,0,0,0,0,0,0,1,0,False,0,0,0,0,0,0,0,0,0,0,0,0,0,0,0,0,0,0,0,0,0,0,5,5.0,0,0,0,False,1
11,34,70.0,178.0,9.0,78.0,0.0,0.0,0.0,25.0,53.0,4.0,2021.0,4,187.0,2.3974358974358974,0.0481283422459893,1.1142857142857143,78.0,0.0,0.0,0.0,0.3205128205128205,0.6794871794871795,-2.4492935982947064e-16,1.0,1.0,0.0,34.0,0,0,0,0,0,0,0,0,0,0,0,0,0,False,0,0,0,0,0,0,0,0,0,0,0,0,0,0,0,0,0,0,0,1,0,0,1,1.0,1,0,0,False,0
2,35,38.0,215.0,26.0,57.0,36.0,0.0,0.0,0.0,21.0,1.0,2023.0,9,241.0,4.228070175438597,0.1078838174273859,1.5,57.0,0.631578947368421,0.0,0.0,0.0,0.3684210526315789,1.0,6.123233995736766e-17,1.0,1.0,35.0,0,0,0,0,0,0,0,0,0,0,0,0,0,False,0,0,0,0,0,0,0,0,0,0,0,0,0,0,0,0,0,0,0,0,1,0,1,1.0,1,0,0,False,0
6,26,152.00024274580494,497.35175207136825,78.66481240498129,175.2856122241662,127.26473174635494,0.9955456065753356,0.950080378818903,2.901013880804599,44.46572108137804,2.0142327567941964,2022.9936468446035,10,573.5443951645166,2.279479994595589,0.1342623642784437,1.182107860533253,175.1736847483344,0.7303403218677831,0.0056227771075118,0.0056225185593028,-0.0014570565299024,0.2533194489189676,0.0110235702562974,-0.9856768489063524,1.0090891756122289,1.0066099108062865,26.084690923503345,0,0,0,0,0,0,0,0,0,0,0,0,0,False,0,0,0,0,0,0,0,0,0,0,0,1,0,0,0,0,0,0,0,0,0,0,0,0.0038488979448493,0,0,0,False,0
4,24,143.670150717633,265.0328999780268,46.80251330387279,148.26994230810223,74.30395298820967,0.0034255492706607,-0.0045963443850453,2.963104040806793,67.23292864165718,1.9803877157116567,2021.008889063332,2,312.12038298989006,2.7329768982155014,0.1506223819646006,1.0075582683021922,144.50926920172418,0.5165729647516468,-0.0002097015413851,0.000180938876652,0.0177158388413558,0.4678725878852394,-0.0074903964896569,-0.991843996965634,1.00964842817712,0.9908297493112224,24.000498987300816,0,0,0,0,0,0,0,0,0,0,0,0,0,False,0,0,0,0,0,0,0,0,0,1,0,0,0,0,0,0,0,0,0,0,0,0,5,5.01888364813745,0,0,0,False,1
5,1,64.0,176.0,25.0,85.0,0.0,0.0,0.0,50.0,35.0,2.0,2022.0,6,201.0,2.364705882352941,0.1243781094527363,1.328125,85.0,0.0,0.0,0.0,0.5882352941176471,0.4117647058823529,1.2246467991473532e-16,-1.0,1.0,0.0,1.0,1,0,0,0,0,0,0,0,0,0,0,0,0,False,0,0,0,0,0,0,0,0,0,0,0,0,0,0,0,0,0,0,0,0,0,0,1,1.0,1,0,0,False,0
10,1,76.43621582025492,236.25387038417293,34.2408948974056,92.28630518574408,56.75084097083561,-0.0038788445820562,0.0263783016931469,-1.2184255128508727,36.69607193727975,3.940128257682339,2019.9936900396049,0,268.8545521337361,3.541506509940703,0.1330370181040658,1.2193478909283746,94.6952960282342,0.6122060385859306,-6.955075323941459e-05,-0.0001809248491813,0.0058557985778995,0.392936263715096,-0.0069029787280668,0.984695823889765,1.002251821708714,0.991332023757448,0.9883849466678902,1,0,0,0,0,0,0,0,0,0,0,0,0,False,0,0,0,0,0,0,0,0,0,0,0,0,0,0,0,0,0,0,0,0,0,0,1,1.0048103945678453,1,0,0,False,0
11,33,34.48294958093407,147.429346960563,23.78850273544779,66.46359649243392,2.120107855465357,-0.0196406149506324,-0.0225388837550752,60.52447451627164,3.725059396338657,3.979668476440012,2021.0119369914696,4,170.54687307459668,1.9215126321362097,0.1464850240472753,1.8601344337150485,67.10902847352021,-0.0006741562156688,0.0001914237452507,8.953747145766315e-05,0.9396351126701052,0.0617762615101712,-0.0089029225431345,1.0342887063881527,1.0076356315950037,0.0031836048192384,32.900261720222375,0,0,0,0,0,0,0,0,0,0,0,0,0,False,0,0,0,0,0,0,0,0,0,0,0,0,0,0,0,0,0,0,1,0,0,0,2,1.9917153608178917,0,1,0,False,0
5,11,57.84462251111248,203.87915817658177,36.05587321033671,88.57279644630559,-2.0702409974756715,-0.0024629633969025,0.0084365882133277,56.05047138903573,34.15761315845186,2.00671978966982,2022.02483634068,6,250.9180319708998,1.7937576121632857,0.1491401883212805,1.5447064594257804,91.33060566269457,0.001673487280044,8.006169767409594e-05,-5.105319961210837e-05,0.6088799534534732,0.3971581605774916,0.0057691722180801,-0.9918193072538888,0.9929210770815228,1.0159408906965723,10.929490058796947,0,0,0,0,0,0,0,0,0,0,1,0,0,False,0,0,0,0,0,0,0,0,0,0,0,0,0,0,0,0,0,0,0,0,0,0,4,3.9503020393715857,0,0,0,True,0
13,30,128.10012598895273,371.50076270539154,76.93754741030578,194.0232978442764,123.55317760209384,-0.0026554971821273,-0.0015864847084409,2.169393492285402,70.46456200663344,3.989646401661469,2022.99719001479,12,452.02873268185465,2.5419175644904723,0.1739206774102077,1.5204092134729217,192.76772372156657,0.626961559831401,-0.0002199418949237,0.0004511905034269,0.0193114850556331,0.3544575297949944,0.0140087000949432,0.9770576133581428,0.9919022162139424,1.0174546849126285,29.954481151408743,0,0,0,0,0,0,0,0,0,0,0,0,0,False,0,0,0,0,0,0,0,0,0,0,0,0,0,0,0,1,0,0,0,0,0,0,5,4.998976027373702,0,0,0,False,1
13,17,114.25431076719924,463.609474239832,35.42060470099892,211.1360069696251,158.72807958074355,-0.0051601422450111,-0.0355352194336357,4.453755931137378,47.25044609764365,4.014441168068406,2023.0346791210095,12,497.6618674406941,2.307221490271672,0.0711306295709379,1.854101160913788,207.25966667057335,0.7497342364174977,-0.0001184080947984,0.0002159722667548,0.0150516105997086,0.2245965674373551,-0.0088611307867129,1.002757477579982,0.9948269378436996,0.995002809782658,16.560864175025852,0,0,0,0,0,0,0,0,0,0,0,0,0,False,0,0,1,0,0,0,0,0,0,0,0,0,0,0,0,0,0,0,0,0,0,0,2,1.9442030588549344,0,1,0,False,0
5,20,27.36535410823486,127.36839360043818,21.0785722912172,24.94155535740247,0.6142158504998783,-0.0040910637097642,-0.0202397908013822,21.10382196690309,6.035596806481082,1.991549189506292,2022.000941282795,6,146.6420218474202,4.848567839147114,0.1418582531312248,1.0830805381429625,27.209508953686125,-0.0024932586784966,-0.0001806174623933,-7.42489807291882e-05,0.7372803116989657,0.2540178804706817,0.0207915924661738,-0.9961622907317867,0.9922355394805498,-0.0064968376777709,20.251626571172096,0,0,0,0,0,0,0,0,0,0,0,0,0,False,0,0,0,0,0,1,0,0,0,0,0,0,0,0,0,0,0,0,0,0,0,0,2,2.054377569495651,0,1,0,False,0
11,28,134.0,247.0,62.0,162.0,0.0,0.0,2.0,95.0,65.0,4.0,2021.0,4,309.0,1.907407407407408,0.2006472491909385,1.208955223880597,162.0,0.0,0.0,0.0123456790123456,0.5864197530864198,0.4012345679012346,-2.4492935982947064e-16,1.0,1.0,1.0,28.0,0,0,0,0,0,0,0,0,0,0,0,0,0,False,0,0,0,0,0,0,0,0,0,0,0,0,0,1,0,0,0,0,0,0,0,0,5,5.0,0,0,0,False,1
4,6,69.90152326189857,165.43222472353148,19.1708881887773,69.4501022756325,63.103219057001134,-0.0059934768743928,-0.006541981995212,-1.8179603660473889,6.0784315911015945,2.0366113120994105,2020.9998074360356,2,188.78308449715405,2.606593365924931,0.1007088752971259,1.0088449838596365,70.76526072671011,0.9120792820772088,2.175955209747804e-05,0.0006592468207591,-0.001766556767488,0.085053685868089,0.0006700330767582,-0.9999815839552354,1.0041232109707117,0.0059720675034287,5.928703874072537,0,0,0,0,0,1,0,0,0,0,0,0,0,False,0,0,0,0,0,0,0,0,0,0,0,0,0,0,0,0,0,0,0,0,0,0,0,0.0169866331618557,0,0,0,False,0
0,15,71.68674439718914,229.50168882021663,30.29532123455188,81.45332784201209,33.443926105194954,-0.0070147490415984,-0.0026327072726376,1.2928608013200704,48.44095279520549,1.0455262765867972,2021.008686980501,1,259.1317279638546,2.6667047788491027,0.1168651626390105,1.1406868356013329,81.39031108539001,0.4084772464488761,6.853531092383568e-05,0.0003602146717005,0.0019547355867419,0.5955399214285199,0.995666784754624,0.0049918251392367,0.9915514492571662,1.0071449750376726,15.336582970186331,0,0,0,0,0,0,0,0,0,0,0,0,0,False,1,0,0,0,0,0,0,0,0,0,0,0,0,0,0,0,0,0,0,0,0,0,1,1.0133057812094426,1,0,0,False,0
2,4,108.19442844111232,473.8794867457052,140.42721369880113,153.30909491103822,80.36024503123362,0.0095603901899078,0.0031576672267587,0.6368616655311901,78.1766392447139,1.024578760559758,2022.9883649487133,9,609.6079636620548,4.618846612395194,0.2272264803292512,1.4034278217757152,155.39911438063388,0.5201606321718942,-9.495176700686036e-05,-0.0003860999539402,-0.0004043533811368,0.4859129114428715,1.042274746710501,-0.008404378675658,1.0026141653303615,0.9788132094890376,3.8926703782910583,0,0,0,1,0,0,0,0,0,0,0,0,0,False,0,0,0,0,0,0,0,0,0,0,0,0,0,0,0,0,0,0,0,0,0,0,1,0.9553466086739092,1,0,0,False,0
13,30,127.15308148401068,374.7772920280398,77.4835518112245,196.68801988556424,122.2483859684774,-0.0135592969866708,-0.020647023253204,3.4318168348388847,69.47080823324721,3.9547532821652607,2022.9956846930888,12,451.8542177952526,2.325371226362096,0.1741966999397655,1.5237995798899042,190.2213103119687,0.6180031038668167,2.023427887551804e-05,-0.0005482588023292,0.0232511518249334,0.3576968652708223,0.0108716849325855,1.0020869046640513,1.0007355923743115,1.0152939924569115,29.971027521406278,0,0,0,0,0,0,0,0,0,0,0,0,0,False,0,0,0,0,0,0,0,0,0,0,0,0,0,0,0,1,0,0,0,0,0,0,5,4.954459442415371,0,0,0,False,1
6,23,77.0,288.0,37.0,127.0,95.0,0.0,0.0,0.0,32.0,2.0,2023.0,10,325.0,2.559055118110236,0.1138461538461538,1.6493506493506491,127.0,0.7480314960629921,0.0,0.0,0.0,0.2519685039370078,1.2246467991473532e-16,-1.0,1.0,1.0,23.0,0,0,0,0,0,0,0,0,0,0,0,0,0,False,0,0,0,0,0,0,0,0,1,0,0,0,0,0,0,0,0,0,0,0,0,0,0,0.0,0,0,0,False,0
11,15,90.0,256.0,30.0,112.0,0.0,0.0,0.0,44.0,68.0,4.0,2021.0,4,286.0,2.5535714285714284,0.1048951048951049,1.2444444444444445,112.0,0.0,0.0,0.0,0.3928571428571428,0.6071428571428571,-2.4492935982947064e-16,1.0,1.0,1.0,15.0,0,0,0,0,0,0,0,0,0,0,0,0,0,False,1,0,0,0,0,0,0,0,0,0,0,0,0,0,0,0,0,0,0,0,0,0,1,1.0,1,0,0,False,0
5,26,128.0,456.0,75.0,185.0,1.0,0.0,2.0,141.0,41.0,2.0,2022.0,6,531.0,2.8702702702702703,0.1412429378531073,1.4453125,185.0,0.0054054054054054,0.0,0.0108108108108108,0.7621621621621621,0.2216216216216216,1.2246467991473532e-16,-1.0,1.0,1.0,26.0,0,0,0,0,0,0,0,0,0,0,0,0,0,False,0,0,0,0,0,0,0,0,0,0,0,1,0,0,0,0,0,0,0,0,0,0,0,0.0,0,0,0,False,0
4,11,56.75085024016575,146.05185500561885,33.106373972453426,83.14126999055654,62.358078126261056,-0.0037918136150299,0.0076236191224371,-0.4778450386426475,19.49674137467669,2.0277340336517904,2020.9754083491937,2,186.8275367996177,3.345866535322137,0.183712311632125,1.4175720421456086,78.0051056314742,0.7567077913847632,8.694695958406582e-05,0.0001209555528537,-0.0058028081070661,0.2418211925541072,0.0122467746851273,-0.9872028210881088,1.0020444394894652,0.0009308988479659,11.005763597082607,0,0,0,0,0,0,0,0,0,0,1,0,0,False,0,0,0,0,0,0,0,0,0,0,0,0,0,0,0,0,0,0,0,0,0,0,4,4.022930999735965,0,0,0,True,0
3,17,95.02360902222776,305.7505673042222,40.76772742441226,154.5984853990247,103.27235303303864,0.01379534295865,0.053606137133967,1.173055875381622,51.45011819052282,0.9874037799400444,2023.9865785465097,13,346.171055017993,1.7908112207174156,0.1158219134822045,1.624259325459697,155.67816005789044,0.6832104684684622,6.7792752661720895e-06,2.1756898563839648e-05,0.0147079194889687,0.3210404713939304,1.0145280415263864,0.0030793080591327,0.9976630689512362,1.0094083952725927,16.88690342019157,0,0,0,0,0,0,0,0,0,0,0,0,0,False,0,0,1,0,0,0,0,0,0,0,0,0,0,0,0,0,0,0,0,0,0,0,2,2.0327810778302715,0,1,0,False,0
5,2,25.994862018029792,61.85720811840934,11.447991269956596,31.87320519342058,0.3074383012142257,-0.0091361780895899,-0.017615997401428,16.490722442494466,14.62646978508538,1.9871090563586689,2021.982303363549,6,77.83963449110087,4.5321004602817405,0.1595405281963313,1.1029794873446728,25.98898449710566,-0.0086606961407567,0.0001090935516002,-0.0004475509010362,0.5379202328911193,0.4537555502631502,-0.012199265491499,-0.990668017351022,0.9945586395930616,-0.0066557590137542,1.86477932413513,0,1,0,0,0,0,0,0,0,0,0,0,0,False,0,0,0,0,0,0,0,0,0,0,0,0,0,0,0,0,0,0,0,0,0,0,4,3.974330389838063,0,0,0,True,0
6,5,7.0,30.0,8.0,9.0,3.0,0.0,0.0,0.0,6.0,2.0,2023.0,10,38.0,4.222222222222222,0.2105263157894736,1.2857142857142858,9.0,0.3333333333333333,0.0,0.0,0.0,0.6666666666666666,1.2246467991473532e-16,-1.0,1.0,0.0,5.0,0,0,0,0,1,0,0,0,0,0,0,0,0,False,0,0,0,0,0,0,0,0,0,0,0,0,0,0,0,0,0,0,0,0,0,0,4,4.0,0,0,0,True,0
9,5,5.0,2.0,0.0,7.0,6.0,0.0,0.0,0.0,1.0,3.0,2023.0,11,2.0,0.2857142857142857,0.0,1.4,7.0,0.8571428571428571,0.0,0.0,0.0,0.1428571428571428,-1.0,-1.8369701987210292e-16,0.0,0.0,5.0,0,0,0,0,1,0,0,0,0,0,0,0,0,False,0,0,0,0,0,0,0,0,0,0,0,0,0,0,0,0,0,0,0,0,0,0,4,4.0,0,0,0,True,0
4,0,21.0,69.0,19.0,32.0,20.0,0.0,0.0,0.0,12.0,2.0,2021.0,2,88.0,2.75,0.2159090909090909,1.5238095238095235,32.0,0.625,0.0,0.0,0.0,0.375,1.2246467991473532e-16,-1.0,1.0,0.0,0.0,0,0,0,0,0,0,0,0,0,0,0,0,0,False,0,0,0,0,0,0,0,0,0,0,0,0,0,0,0,0,0,0,0,0,0,0,3,3.0,0,0,1,False,0
7,2,13.0,18.0,1.0,15.0,0.0,0.0,0.0,11.0,4.0,3.0,2021.0,3,19.0,1.2666666666666666,0.0526315789473684,1.1538461538461535,15.0,0.0,0.0,0.0,0.7333333333333333,0.2666666666666666,-1.0,-1.8369701987210292e-16,0.0,0.0,2.0,0,1,0,0,0,0,0,0,0,0,0,0,0,False,0,0,0,0,0,0,0,0,0,0,0,0,0,0,0,0,0,0,0,0,0,0,4,4.0,0,0,0,True,0
0,25,176.66725692791567,453.53405827034686,77.25699975458791,216.8105789720798,73.96412132082938,0.985080687078105,0.0210267091774082,-0.0472083785678743,142.00614648236674,0.973188582394101,2020.9831560125017,1,530.8851150745272,1.7278128835273687,0.1432168102465582,1.2292658275737744,218.03931228782795,0.3380998530085185,0.0043849370418027,-0.0004993619907719,0.012965213076865,0.6441082328493611,0.9920280648124096,0.0072733765815568,1.006948331510827,0.9953634855570922,24.68398029272241,0,0,0,0,0,0,0,0,0,0,0,0,0,False,0,0,0,0,0,0,0,0,0,0,1,0,0,0,0,0,0,0,0,0,0,0,0,-0.0054153749840788,0,0,0,False,0
3,29,99.60793537657337,374.09963794611895,94.29026220683484,118.82189888990357,69.71332679176847,-0.0154767785330698,-0.0519676817164711,0.1776959415835648,50.15217064278291,1.0394008695036523,2023.9882802363895,13,472.4094171029332,4.33777007478589,0.2037813964280171,1.2481814330620276,122.41797128406212,0.5832719571798775,-6.181307635385106e-05,4.113708602768781e-05,0.0095292331815848,0.4140985753904008,0.9968540139132128,0.0060992256813307,0.9996955165923408,0.9986734152867036,29.32252016149052,0,0,0,0,0,0,0,0,0,0,0,0,0,False,0,0,0,0,0,0,0,0,0,0,0,0,0,0,1,0,0,0,0,0,0,0,5,5.059805395910868,0,0,0,False,1
6,20,37.0,131.0,34.0,47.0,31.0,0.0,0.0,0.0,16.0,2.0,2023.0,10,165.0,3.5106382978723403,0.206060606060606,1.2702702702702702,47.0,0.6595744680851063,0.0,0.0,0.0,0.3404255319148936,1.2246467991473532e-16,-1.0,1.0,0.0,20.0,0,0,0,0,0,0,0,0,0,0,0,0,0,False,0,0,0,0,0,1,0,0,0,0,0,0,0,0,0,0,0,0,0,0,0,0,2,2.0,0,1,0,False,0
4,30,152.0,400.0,85.0,181.0,107.0,0.0,0.0,5.0,69.0,2.0,2021.0,2,485.0,2.679558011049724,0.1752577319587628,1.1907894736842106,181.0,0.5911602209944752,0.0,0.0,0.0276243093922651,0.3812154696132597,1.2246467991473532e-16,-1.0,1.0,1.0,30.0,0,0,0,0,0,0,0,0,0,0,0,0,0,False,0,0,0,0,0,0,0,0,0,0,0,0,0,0,0,1,0,0,0,0,0,0,5,5.0,0,0,0,False,1
7,3,62.0,142.0,17.0,146.0,3.0,0.0,0.0,20.0,123.0,3.0,2021.0,3,159.0,1.0890410958904109,0.1069182389937107,2.3548387096774195,146.0,0.0205479452054794,0.0,0.0,0.136986301369863,0.8424657534246576,-1.0,-1.8369701987210292e-16,1.0,0.0,3.0,0,0,1,0,0,0,0,0,0,0,0,0,0,False,0,0,0,0,0,0,0,0,0,0,0,0,0,0,0,0,0,0,0,0,0,0,3,3.0,0,0,1,False,0
9,10,19.0,39.0,10.0,18.0,12.0,0.0,0.0,0.0,6.0,3.0,2023.0,11,49.0,2.7222222222222223,0.2040816326530612,0.9473684210526316,18.0,0.6666666666666666,0.0,0.0,0.0,0.3333333333333333,-1.0,-1.8369701987210292e-16,1.0,0.0,10.0,0,0,0,0,0,0,0,0,0,1,0,0,0,False,0,0,0,0,0,0,0,0,0,0,0,0,0,0,0,0,0,0,0,0,0,0,3,3.0,0,0,1,False,0
13,22,109.33037528788536,355.88902571290515,65.12078379447524,127.87740909019548,68.02246652401998,-0.0213784596399298,-0.0200217755119233,-0.882525605425207,59.41256618110905,4.027906669941197,2022.9832599672188,12,422.0830498941165,2.975408262976465,0.1533499816836192,1.1952003654685708,129.99475286428694,0.5202454414425901,0.0001138356292208,-0.0003048328324329,-0.0054706664492423,0.4767156430162054,-0.0241926119584561,0.9942046375929536,0.9949364927974568,0.991973343709966,21.886481383169382,0,0,0,0,0,0,0,0,0,0,0,0,0,False,0,0,0,0,0,0,0,1,0,0,0,0,0,0,0,0,0,0,0,0,0,0,0,-0.0447119314283504,0,0,0,False,0
13,13,42.0,193.0,16.0,52.0,31.0,0.0,0.0,0.0,21.0,4.0,2023.0,12,209.0,4.019230769230769,0.0765550239234449,1.238095238095238,52.0,0.5961538461538461,0.0,0.0,0.0,0.4038461538461538,-2.4492935982947064e-16,1.0,1.0,0.0,13.0,0,0,0,0,0,0,0,0,0,0,0,0,1,False,0,0,0,0,0,0,0,0,0,0,0,0,0,0,0,0,0,0,0,0,0,0,3,3.0,0,0,1,False,0
9,2,8.0,14.0,3.0,10.0,9.0,0.0,0.0,0.0,1.0,3.0,2023.0,11,17.0,1.7,0.1764705882352941,1.25,10.0,0.9,0.0,0.0,0.0,0.1,-1.0,-1.8369701987210292e-16,0.0,0.0,2.0,0,1,0,0,0,0,0,0,0,0,0,0,0,False,0,0,0,0,0,0,0,0,0,0,0,0,0,0,0,0,0,0,0,0,0,0,4,4.0,0,0,0,True,0
4,18,222.0,837.0,217.0,299.0,179.0,0.0,0.0,5.0,115.0,2.0,2021.0,2,1054.0,3.5250836120401337,0.2058823529411764,1.3468468468468469,299.0,0.5986622073578596,0.0,0.0,0.0167224080267558,0.3846153846153846,1.2246467991473532e-16,-1.0,1.0,1.0,18.0,0,0,0,0,0,0,0,0,0,0,0,0,0,False,0,0,0,1,0,0,0,0,0,0,0,0,0,0,0,0,0,0,0,0,0,0,2,2.0,0,1,0,False,0
11,2,20.17675785246926,40.370188484279225,9.697752475461831,22.38378609627101,0.5624550316047134,0.0114546386287323,0.007223675623342,12.267180998116498,10.328057190406078,3.997066361805964,2020.975913500404,4,53.772045198090034,1.2855821467164512,0.2048943715672748,1.043342891084943,22.50586529361908,0.0026096754813855,8.995061121577396e-05,8.722077968501244e-06,0.5273204758672715,0.474747856824476,0.0178499352615369,1.0325897400334147,1.0095903914075195,0.0022503228910936,2.1301911812999,0,1,0,0,0,0,0,0,0,0,0,0,0,False,0,0,0,0,0,0,0,0,0,0,0,0,0,0,0,0,0,0,0,0,0,0,4,4.015055231996022,0,0,0,True,0
4,15,93.0,239.0,28.0,107.0,40.0,0.0,0.0,0.0,67.0,2.0,2021.0,2,267.0,2.4953271028037385,0.1048689138576779,1.1505376344086022,107.0,0.3738317757009345,0.0,0.0,0.0,0.6261682242990654,1.2246467991473532e-16,-1.0,1.0,1.0,15.0,0,0,0,0,0,0,0,0,0,0,0,0,0,False,1,0,0,0,0,0,0,0,0,0,0,0,0,0,0,0,0,0,0,0,0,0,1,1.0,1,0,0,False,0
2,3,15.0,76.0,3.0,19.0,8.0,0.0,0.0,0.0,11.0,1.0,2023.0,9,79.0,4.157894736842105,0.0379746835443038,1.2666666666666666,19.0,0.4210526315789473,0.0,0.0,0.0,0.5789473684210527,1.0,6.123233995736766e-17,0.0,0.0,3.0,0,0,1,0,0,0,0,0,0,0,0,0,0,False,0,0,0,0,0,0,0,0,0,0,0,0,0,0,0,0,0,0,0,0,0,0,3,3.0,0,0,1,False,0
3,26,126.3835685182304,433.8392976059104,118.4334847755134,180.3870473545027,139.63580580795457,0.0058152345967539,2.015383276231536,2.111759637426566,37.26040279059153,0.9920441892809512,2023.969005580472,13,562.5388348431957,4.163309736183492,0.2155519756213111,1.4384441109192947,183.80002413395545,0.7699082678547776,8.642464438723755e-05,0.0105918711183482,0.0132028752662565,0.2060861093914702,0.9936015240098448,0.0095459738716628,0.9962785719855372,0.993892959417894,26.214003693641136,0,0,0,0,0,0,0,0,0,0,0,0,0,False,0,0,0,0,0,0,0,0,0,0,0,1,0,0,0,0,0,0,0,0,0,0,0,-0.0353855331052688,0,0,0,False,0
3,24,111.81835800119462,159.13849116871052,18.6567747459842,112.23693307573409,70.27385048265063,0.984213618373266,0.032998280132342,0.70564250800991,39.77357059700712,1.0142190072608532,2024.0012830181272,13,187.08559457404905,1.256886717863852,0.0995375595978093,0.9728446185139514,111.59031996854677,0.6319508425020584,0.0090748119869063,0.0001872325008186,-0.0022185238465538,0.3447194775403709,1.0161547465344682,0.0079962325621856,0.9945684070433451,0.0064381722620709,23.72444079129773,0,0,0,0,0,0,0,0,0,0,0,0,0,False,0,0,0,0,0,0,0,0,0,1,0,0,0,0,0,0,0,0,0,0,0,0,5,4.98291943511826,0,0,0,False,1
4,34,56.40178893842232,171.43274583199164,11.37130083473514,76.64704826021766,27.547429210863324,-0.0036790372454569,0.0383583663736966,0.0309618901186392,49.099562297904406,2.00039443812346,2020.996576198593,2,189.80650001667297,1.2085157496886612,0.066306379747962,1.3873772710748586,74.77729209783175,0.3665269117407366,4.447879513703437e-05,0.0002772055041903,0.0140879969470724,0.6401961936715381,0.0026859462374726,-0.9783657681150534,1.0154887568218989,-0.0124116769856281,33.74518134527288,0,0,0,0,0,0,0,0,0,0,0,0,0,False,0,0,0,0,0,0,0,0,0,0,0,0,0,0,0,0,0,0,0,1,0,0,1,1.0087423047293536,1,0,0,False,0
3,8,34.35394180928808,112.84514105075328,14.710648209828957,36.42439993594192,26.227452336289936,0.000381098613338,-0.0525907246141656,-1.256460148597652,12.678579465172652,0.9843581512377456,2023.981816274812,13,125.25397350483314,3.64603184428184,0.1200323166164491,1.1878655914339205,40.47767419376196,0.6494276749905041,-0.000215194985491,9.451392866368298e-05,0.0012179378669633,0.344968907313915,0.9946847769129944,0.0023221448643953,0.9888104755369936,-0.0063631956171356,8.328687934887693,0,0,0,0,0,0,0,1,0,0,0,0,0,False,0,0,0,0,0,0,0,0,0,0,0,0,0,0,0,0,0,0,0,0,0,0,4,3.982984674959435,0,0,0,True,0
10,14,312.5696055590905,567.5115079379057,89.70644736112675,481.1846786141996,285.5247748098581,0.9944544990322444,0.0377085097022544,2.4891544895608777,194.01797271436004,3.995802917209393,2020.0089754485075,0,669.7872546795103,1.7259862161704798,0.1351227460292191,1.5416396418194196,480.2272291641857,0.5962301157424552,0.0020696645932952,0.0003126438159681,0.010167453164568,0.4148776011790568,-0.0128411059591261,1.0066348458249803,1.0040474654783242,1.0039808925499452,14.155958861124324,0,0,0,0,0,0,0,0,0,0,0,0,0,True,0,0,0,0,0,0,0,0,0,0,0,0,0,0,0,0,0,0,0,0,0,0,0,-0.0175886026369884,0,0,0,False,0
10,32,23.32077812199054,86.81428467921252,5.327101881137177,29.318477351919064,19.39631909442565,-0.0110737362262652,-0.0301509506785983,-0.3472009382257587,11.032817973141206,3.9960702943840434,2019.9872309470884,0,81.40943163006818,2.936852646912069,0.0733045037061062,1.1658652940623822,29.208134533191316,0.65796989366306,1.6683942506010425e-05,-0.000105395217907,0.0026027297142386,0.3393019505304414,-0.0170114701622873,1.0017273874342292,0.9937347797374796,0.0127251890670746,32.19232695654626,0,0,0,0,0,0,0,0,0,0,0,0,0,False,0,0,0,0,0,0,0,0,0,0,0,0,0,0,0,0,0,1,0,0,0,0,4,4.0448501532348695,0,0,0,True,0
4,20,39.0,148.0,40.0,58.0,40.0,0.0,0.0,0.0,18.0,2.0,2021.0,2,188.0,3.2413793103448274,0.2127659574468085,1.4871794871794872,58.0,0.6896551724137931,0.0,0.0,0.0,0.3103448275862069,1.2246467991473532e-16,-1.0,1.0,0.0,20.0,0,0,0,0,0,0,0,0,0,0,0,0,0,False,0,0,0,0,0,1,0,0,0,0,0,0,0,0,0,0,0,0,0,0,0,0,2,2.0,0,1,0,False,0
10,11,55.0,118.0,32.0,102.0,77.0,0.0,0.0,0.0,25.0,4.0,2020.0,0,150.0,1.4705882352941178,0.2133333333333333,1.8545454545454545,102.0,0.7549019607843137,0.0,0.0,0.0,0.2450980392156862,-2.4492935982947064e-16,1.0,1.0,0.0,11.0,0,0,0,0,0,0,0,0,0,0,1,0,0,False,0,0,0,0,0,0,0,0,0,0,0,0,0,0,0,0,0,0,0,0,0,0,4,4.0,0,0,0,True,0
6,26,150.0,499.0,78.0,177.0,128.0,1.0,1.0,2.0,45.0,2.0,2023.0,10,577.0,3.2598870056497176,0.1351819757365684,1.18,177.0,0.7231638418079096,0.0056497175141242,0.0056497175141242,0.0112994350282485,0.2542372881355932,1.2246467991473532e-16,-1.0,1.0,1.0,26.0,0,0,0,0,0,0,0,0,0,0,0,0,0,False,0,0,0,0,0,0,0,0,0,0,0,1,0,0,0,0,0,0,0,0,0,0,0,0.0,0,0,0,False,0
12,12,19.364120455903237,42.8072615092148,10.1815301623954,24.61056612025282,9.848511219809676,-0.0091633971369782,0.0353067794877786,0.1731622102214877,18.736602343871628,4.013203126286663,2022.0148591043687,8,48.7486358497752,1.4201679840237451,0.182266847060847,1.5785291895456777,33.25487365579167,0.3621416127954877,-4.439119541315466e-05,-1.0728999625663874e-05,0.0029364973170084,0.6328945470708205,-0.0101098633561052,1.0114077027397166,0.9917184062507082,0.0156248037355839,11.988933703103283,0,0,0,0,0,0,0,0,0,0,0,1,0,False,0,0,0,0,0,0,0,0,0,0,0,0,0,0,0,0,0,0,0,0,0,0,5,5.010562585214785,0,0,0,False,1
0,6,52.0,123.0,15.0,54.0,46.0,0.0,0.0,0.0,8.0,1.0,2021.0,1,138.0,2.555555555555556,0.108695652173913,1.0384615384615383,54.0,0.8518518518518519,0.0,0.0,0.0,0.1481481481481481,1.0,6.123233995736766e-17,1.0,0.0,6.0,0,0,0,0,0,1,0,0,0,0,0,0,0,False,0,0,0,0,0,0,0,0,0,0,0,0,0,0,0,0,0,0,0,0,0,0,0,0.0,0,0,0,False,0
0,5,7.0,15.0,0.0,9.0,7.0,0.0,1.0,0.0,1.0,1.0,2021.0,1,15.0,1.6666666666666667,0.0,1.2857142857142858,9.0,0.7777777777777778,0.0,0.1111111111111111,0.0,0.1111111111111111,1.0,6.123233995736766e-17,0.0,0.0,5.0,0,0,0,0,1,0,0,0,0,0,0,0,0,False,0,0,0,0,0,0,0,0,0,0,0,0,0,0,0,0,0,0,0,0,0,0,4,4.0,0,0,0,True,0
12,33,37.0,148.0,26.0,50.0,19.0,2.0,0.0,0.0,29.0,4.0,2022.0,8,174.0,3.48,0.1494252873563218,1.351351351351351,50.0,0.38,0.04,0.0,0.0,0.58,-2.4492935982947064e-16,1.0,1.0,0.0,33.0,0,0,0,0,0,0,0,0,0,0,0,0,0,False,0,0,0,0,0,0,0,0,0,0,0,0,0,0,0,0,0,0,1,0,0,0,2,2.0,0,1,0,False,0
11,19,40.0,190.0,40.0,51.0,0.0,0.0,0.0,30.0,21.0,4.0,2021.0,4,230.0,4.509803921568627,0.1739130434782608,1.275,51.0,0.0,0.0,0.0,0.5882352941176471,0.4117647058823529,-2.4492935982947064e-16,1.0,1.0,1.0,19.0,0,0,0,0,0,0,0,0,0,0,0,0,0,False,0,0,0,0,1,0,0,0,0,0,0,0,0,0,0,0,0,0,0,0,0,0,2,2.0,0,1,0,False,0
3,16,34.0,134.0,36.0,28.0,25.0,0.0,0.0,0.0,3.0,1.0,2024.0,13,170.0,6.071428571428571,0.2117647058823529,0.8235294117647058,28.0,0.8928571428571429,0.0,0.0,0.0,0.1071428571428571,1.0,6.123233995736766e-17,1.0,0.0,16.0,0,0,0,0,0,0,0,0,0,0,0,0,0,False,0,1,0,0,0,0,0,0,0,0,0,0,0,0,0,0,0,0,0,0,0,0,3,3.0,0,0,1,False,0
8,8,27.77907328518713,51.0288030008124,16.855804756957486,1.3931945784574304,0.6113240324433925,-0.0084070931762456,0.0277712524570094,25.136781935694547,-1.0845681910249718,3.042492599406496,2021.9750055633488,7,61.76884635884022,64.91390140143723,0.2608720713182643,0.0003796832378586,24.77838547131408,0.00077696581126,0.0001064268487679,0.0004904162663907,0.9979576376944166,0.0024890362112229,-1.0025982576279635,0.0050526137624313,0.9967688363068116,-0.0046929227823101,7.754941754523744,0,0,0,0,0,0,0,1,0,0,0,0,0,False,0,0,0,0,0,0,0,0,0,0,0,0,0,0,0,0,0,0,0,0,0,0,4,4.079626607628282,0,0,0,True,0
13,27,201.3939415620908,523.7609964770347,102.28961158268336,380.5485600929205,262.83003048048766,-0.0119793919145339,0.0377942208820443,-0.0104363423579889,113.99567710052696,3.9653959243653207,2022.953571737374,12,624.3241189037348,1.9509028192149696,0.1610638788454117,1.8792270132549755,384.9330946044242,0.6997088704702169,-5.668474297069931e-05,-0.0002658420313329,-0.0135335664617957,0.3012486320241445,-0.0068975797957074,0.9995354035150288,0.9990113693287276,0.9924740302012016,26.99747732433795,0,0,0,0,0,0,0,0,0,0,0,0,0,False,0,0,0,0,0,0,0,0,0,0,0,0,1,0,0,0,0,0,0,0,0,0,5,5.029124849724263,0,0,0,False,1
13,8,28.246191464006174,42.26121403027135,15.681544913907686,24.763936332002228,14.662708969619468,-0.0045435058389606,0.042227170321192,-0.4116082366569772,14.06883996310238,4.016242563109497,2022.9911369048448,12,65.39525374090067,1.115706266314727,0.2742212592609093,1.0760165321026751,27.80170546342548,0.5291833559793254,4.645761462659321e-05,-9.16620762647711e-05,9.138170701529356e-05,0.4687407934280641,-0.0103542800206087,0.9984324272595344,1.006144362074472,-0.0013886311105349,7.970613014086379,0,0,0,0,0,0,0,1,0,0,0,0,0,False,0,0,0,0,0,0,0,0,0,0,0,0,0,0,0,0,0,0,0,0,0,0,4,3.983492974945144,0,0,0,True,0
4,26,148.0,516.0,103.0,194.0,114.0,0.0,0.0,18.0,62.0,2.0,2021.0,2,619.0,3.1907216494845363,0.1663974151857835,1.3108108108108107,194.0,0.5876288659793815,0.0,0.0,0.0927835051546391,0.3195876288659793,1.2246467991473532e-16,-1.0,1.0,1.0,26.0,0,0,0,0,0,0,0,0,0,0,0,0,0,False,0,0,0,0,0,0,0,0,0,0,0,1,0,0,0,0,0,0,0,0,0,0,0,0.0,0,0,0,False,0
9,19,43.0,132.0,24.0,52.0,25.0,0.0,0.0,0.0,27.0,3.0,2023.0,11,156.0,3.0,0.1538461538461538,1.2093023255813953,52.0,0.4807692307692308,0.0,0.0,0.0,0.5192307692307693,-1.0,-1.8369701987210292e-16,1.0,0.0,19.0,0,0,0,0,0,0,0,0,0,0,0,0,0,False,0,0,0,0,1,0,0,0,0,0,0,0,0,0,0,0,0,0,0,0,0,0,2,2.0,0,1,0,False,0
11,30,163.0,494.0,93.0,185.0,1.0,0.0,5.0,101.0,78.0,4.0,2021.0,4,587.0,3.172972972972973,0.1584327086882453,1.1349693251533743,185.0,0.0054054054054054,0.0,0.027027027027027,0.5459459459459459,0.4216216216216216,-2.4492935982947064e-16,1.0,1.0,1.0,30.0,0,0,0,0,0,0,0,0,0,0,0,0,0,False,0,0,0,0,0,0,0,0,0,0,0,0,0,0,0,1,0,0,0,0,0,0,5,5.0,0,0,0,False,1
13,0,26.0,159.0,14.0,31.0,13.0,1.0,0.0,0.0,17.0,4.0,2023.0,12,173.0,5.580645161290323,0.0809248554913294,1.1923076923076923,31.0,0.4193548387096774,0.032258064516129,0.0,0.0,0.5483870967741935,-2.4492935982947064e-16,1.0,1.0,0.0,0.0,0,0,0,0,0,0,0,0,0,0,0,0,0,False,0,0,0,0,0,0,0,0,0,0,0,0,0,0,0,0,0,0,0,0,0,0,3,3.0,0,0,1,False,0
9,9,30.0,63.0,15.0,42.0,17.0,0.0,0.0,0.0,25.0,3.0,2023.0,11,78.0,1.8571428571428568,0.1923076923076923,1.4,42.0,0.4047619047619047,0.0,0.0,0.0,0.5952380952380952,-1.0,-1.8369701987210292e-16,1.0,0.0,9.0,0,0,0,0,0,0,0,0,1,0,0,0,0,False,0,0,0,0,0,0,0,0,0,0,0,0,0,0,0,0,0,0,0,0,0,0,4,4.0,0,0,0,True,0
5,35,32.519057055216976,190.2881565213275,35.15769412833144,49.10657747374048,0.058987364828342,-0.0159800592792509,-0.0232666073123726,25.740955603782,17.31768945854761,1.969802415102204,2021.999901271596,6,223.44713127659213,4.774388940552752,0.1537495952070144,1.4283987481858031,42.37237499216525,-0.0080253556675097,-5.811770894371707e-06,-0.0001989893612561,0.6259983496877426,0.3880172833264958,-7.569646831382164e-05,-1.0135442721099646,1.0011065116185174,0.982440194207423,34.90142570703603,0,0,0,0,0,0,0,0,0,0,0,0,0,False,0,0,0,0,0,0,0,0,0,0,0,0,0,0,0,0,0,0,0,0,1,0,1,1.0547769741504551,1,0,0,False,0
10,11,57.11077233847613,115.69812895618864,31.63891907127772,100.89484960689984,76.7403444015686,-0.0051525431756304,-0.0241902868327474,-0.4060380708917356,25.56166433226169,3.976474679731994,2019.9925815733957,0,144.93331540545188,1.8773648133495184,0.2114290439483606,1.8499156686894795,101.39269794448518,0.7568737807359568,-0.0002142878445731,-0.0002816786598139,-0.0101078527930354,0.242575656267842,-0.0107193010398305,0.991434659035336,0.996203252495436,-0.0078901859452591,11.29322980138485,0,0,0,0,0,0,0,0,0,0,1,0,0,False,0,0,0,0,0,0,0,0,0,0,0,0,0,0,0,0,0,0,0,0,0,0,4,4.030893867503044,0,0,0,True,0
6,30,145.67450774759507,366.597282816968,94.1402167866302,155.18638535129412,86.83533623413574,0.0138608630703026,0.9454724692159604,-1.638438020278607,65.9014319325773,1.990175062022571,2022.9698397420384,10,456.6818510458035,3.219253734750944,0.2033928272549195,1.0985039643316092,153.12489881129326,0.5701940059763807,-0.0001557693176742,0.0065086495624637,-0.008590414934029,0.4368467372157123,0.0116144162216993,-0.9609032908170554,1.0017029702505689,1.00105607801971,29.99408572459254,0,0,0,0,0,0,0,0,0,0,0,0,0,False,0,0,0,0,0,0,0,0,0,0,0,0,0,0,0,1,0,0,0,0,0,0,5,5.00575379364329,0,0,0,False,1
11,29,107.0,302.0,63.0,134.0,0.0,0.0,0.0,73.0,61.0,4.0,2021.0,4,365.0,2.7238805970149254,0.1726027397260274,1.2523364485981308,134.0,0.0,0.0,0.0,0.5447761194029851,0.4552238805970149,-2.4492935982947064e-16,1.0,1.0,1.0,29.0,0,0,0,0,0,0,0,0,0,0,0,0,0,False,0,0,0,0,0,0,0,0,0,0,0,0,0,0,1,0,0,0,0,0,0,0,5,5.0,0,0,0,False,1
6,25,208.0,532.0,55.0,274.0,140.0,0.0,0.0,0.0,134.0,2.0,2023.0,10,587.0,2.1423357664233578,0.0936967632027257,1.3173076923076923,274.0,0.5109489051094891,0.0,0.0,0.0,0.4890510948905109,1.2246467991473532e-16,-1.0,1.0,1.0,25.0,0,0,0,0,0,0,0,0,0,0,0,0,0,False,0,0,0,0,0,0,0,0,0,0,1,0,0,0,0,0,0,0,0,0,0,0,0,0.0,0,0,0,False,0
6,26,151.27458950474923,500.26987599648567,77.48481450311039,177.92111866758955,128.32299890488468,1.0055654145028177,1.015325968739952,1.278830157801905,45.407742284714416,2.014588138673398,2023.038707874107,10,573.9772146803622,2.738585734829359,0.1336542113137662,1.175437968755665,176.42676024779172,0.7375556630180274,0.0056806419003438,0.0056884158933373,0.0168577695852786,0.2526757685836158,-0.0107610436507688,-1.0072755240672429,1.0002617744723328,1.0101993681060246,25.87404285172935,0,0,0,0,0,0,0,0,0,0,0,0,0,False,0,0,0,0,0,0,0,0,0,0,0,1,0,0,0,0,0,0,0,0,0,0,0,-0.0237473245159374,0,0,0,False,0
11,27,286.3454825515139,630.7237686276565,130.28744133720926,296.7782391861049,0.5271370612319514,-0.0090497122260145,0.0034995979207833,239.8370292926785,59.57152299235764,3.997627345303956,2021.0157454735036,4,757.5423424283388,0.7503996453444677,0.1711603337421469,1.0581729277888214,299.4288350513713,-0.002571902938607,0.000125766098708,-0.0001761117212101,0.7968465544790891,0.2035242172631618,-0.0037260864999763,1.0089167167389352,1.0011745345431078,0.9830486921507192,26.938022844882678,0,0,0,0,0,0,0,0,0,0,0,0,0,False,0,0,0,0,0,0,0,0,0,0,0,0,1,0,0,0,0,0,0,0,0,0,5,5.065808823671217,0,0,0,False,1
3,18,179.38194398020025,826.3149790813019,170.69801332504272,181.17997567507703,93.6178915763279,0.9879741842508012,-0.0345380688437892,4.897289181219315,76.74692838131293,1.0436616160567382,2023.9928714701464,13,1003.5313586362304,6.286975952891723,0.1691098804366488,1.0052047989134465,177.94407080029617,0.520334010145104,0.0054108488135403,-0.0001478754181137,0.0394210797802075,0.4289103853314753,1.001784641846741,0.0116692837929752,0.9879818005445484,1.0117410859783524,18.239251322766236,0,0,0,0,0,0,0,0,0,0,0,0,0,False,0,0,0,1,0,0,0,0,0,0,0,0,0,0,0,0,0,0,0,0,0,0,2,1.9957446510727503,0,1,0,False,0
3,29,99.65974388825096,370.8042953564372,96.91215334811248,122.6178768497084,71.02260070512739,0.0125745619287869,-0.0345239530339482,2.676415209685256,52.29813650699539,1.0077757787432575,2023.9963035632447,13,472.9334975124456,2.568184290830591,0.2034290708768521,1.2378719551594952,125.57677537801511,0.585003078287549,-2.992854720358059e-06,-6.451343647876677e-05,0.0040280792497511,0.4185069713926896,0.9937767916144996,-0.0179086383807431,0.9982771188370853,0.9995842550998252,29.16232440821948,0,0,0,0,0,0,0,0,0,0,0,0,0,False,0,0,0,0,0,0,0,0,0,0,0,0,0,0,1,0,0,0,0,0,0,0,5,5.022289248272097,0,0,0,False,1
6,13,44.0,129.0,40.0,68.0,26.0,0.0,0.0,0.0,42.0,2.0,2023.0,10,169.0,2.485294117647059,0.2366863905325443,1.5454545454545454,68.0,0.3823529411764705,0.0,0.0,0.0,0.6176470588235294,1.2246467991473532e-16,-1.0,1.0,0.0,13.0,0,0,0,0,0,0,0,0,0,0,0,0,1,False,0,0,0,0,0,0,0,0,0,0,0,0,0,0,0,0,0,0,0,0,0,0,3,3.0,0,0,1,False,0
2,5,5.878127218544995,10.380099549527284,0.5060552807162642,6.609109737563459,8.004210310581222,0.0126527125026329,0.0225776817823775,-1.527538194821738,3.854154742592403,0.9792204366534768,2023.0022741440152,9,12.161662306172282,-0.1054002697140337,0.0824992847140344,1.6807760856221854,4.5288385537027525,0.7987228607902757,8.32925134597851e-07,-0.0001778075179757,0.0069324715003234,0.2029442166953964,0.9923362023432414,0.0048795123577109,0.0059290044639221,-0.0104374661149348,4.936569132502437,0,0,0,0,1,0,0,0,0,0,0,0,0,False,0,0,0,0,0,0,0,0,0,0,0,0,0,0,0,0,0,0,0,0,0,0,4,3.966882253515799,0,0,0,True,0
10,26,107.426473648999,345.1277423184836,91.2147101524458,126.84077451118584,101.12986285635726,-0.0210696934760979,0.0982421906590181,0.2543722152604811,23.638458652701395,4.021615772618849,2020.0289327073212,0,438.1094176770486,3.021631113839258,0.2076890453205173,1.1470999214468636,128.33627539950385,0.8150831421040818,0.0001892969228564,-0.0003235969867339,0.0035202724089143,0.1951837701609534,-0.0101179337783237,0.9851749364397296,0.9981394473571188,0.9895230052109928,26.15445965000338,0,0,0,0,0,0,0,0,0,0,0,0,0,False,0,0,0,0,0,0,0,0,0,0,0,1,0,0,0,0,0,0,0,0,0,0,0,-0.0138925528350538,0,0,0,False,0
5,35,31.0,192.0,35.0,44.0,0.0,0.0,0.0,27.0,17.0,2.0,2022.0,6,227.0,5.159090909090909,0.1541850220264317,1.4193548387096775,44.0,0.0,0.0,0.0,0.6136363636363636,0.3863636363636363,1.2246467991473532e-16,-1.0,1.0,1.0,35.0,0,0,0,0,0,0,0,0,0,0,0,0,0,False,0,0,0,0,0,0,0,0,0,0,0,0,0,0,0,0,0,0,0,0,1,0,1,1.0,1,0,0,False,0
1,6,74.27486181646191,223.7991887902759,26.17882088608422,80.17006442274307,-1.858746410394704,-0.0093706856687525,0.0013631397946956,57.32094726361958,24.690185745638864,0.9834783762106516,2021.9985243664505,5,243.89971613143285,4.221735499135438,0.1087885852824418,1.0689130711094947,81.63612387046251,-0.0059849193239499,-0.0002668363890752,7.000400904616795e-05,0.6996859302564521,0.3163137674573704,1.01813445050138,-0.0201662995677743,1.003509955283966,0.9991168099362044,5.880832359539258,0,0,0,0,0,1,0,0,0,0,0,0,0,False,0,0,0,0,0,0,0,0,0,0,0,0,0,0,0,0,0,0,0,0,0,0,0,0.0135100849137219,0,0,0,False,0
2,2,9.0,16.0,3.0,11.0,4.0,0.0,0.0,0.0,7.0,1.0,2023.0,9,19.0,1.7272727272727273,0.1578947368421052,1.2222222222222223,11.0,0.3636363636363636,0.0,0.0,0.0,0.6363636363636364,1.0,6.123233995736766e-17,0.0,0.0,2.0,0,1,0,0,0,0,0,0,0,0,0,0,0,False,0,0,0,0,0,0,0,0,0,0,0,0,0,0,0,0,0,0,0,0,0,0,4,4.0,0,0,0,True,0
10,15,70.0,231.0,26.0,84.0,59.0,0.0,0.0,0.0,25.0,4.0,2020.0,0,257.0,3.0595238095238093,0.1011673151750972,1.2,84.0,0.7023809523809523,0.0,0.0,0.0,0.2976190476190476,-2.4492935982947064e-16,1.0,1.0,1.0,15.0,0,0,0,0,0,0,0,0,0,0,0,0,0,False,1,0,0,0,0,0,0,0,0,0,0,0,0,0,0,0,0,0,0,0,0,0,1,1.0,1,0,0,False,0
12,28,109.0,247.0,33.0,133.0,81.0,0.0,0.0,1.0,51.0,4.0,2022.0,8,280.0,2.1052631578947367,0.1178571428571428,1.220183486238532,133.0,0.6090225563909775,0.0,0.0,0.0075187969924812,0.3834586466165413,-2.4492935982947064e-16,1.0,1.0,1.0,28.0,0,0,0,0,0,0,0,0,0,0,0,0,0,False,0,0,0,0,0,0,0,0,0,0,0,0,0,1,0,0,0,0,0,0,0,0,5,5.0,0,0,0,False,1
1,6,73.94566089550544,220.14901593129215,26.99485533465096,83.4465042173565,-0.454145019241529,-0.0050649980174507,0.0189268732774616,54.64085014940947,25.01716587405171,1.024811581605746,2021.9637156729077,5,251.80606031564963,2.65793012185006,0.1089689790548472,1.0868077405817018,80.29085675283339,-0.0017921018046368,6.041290548806288e-05,-3.420475735377535e-05,0.698122493528529,0.3101305669218251,1.0080200963984574,0.0048948289362482,1.0002048330870346,1.0100535981099483,5.95152643165938,0,0,0,0,0,1,0,0,0,0,0,0,0,False,0,0,0,0,0,0,0,0,0,0,0,0,0,0,0,0,0,0,0,0,0,0,0,-0.0246275430475019,0,0,0,False,0
5,0,29.0,107.0,23.0,42.0,0.0,0.0,0.0,21.0,21.0,2.0,2022.0,6,130.0,3.095238095238096,0.1769230769230769,1.4482758620689655,42.0,0.0,0.0,0.0,0.5,0.5,1.2246467991473532e-16,-1.0,1.0,0.0,0.0,0,0,0,0,0,0,0,0,0,0,0,0,0,False,0,0,0,0,0,0,0,0,0,0,0,0,0,0,0,0,0,0,0,0,0,0,3,3.0,0,0,1,False,0
11,31,74.0,261.0,34.0,80.0,2.0,0.0,0.0,31.0,47.0,4.0,2021.0,4,295.0,3.6875,0.1152542372881356,1.0810810810810811,80.0,0.025,0.0,0.0,0.3875,0.5875,-2.4492935982947064e-16,1.0,1.0,1.0,31.0,0,0,0,0,0,0,0,0,0,0,0,0,0,False,0,0,0,0,0,0,0,0,0,0,0,0,0,0,0,0,1,0,0,0,0,0,0,0.0,0,0,0,False,0
6,16,22.34258207157823,43.981368298315104,8.300531078464937,25.70748995077266,14.872594829247696,0.0015498040560368,-0.0227781393446618,0.7057198951218181,9.441582291034203,1.9884594515702425,2023.021432292705,10,49.07283977314535,1.3098734489993091,0.1762297051044347,1.2518108406989266,27.52447260657004,0.6219447575577304,-7.537177519485067e-05,0.0002271208095625,-0.0027775520936156,0.3606113756394107,-0.0377448736133924,-0.9905691925492598,0.9923506649440962,0.0158783924080552,16.34273592911483,0,0,0,0,0,0,0,0,0,0,0,0,0,False,0,1,0,0,0,0,0,0,0,0,0,0,0,0,0,0,0,0,0,0,0,0,3,2.9853931341653226,0,0,1,False,0
10,22,122.0,335.0,55.0,178.0,91.0,1.0,0.0,1.0,85.0,4.0,2020.0,0,390.0,2.191011235955056,0.141025641025641,1.459016393442623,178.0,0.5112359550561798,0.0056179775280898,0.0,0.0056179775280898,0.4775280898876404,-2.4492935982947064e-16,1.0,1.0,1.0,22.0,0,0,0,0,0,0,0,0,0,0,0,0,0,False,0,0,0,0,0,0,0,1,0,0,0,0,0,0,0,0,0,0,0,0,0,0,0,0.0,0,0,0,False,0
2,23,91.0,328.0,54.0,139.0,88.0,1.0,0.0,0.0,50.0,1.0,2023.0,9,382.0,2.7482014388489207,0.1413612565445026,1.5274725274725274,139.0,0.6330935251798561,0.0071942446043165,0.0,0.0,0.3597122302158273,1.0,6.123233995736766e-17,1.0,1.0,23.0,0,0,0,0,0,0,0,0,0,0,0,0,0,False,0,0,0,0,0,0,0,0,1,0,0,0,0,0,0,0,0,0,0,0,0,0,0,0.0,0,0,0,False,0
7,1,77.7989354792704,207.2301830160807,26.48407367194056,94.3728533820473,-1.6700041225443647,0.0087567494477116,-0.0086455342386427,65.77730274459104,29.20747425119499,2.9808944150983607,2020.9657437300227,3,242.04771661381704,3.1095525480687654,0.1118079863560044,1.1873976119271763,96.29289714979832,-0.0035076222050309,0.0001198152989553,0.0003550113425547,0.7008505581694804,0.307951047571545,-0.999319735081099,0.0108666257662471,1.003918693728728,0.9864051882801544,0.5603274843502795,1,0,0,0,0,0,0,0,0,0,0,0,0,False,0,0,0,0,0,0,0,0,0,0,0,0,0,0,0,0,0,0,0,0,0,0,1,0.9125767944418266,1,0,0,False,0
10,22,123.26659149017937,341.90848892886874,55.34900106434321,175.42883122028638,90.56950994830918,1.0106034510822146,-0.0376131301684139,-1.2336260289394794,84.94651318040994,3.972491105626064,2019.993176435148,0,390.0117926428314,1.9421031693257405,0.1407799904968072,1.4590440466285528,180.2038103303597,0.513551541879547,0.00571559324133,0.0003366101422939,0.0109143940489852,0.4784134721217506,0.0144071041795312,1.0201015129811373,1.0033029644510882,0.9962608746022692,21.935151941770364,0,0,0,0,0,0,0,0,0,0,0,0,0,False,0,0,0,0,0,0,0,1,0,0,0,0,0,0,0,0,0,0,0,0,0,0,0,-0.0294814887194091,0,0,0,False,0
2,7,26.0,76.0,9.0,26.0,6.0,0.0,0.0,0.0,20.0,1.0,2023.0,9,85.0,3.269230769230769,0.1058823529411764,1.0,26.0,0.2307692307692307,0.0,0.0,0.0,0.7692307692307693,1.0,6.123233995736766e-17,1.0,0.0,7.0,0,0,0,0,0,0,1,0,0,0,0,0,0,False,0,0,0,0,0,0,0,0,0,0,0,0,0,0,0,0,0,0,0,0,0,0,1,1.0,1,0,0,False,0
9,24,106.0,164.0,34.0,110.0,56.0,1.0,0.0,0.0,53.0,3.0,2023.0,11,198.0,1.8,0.1717171717171717,1.0377358490566038,110.0,0.509090909090909,0.009090909090909,0.0,0.0,0.4818181818181818,-1.0,-1.8369701987210292e-16,1.0,0.0,24.0,0,0,0,0,0,0,0,0,0,0,0,0,0,False,0,0,0,0,0,0,0,0,0,1,0,0,0,0,0,0,0,0,0,0,0,0,5,5.0,0,0,0,False,1
3,23,76.37130949729786,300.0947071644037,69.97549602966998,106.68039802197887,61.20054621589166,0.0095079292585357,-0.0127446019194813,-0.727249723868873,47.13348057896509,0.9495901865501902,2023.985818284585,13,367.2878816828699,2.632362053195324,0.1898492869104349,1.4713241832931945,110.00650436638414,0.5833057163522852,-9.662754094592948e-05,0.0005639065506238,-0.0020652800898745,0.423280087194364,1.0025242281040538,0.0026811661781426,1.00332226509211,1.0167337991054244,23.179058721777483,0,0,0,0,0,0,0,0,0,0,0,0,0,False,0,0,0,0,0,0,0,0,1,0,0,0,0,0,0,0,0,0,0,0,0,0,0,0.0317368141337788,0,0,0,False,0
0,20,72.2865333100942,285.5983262541164,28.615530430161623,90.38475639771654,73.63068990704342,-0.0151443566167881,-0.0026005907212343,0.0592764789004794,20.36834550599572,1.0222480205040938,2021.0124260926864,1,321.3500623778628,3.639805244837248,0.0912382926637522,1.321171583819403,91.13063907826982,0.8003462710799547,0.0001718594455608,0.000265924904335,0.000616203213407,0.2043914206567664,0.9875055733879324,0.0014734703902635,1.000144316183088,1.0049709202195394,20.126547200984568,0,0,0,0,0,0,0,0,0,0,0,0,0,False,0,0,0,0,0,1,0,0,0,0,0,0,0,0,0,0,0,0,0,0,0,0,2,2.045881368342462,0,1,0,False,0
1,18,197.0,887.0,197.0,196.0,0.0,0.0,4.0,110.0,82.0,1.0,2022.0,5,1084.0,5.530612244897959,0.1817343173431734,0.9949238578680204,196.0,0.0,0.0,0.0204081632653061,0.5612244897959183,0.4183673469387755,1.0,6.123233995736766e-17,1.0,1.0,18.0,0,0,0,0,0,0,0,0,0,0,0,0,0,False,0,0,0,1,0,0,0,0,0,0,0,0,0,0,0,0,0,0,0,0,0,0,2,2.0,0,1,0,False,0
11,22,136.14892324934013,430.6968453896382,67.67662860631859,233.02488051457007,-0.3523290806857027,-0.0083690818640372,0.0471070771946049,106.42859668101548,125.95191129719,3.955027952437307,2021.0136196147907,4,491.0231541468793,1.2669404106264572,0.1412717877096382,1.7019244647729572,231.13642506686253,0.0067655827717854,-0.0001934903075856,-0.0002729748052613,0.4525497941317015,0.5483367362096878,-0.0011745853845492,0.972508560145072,0.9978434367271216,0.9960055146075548,22.380150440473205,0,0,0,0,0,0,0,0,0,0,0,0,0,False,0,0,0,0,0,0,0,1,0,0,0,0,0,0,0,0,0,0,0,0,0,0,0,-0.0210095525950902,0,0,0,False,0
4,19,70.0,286.0,57.0,87.0,56.0,0.0,0.0,0.0,31.0,2.0,2021.0,2,343.0,3.942528735632184,0.1661807580174927,1.2428571428571429,87.0,0.6436781609195402,0.0,0.0,0.0,0.3563218390804598,1.2246467991473532e-16,-1.0,1.0,1.0,19.0,0,0,0,0,0,0,0,0,0,0,0,0,0,False,0,0,0,0,1,0,0,0,0,0,0,0,0,0,0,0,0,0,0,0,0,0,2,2.0,0,1,0,False,0
12,19,117.44003690861976,407.7614688465042,94.56545888169794,146.46717724060386,66.895289320628,0.0204212551885759,-0.0031664956349836,-0.3893534763832283,78.26914551688857,4.001857657597581,2022.0100415096688,8,502.9269274896158,3.465907859871176,0.1890780477696969,1.2196332102481782,144.6905870076825,0.44486214995498,-0.0003297002736359,-0.0005213045661563,-0.0075286607281608,0.5431456186902625,-0.0255043102358831,0.9974451533206756,1.0072529068836027,1.0065151534512502,19.001490484390747,0,0,0,0,0,0,0,0,0,0,0,0,0,False,0,0,0,0,1,0,0,0,0,0,0,0,0,0,0,0,0,0,0,0,0,0,2,2.008926698582008,0,1,0,False,0
0,31,48.0,130.0,15.0,51.0,15.0,0.0,0.0,0.0,36.0,1.0,2021.0,1,145.0,2.843137254901961,0.1034482758620689,1.0625,51.0,0.2941176470588235,0.0,0.0,0.0,0.7058823529411765,1.0,6.123233995736766e-17,1.0,0.0,31.0,0,0,0,0,0,0,0,0,0,0,0,0,0,False,0,0,0,0,0,0,0,0,0,0,0,0,0,0,0,0,1,0,0,0,0,0,0,0.0,0,0,0,False,0
1,21,57.58439125689527,234.3737918537768,21.770990550240764,61.0911436726422,0.6207325457906805,0.0187157302977385,0.0074487463077167,57.21050309920654,2.6432600282570298,1.035695993303964,2022.0106564591144,5,251.7203570677311,6.2008563164314445,0.089071724823751,1.0483612284076411,60.14753430593256,0.0068352174970728,0.000117794782137,-3.218566221449107e-05,0.9688826812244784,0.0324000223211407,1.017589427246531,-0.0237202663118134,1.0000050771978486,1.0016530586395376,20.859615408499412,0,0,0,0,0,0,0,0,0,0,0,0,0,False,0,0,0,0,0,0,1,0,0,0,0,0,0,0,0,0,0,0,0,0,0,0,2,1.983774438094156,0,1,0,False,0
8,25,241.0,626.0,78.0,37.0,1.0,0.0,0.0,129.0,0.0,3.0,2022.0,7,704.0,19.027027027027028,0.1107954545454545,0.1535269709543568,130.0,0.0076923076923076,0.0,0.0,0.9923076923076924,0.0,-1.0,-1.8369701987210292e-16,1.0,1.0,25.0,0,0,0,0,0,0,0,0,0,0,0,0,0,False,0,0,0,0,0,0,0,0,0,0,1,0,0,0,0,0,0,0,0,0,0,0,0,0.0,0,0,0,False,0
11,5,12.438205285986385,38.852675408855866,24.64453065589736,21.10370937239534,-1.8120772513295007,0.0118922412736144,-0.0399254151473447,14.089922611010817,2.335841656785597,3.9769111920504887,2020.9971083775592,4,70.2717926881792,1.974423073011797,0.3932375280469256,1.576474028014921,21.32773180390093,0.0019668701876162,-5.5189790530461225e-05,8.516063491620097e-05,0.8433458374252564,0.1559005286131979,0.0057452623225525,0.9748434233600264,1.0082202808510257,0.0012647658512614,4.641883231766127,0,0,0,0,1,0,0,0,0,0,0,0,0,False,0,0,0,0,0,0,0,0,0,0,0,0,0,0,0,0,0,0,0,0,0,0,4,4.021083281652702,0,0,0,True,0
9,27,212.0,584.0,82.0,396.0,262.0,0.0,0.0,0.0,134.0,3.0,2023.0,11,666.0,1.681818181818182,0.1231231231231231,1.8679245283018868,396.0,0.6616161616161617,0.0,0.0,0.0,0.3383838383838384,-1.0,-1.8369701987210292e-16,1.0,1.0,27.0,0,0,0,0,0,0,0,0,0,0,0,0,0,False,0,0,0,0,0,0,0,0,0,0,0,0,1,0,0,0,0,0,0,0,0,0,5,5.0,0,0,0,False,1
11,5,12.0,37.0,24.0,19.0,0.0,0.0,0.0,16.0,3.0,4.0,2021.0,4,61.0,3.210526315789474,0.3934426229508196,1.5833333333333333,19.0,0.0,0.0,0.0,0.8421052631578947,0.1578947368421052,-2.4492935982947064e-16,1.0,1.0,0.0,5.0,0,0,0,0,1,0,0,0,0,0,0,0,0,False,0,0,0,0,0,0,0,0,0,0,0,0,0,0,0,0,0,0,0,0,0,0,4,4.0,0,0,0,True,0
4,1,90.0,280.0,21.0,107.0,70.0,0.0,0.0,0.0,37.0,2.0,2021.0,2,301.0,2.8130841121495327,0.0697674418604651,1.1888888888888889,107.0,0.6542056074766355,0.0,0.0,0.0,0.3457943925233644,1.2246467991473532e-16,-1.0,1.0,1.0,1.0,1,0,0,0,0,0,0,0,0,0,0,0,0,False,0,0,0,0,0,0,0,0,0,0,0,0,0,0,0,0,0,0,0,0,0,0,1,1.0,1,0,0,False,0
11,4,218.2393735215693,888.4206314950169,155.37520211834618,244.86548875062624,-1.8124107738787152,0.0022630998221238,0.9525245515776384,124.864630695843,122.13077590681792,4.019213874675189,2021.0057743357877,4,1042.3202852828797,2.935196457632397,0.1497331322707463,1.1407835532563213,246.3275781277234,-0.0047508647541229,-7.940595954426193e-05,0.0039224427848964,0.5148179011587847,0.4934324511406295,0.004290143085677,0.9905890598276929,0.9896235070380668,0.9951494816852872,3.9348710561826814,0,0,0,1,0,0,0,0,0,0,0,0,0,False,0,0,0,0,0,0,0,0,0,0,0,0,0,0,0,0,0,0,0,0,0,0,1,0.9648119559029558,1,0,0,False,0
13,2,12.0,24.0,15.0,15.0,8.0,0.0,1.0,0.0,6.0,4.0,2023.0,12,39.0,2.6,0.3846153846153846,1.25,15.0,0.5333333333333333,0.0,0.0666666666666666,0.0,0.4,-2.4492935982947064e-16,1.0,1.0,0.0,2.0,0,1,0,0,0,0,0,0,0,0,0,0,0,False,0,0,0,0,0,0,0,0,0,0,0,0,0,0,0,0,0,0,0,0,0,0,4,4.0,0,0,0,True,0
1,3,38.0,103.0,22.0,46.0,0.0,0.0,1.0,24.0,21.0,1.0,2022.0,5,125.0,2.717391304347826,0.176,1.2105263157894737,46.0,0.0,0.0,0.0217391304347826,0.5217391304347826,0.4565217391304347,1.0,6.123233995736766e-17,1.0,0.0,3.0,0,0,1,0,0,0,0,0,0,0,0,0,0,False,0,0,0,0,0,0,0,0,0,0,0,0,0,0,0,0,0,0,0,0,0,0,3,3.0,0,0,1,False,0
8,12,20.0,46.0,16.0,0.0,1.0,0.0,0.0,38.0,0.0,3.0,2022.0,7,62.0,62.0,0.2580645161290322,0.0,39.0,0.0256410256410256,0.0,0.0,0.9743589743589745,0.0,-1.0,-1.8369701987210292e-16,1.0,0.0,12.0,0,0,0,0,0,0,0,0,0,0,0,1,0,False,0,0,0,0,0,0,0,0,0,0,0,0,0,0,0,0,0,0,0,0,0,0,5,5.0,0,0,0,False,1
5,14,538.0,1028.0,111.0,842.0,1.0,0.0,2.0,425.0,414.0,2.0,2022.0,6,1139.0,1.352731591448931,0.0974539069359086,1.5650557620817844,842.0,0.001187648456057,0.0,0.002375296912114,0.504750593824228,0.4916864608076009,1.2246467991473532e-16,-1.0,1.0,1.0,14.0,0,0,0,0,0,0,0,0,0,0,0,0,0,True,0,0,0,0,0,0,0,0,0,0,0,0,0,0,0,0,0,0,0,0,0,0,0,0.0,0,0,0,False,0
3,6,83.0,317.0,49.0,101.0,62.0,2.0,0.0,0.0,37.0,1.0,2024.0,13,366.0,3.623762376237624,0.133879781420765,1.216867469879518,101.0,0.6138613861386139,0.0198019801980198,0.0,0.0,0.3663366336633663,1.0,6.123233995736766e-17,1.0,1.0,6.0,0,0,0,0,0,1,0,0,0,0,0,0,0,False,0,0,0,0,0,0,0,0,0,0,0,0,0,0,0,0,0,0,0,0,0,0,0,0.0,0,0,0,False,0
7,6,53.0,159.0,18.0,53.0,1.0,0.0,0.0,37.0,15.0,3.0,2021.0,3,177.0,3.339622641509434,0.1016949152542373,1.0,53.0,0.0188679245283018,0.0,0.0,0.6981132075471698,0.2830188679245283,-1.0,-1.8369701987210292e-16,1.0,0.0,6.0,0,0,0,0,0,1,0,0,0,0,0,0,0,False,0,0,0,0,0,0,0,0,0,0,0,0,0,0,0,0,0,0,0,0,0,0,0,0.0,0,0,0,False,0
0,36,39.75032704271892,149.84092438587297,13.971289652753942,47.9211066818994,28.7883126822377,0.0018971951964506,-0.0640845082645128,1.0836445809870263,19.482775977634653,0.9752163613795114,2020.9790770902289,1,166.32656343575215,3.762318961565009,0.0837264861543107,1.1551872447289648,45.75202033628132,0.6135903283225582,0.0002030479444123,0.0003662739703746,0.0077487188269051,0.3850803168693763,1.0098570882501898,0.0217910228475642,1.0099644719167518,-0.0011236523088608,36.01387366680127,0,0,0,0,0,0,0,0,0,0,0,0,0,False,0,0,0,0,0,0,0,0,0,0,0,0,0,0,0,0,0,0,0,0,0,1,2,2.0078288717341457,0,1,0,False,0
3,31,77.0,185.0,15.0,98.0,48.0,1.0,0.0,0.0,49.0,1.0,2024.0,13,200.0,2.0408163265306123,0.075,1.2727272727272727,98.0,0.4897959183673469,0.010204081632653,0.0,0.0,0.5,1.0,6.123233995736766e-17,1.0,0.0,31.0,0,0,0,0,0,0,0,0,0,0,0,0,0,False,0,0,0,0,0,0,0,0,0,0,0,0,0,0,0,0,1,0,0,0,0,0,0,0.0,0,0,0,False,0
4,31,100.94870682289516,281.6005366299474,23.92589145291151,106.67798718075665,30.34213192992384,-0.015514825745444,0.0395395085317477,-0.7489159064167913,72.1116264736555,1.967030744668597,2020.9976587160488,2,304.0788946405363,2.337474216014824,0.0752282366755218,1.0486373162830689,108.09494672505882,0.308163341028732,-0.0001774801344763,-8.464585779974236e-05,-0.0011151539723955,0.7026398876177017,0.0077361879680889,-1.0048412704923586,0.9968111228124408,0.9890357692852184,30.902180132510114,0,0,0,0,0,0,0,0,0,0,0,0,0,False,0,0,0,0,0,0,0,0,0,0,0,0,0,0,0,0,1,0,0,0,0,0,0,0.0709934559949571,0,0,0,False,0
0,3,79.90020063732922,143.157756581493,9.018003195664832,104.8199343424016,59.14614632143747,-0.010397313466438,0.0335139556788336,0.6855719085189907,50.74660677246232,0.9685255757367818,2021.0129351009844,1,152.4058853293574,2.521291807984922,0.0572386569015866,1.3746393614210195,106.48076386253234,0.5336338821347238,-1.627469878078204e-05,-0.0004402930006725,0.000577583966007,0.4663244406126303,1.018571121148179,-3.800940174578272e-05,1.004405304963567,-9.3621639727628e-05,2.8997326405610413,0,0,1,0,0,0,0,0,0,0,0,0,0,False,0,0,0,0,0,0,0,0,0,0,0,0,0,0,0,0,0,0,0,0,0,0,3,3.019570069082347,0,0,1,False,0
7,15,73.0,218.0,13.0,83.0,1.0,0.0,0.0,38.0,44.0,3.0,2021.0,3,231.0,2.783132530120482,0.0562770562770562,1.1369863013698631,83.0,0.0120481927710843,0.0,0.0,0.4578313253012048,0.5301204819277109,-1.0,-1.8369701987210292e-16,1.0,1.0,15.0,0,0,0,0,0,0,0,0,0,0,0,0,0,False,1,0,0,0,0,0,0,0,0,0,0,0,0,0,0,0,0,0,0,0,0,0,1,1.0,1,0,0,False,0
7,5,19.0,23.0,8.0,22.0,0.0,0.0,1.0,16.0,5.0,3.0,2021.0,3,31.0,1.4090909090909092,0.2580645161290322,1.1578947368421053,22.0,0.0,0.0,0.0454545454545454,0.7272727272727273,0.2272727272727272,-1.0,-1.8369701987210292e-16,1.0,0.0,5.0,0,0,0,0,1,0,0,0,0,0,0,0,0,False,0,0,0,0,0,0,0,0,0,0,0,0,0,0,0,0,0,0,0,0,0,0,4,4.0,0,0,0,True,0
13,29,96.0,287.0,47.0,146.0,84.0,0.0,4.0,2.0,56.0,4.0,2023.0,12,334.0,2.287671232876712,0.1407185628742515,1.5208333333333333,146.0,0.5753424657534246,0.0,0.0273972602739726,0.0136986301369863,0.3835616438356164,-2.4492935982947064e-16,1.0,1.0,1.0,29.0,0,0,0,0,0,0,0,0,0,0,0,0,0,False,0,0,0,0,0,0,0,0,0,0,0,0,0,0,1,0,0,0,0,0,0,0,5,5.0,0,0,0,False,1
2,12,23.28683257664408,45.99320005804503,1.171803034810174,54.549827167859725,39.52181595218735,1.01100500601593,0.0426473576404226,-0.4138448194422557,9.77966521090844,0.98567796308859,2023.0004707542628,9,57.59820099639981,1.142297769545637,0.0404072920987791,2.2669508511466456,52.34353834832838,0.7825507168573194,0.0199278434435078,-0.000579463117235,0.0077978401506715,0.2004791287914665,1.0225723843142305,0.0064025930082147,-0.00643141525747,-0.0016277824067263,12.086197079870637,0,0,0,0,0,0,0,0,0,0,0,1,0,False,0,0,0,0,0,0,0,0,0,0,0,0,0,0,0,0,0,0,0,0,0,0,5,4.963474882723953,0,0,0,False,1
0,20,71.0,287.0,29.0,93.0,74.0,0.0,0.0,0.0,19.0,1.0,2021.0,1,316.0,3.3978494623655915,0.0917721518987341,1.3098591549295775,93.0,0.7956989247311828,0.0,0.0,0.0,0.2043010752688172,1.0,6.123233995736766e-17,1.0,1.0,20.0,0,0,0,0,0,0,0,0,0,0,0,0,0,False,0,0,0,0,0,1,0,0,0,0,0,0,0,0,0,0,0,0,0,0,0,0,2,2.0,0,1,0,False,0
11,31,74.21466572622653,259.9328573075254,34.12203589979303,80.7663181034665,2.010867309161,0.0104800671349579,0.0083082284996779,29.670049604455272,46.9961561162665,4.001682075077608,2021.016762074964,4,287.4598538747123,3.999713658584895,0.1177104165977333,1.0807617278241244,82.75561374772163,0.0235418456757586,-6.187959933162668e-05,0.0003284487154633,0.3835650470620271,0.5822636091227751,-0.0231086193459591,1.0152019144913362,0.9993747805972616,0.9925657470945404,30.98940168146507,0,0,0,0,0,0,0,0,0,0,0,0,0,False,0,0,0,0,0,0,0,0,0,0,0,0,0,0,0,0,1,0,0,0,0,0,0,0.0571850967564668,0,0,0,False,0
10,18,282.5456415671173,1006.0714269365416,223.8962086686828,362.3595219992969,194.1315059963032,-0.0037993795980251,0.0461995824192809,1.0265835700414652,169.2282649454189,4.017151587546401,2019.9917841989584,0,1223.934218701278,3.514201553463591,0.1809591960581793,1.2806802599158624,364.1993425947012,0.5371458012449997,-0.0001051709511675,0.0001334003175462,-0.0034121019473306,0.4641397347883508,0.0133415413454727,0.9876634661902997,1.0083601119400265,1.0038326142762262,17.828531605096465,0,0,0,0,0,0,0,0,0,0,0,0,0,False,0,0,0,1,0,0,0,0,0,0,0,0,0,0,0,0,0,0,0,0,0,0,2,2.0121166325891875,0,1,0,False,0
2,36,20.0,113.0,14.0,24.0,14.0,0.0,0.0,0.0,10.0,1.0,2023.0,9,127.0,5.291666666666667,0.1102362204724409,1.2,24.0,0.5833333333333334,0.0,0.0,0.0,0.4166666666666667,1.0,6.123233995736766e-17,1.0,0.0,36.0,0,0,0,0,0,0,0,0,0,0,0,0,0,False,0,0,0,0,0,0,0,0,0,0,0,0,0,0,0,0,0,0,0,0,0,1,2,2.0,0,1,0,False,0
8,9,44.0,137.0,25.0,5.0,0.0,0.0,2.0,13.0,0.0,3.0,2022.0,7,162.0,32.4,0.1543209876543209,0.1136363636363636,15.0,0.0,0.0,0.1333333333333333,0.8666666666666667,0.0,-1.0,-1.8369701987210292e-16,1.0,0.0,9.0,0,0,0,0,0,0,0,0,1,0,0,0,0,False,0,0,0,0,0,0,0,0,0,0,0,0,0,0,0,0,0,0,0,0,0,0,4,4.0,0,0,0,True,0
0,9,71.0,196.0,51.0,108.0,68.0,0.0,0.0,0.0,40.0,1.0,2021.0,1,247.0,2.287037037037037,0.2064777327935222,1.5211267605633805,108.0,0.6296296296296297,0.0,0.0,0.0,0.3703703703703703,1.0,6.123233995736766e-17,1.0,1.0,9.0,0,0,0,0,0,0,0,0,1,0,0,0,0,False,0,0,0,0,0,0,0,0,0,0,0,0,0,0,0,0,0,0,0,0,0,0,4,4.0,0,0,0,True,0
2,16,18.0,58.0,11.0,14.0,8.0,0.0,0.0,0.0,6.0,1.0,2023.0,9,69.0,4.928571428571429,0.1594202898550724,0.7777777777777778,14.0,0.5714285714285714,0.0,0.0,0.0,0.4285714285714285,1.0,6.123233995736766e-17,1.0,0.0,16.0,0,0,0,0,0,0,0,0,0,0,0,0,0,False,0,1,0,0,0,0,0,0,0,0,0,0,0,0,0,0,0,0,0,0,0,0,3,3.0,0,0,1,False,0
1,10,33.0,87.0,22.0,40.0,0.0,0.0,0.0,20.0,20.0,1.0,2022.0,5,109.0,2.725,0.2018348623853211,1.2121212121212122,40.0,0.0,0.0,0.0,0.5,0.5,1.0,6.123233995736766e-17,1.0,0.0,10.0,0,0,0,0,0,0,0,0,0,1,0,0,0,False,0,0,0,0,0,0,0,0,0,0,0,0,0,0,0,0,0,0,0,0,0,0,3,3.0,0,0,1,False,0
5,6,84.57559338073622,281.7763291771773,51.31032312133672,90.4886356216646,0.1828338623576508,-0.0188755353822515,0.0772867673592353,51.37502421746426,39.12933292306679,2.000290420625775,2021.973512236272,6,326.9273021781257,2.005583966916701,0.1566426706577049,1.0542150735181923,87.96574864728828,-0.0011811368606602,-4.175017774771004e-06,9.698641053567876e-05,0.5617354261322749,0.425138850243118,0.0114788152692479,-0.9803291272065168,0.9980369139235176,1.0053931833834218,5.90811720110031,0,0,0,0,0,1,0,0,0,0,0,0,0,False,0,0,0,0,0,0,0,0,0,0,0,0,0,0,0,0,0,0,0,0,0,0,0,-0.0068976120061389,0,0,0,False,0
3,31,79.54580796272339,183.64419262818765,15.035010802874591,101.34878468889642,47.439856253134685,1.0158358834884087,-0.0075427915605962,-0.0569717754696401,48.11248122756679,0.9991207180727508,2024.0156921701955,13,201.56131941743152,1.8536546802176468,0.0747534183769491,1.2716901394453888,97.866387416402,0.4892182442809689,0.0104320813305481,0.0003907949635153,-0.0027722779193705,0.4918862672818256,0.9970577397345312,0.0097940886423557,0.994025387019061,0.0091453565804667,30.900284873481933,0,0,0,0,0,0,0,0,0,0,0,0,0,False,0,0,0,0,0,0,0,0,0,0,0,0,0,0,0,0,1,0,0,0,0,0,0,-0.0482199196587904,0,0,0,False,0
3,22,118.92510913480947,494.7906022771285,82.69926880420306,191.71505446351316,123.73239861688954,0.9919063021016364,0.071348539190223,0.0581742571033646,64.7450894546213,1.0010722989879637,2023.96163345969,13,578.0772203732184,3.6564724128538,0.1397742140491983,1.6121308591362986,197.4108009080476,0.6536173936963573,0.0050508614324179,0.000246650217326,0.0085611894841552,0.3346087024635976,1.0067139258565398,-0.0093172435810944,0.9973828149182484,1.000597914260613,22.13007590742468,0,0,0,0,0,0,0,0,0,0,0,0,0,False,0,0,0,0,0,0,0,1,0,0,0,0,0,0,0,0,0,0,0,0,0,0,0,-0.0226920574957494,0,0,0,False,0
8,4,129.0,436.0,94.0,8.0,0.0,0.0,1.0,98.0,0.0,3.0,2022.0,7,530.0,66.25,0.1773584905660377,0.0620155038759689,99.0,0.0,0.0,0.0101010101010101,0.98989898989899,0.0,-1.0,-1.8369701987210292e-16,1.0,1.0,4.0,0,0,0,1,0,0,0,0,0,0,0,0,0,False,0,0,0,0,0,0,0,0,0,0,0,0,0,0,0,0,0,0,0,0,0,0,1,1.0,1,0,0,False,0
9,36,10.0,38.0,1.0,13.0,8.0,0.0,0.0,0.0,5.0,3.0,2023.0,11,39.0,3.0,0.0256410256410256,1.3,13.0,0.6153846153846154,0.0,0.0,0.0,0.3846153846153846,-1.0,-1.8369701987210292e-16,0.0,0.0,36.0,0,0,0,0,0,0,0,0,0,0,0,0,0,False,0,0,0,0,0,0,0,0,0,0,0,0,0,0,0,0,0,0,0,0,0,1,2,2.0,0,1,0,False,0
5,24,149.95398780651033,211.76707713311515,30.484465943669058,151.58577752732313,4.417015417697996,0.9867820508825458,0.0256172766141656,86.6600351113509,59.26997506824287,2.0084291832847594,2022.0091967229423,6,242.87076658477216,2.889300368989968,0.1328258913205078,1.010232245551018,151.32623006494435,0.0241288565324524,0.0066484036616723,-0.0003828928805587,0.5762442626761151,0.3842604396094857,0.0047881201717529,-0.9844460845940392,0.9937045690704972,0.9780414940474448,24.173865764456917,0,0,0,0,0,0,0,0,0,0,0,0,0,False,0,0,0,0,0,0,0,0,0,1,0,0,0,0,0,0,0,0,0,0,0,0,5,5.028188975486356,0,0,0,False,1
12,8,39.0,81.0,21.0,51.0,27.0,0.0,0.0,0.0,24.0,4.0,2022.0,8,102.0,2.0,0.2058823529411764,1.3076923076923077,51.0,0.5294117647058824,0.0,0.0,0.0,0.4705882352941176,-2.4492935982947064e-16,1.0,1.0,0.0,8.0,0,0,0,0,0,0,0,1,0,0,0,0,0,False,0,0,0,0,0,0,0,0,0,0,0,0,0,0,0,0,0,0,0,0,0,0,4,4.0,0,0,0,True,0
2,8,12.0,35.0,7.0,15.0,12.0,0.0,0.0,0.0,3.0,1.0,2023.0,9,42.0,2.8,0.1666666666666666,1.25,15.0,0.8,0.0,0.0,0.0,0.2,1.0,6.123233995736766e-17,1.0,0.0,8.0,0,0,0,0,0,0,0,1,0,0,0,0,0,False,0,0,0,0,0,0,0,0,0,0,0,0,0,0,0,0,0,0,0,0,0,0,4,4.0,0,0,0,True,0
0,32,21.63058541306109,46.99290644232868,4.537569473581598,19.69023861121298,10.5433225222271,-0.0081579887030905,0.019572988906824,0.5625397572771151,8.975223441099388,0.9798348941219484,2020.9929757644463,1,60.247401112518304,1.5472780201748857,0.0709860271643902,1.0534218271137397,21.329207963931516,0.5406680469104386,-6.703482131780836e-05,3.2469980895646687e-05,0.0185104442643546,0.4555743385286701,1.006912025200879,-0.0103269392520603,-0.0003772731688627,-0.0074757317947346,32.089891841359446,0,0,0,0,0,0,0,0,0,0,0,0,0,False,0,0,0,0,0,0,0,0,0,0,0,0,0,0,0,0,0,1,0,0,0,0,4,4.026400242413474,0,0,0,True,0
11,1,76.0,191.0,25.0,92.0,0.0,0.0,0.0,62.0,30.0,4.0,2021.0,4,216.0,2.347826086956522,0.1157407407407407,1.2105263157894737,92.0,0.0,0.0,0.0,0.6739130434782609,0.3260869565217391,-2.4492935982947064e-16,1.0,1.0,0.0,1.0,1,0,0,0,0,0,0,0,0,0,0,0,0,False,0,0,0,0,0,0,0,0,0,0,0,0,0,0,0,0,0,0,0,0,0,0,1,1.0,1,0,0,False,0
7,13,97.0,270.0,28.0,100.0,0.0,0.0,0.0,45.0,55.0,3.0,2021.0,3,298.0,2.98,0.0939597315436241,1.0309278350515465,100.0,0.0,0.0,0.0,0.45,0.55,-1.0,-1.8369701987210292e-16,1.0,1.0,13.0,0,0,0,0,0,0,0,0,0,0,0,0,1,False,0,0,0,0,0,0,0,0,0,0,0,0,0,0,0,0,0,0,0,0,0,0,3,3.0,0,0,1,False,0
8,28,137.5590679234602,356.2624919266152,59.53246657005717,-0.9581275196567888,1.2672986751353477,0.011413793211716,1.0398020320172947,102.2604202008719,-0.4420551351024011,3.040110272698978,2021.9921054367503,7,419.823541267416,415.65889619822303,0.1410255244518951,0.0150226729430678,108.0138430911111,0.0058181704173395,0.0001172795961958,0.0095259742575309,1.0057102951260826,0.0055465621645194,-0.9970790713371118,0.004547001586391,0.998547959629706,1.01172089277624,27.912984032642683,0,0,0,0,0,0,0,0,0,0,0,0,0,False,0,0,0,0,0,0,0,0,0,0,0,0,0,1,0,0,0,0,0,0,0,0,5,5.002849517063504,0,0,0,False,1
0,13,66.0,222.0,37.0,75.0,3.0,0.0,0.0,0.0,72.0,1.0,2021.0,1,259.0,3.453333333333333,0.1428571428571428,1.1363636363636365,75.0,0.04,0.0,0.0,0.0,0.96,1.0,6.123233995736766e-17,1.0,1.0,13.0,0,0,0,0,0,0,0,0,0,0,0,0,1,False,0,0,0,0,0,0,0,0,0,0,0,0,0,0,0,0,0,0,0,0,0,0,3,3.0,0,0,1,False,0
2,20,23.0,143.0,29.0,25.0,18.0,0.0,0.0,0.0,7.0,1.0,2023.0,9,172.0,6.88,0.1686046511627907,1.0869565217391304,25.0,0.72,0.0,0.0,0.0,0.28,1.0,6.123233995736766e-17,1.0,0.0,20.0,0,0,0,0,0,0,0,0,0,0,0,0,0,False,0,0,0,0,0,1,0,0,0,0,0,0,0,0,0,0,0,0,0,0,0,0,2,2.0,0,1,0,False,0
10,24,115.09186214678188,178.91914889457917,20.523046049023343,117.22083605278634,47.145792610701726,0.995970885208624,0.0078137217781789,4.686144789734154,63.51757526194885,3.994252211205021,2019.9725081025945,0,203.79577626856528,2.1233758603982507,0.1018619552182166,1.012576031523563,113.4849642284903,0.4139508697257182,0.0086757226123908,-0.0001123924992828,0.026740545036185,0.5551043866125419,-0.0122887155599899,0.9970456443853176,0.9995869504497704,0.0100932287061479,24.48226367196895,0,0,0,0,0,0,0,0,0,0,0,0,0,False,0,0,0,0,0,0,0,0,0,1,0,0,0,0,0,0,0,0,0,0,0,0,5,4.990204988237458,0,0,0,False,1
7,31,77.0,249.0,25.0,77.0,0.0,0.0,0.0,23.0,54.0,3.0,2021.0,3,274.0,3.5584415584415585,0.0912408759124087,1.0,77.0,0.0,0.0,0.0,0.2987012987012987,0.7012987012987013,-1.0,-1.8369701987210292e-16,1.0,1.0,31.0,0,0,0,0,0,0,0,0,0,0,0,0,0,False,0,0,0,0,0,0,0,0,0,0,0,0,0,0,0,0,1,0,0,0,0,0,0,0.0,0,0,0,False,0
13,26,99.0,649.0,97.0,134.0,108.0,0.0,0.0,2.0,24.0,4.0,2023.0,12,746.0,5.567164179104478,0.1300268096514745,1.3535353535353536,134.0,0.8059701492537313,0.0,0.0,0.0149253731343283,0.1791044776119403,-2.4492935982947064e-16,1.0,1.0,1.0,26.0,0,0,0,0,0,0,0,0,0,0,0,0,0,False,0,0,0,0,0,0,0,0,0,0,0,1,0,0,0,0,0,0,0,0,0,0,0,0.0,0,0,0,False,0
6,29,89.0,230.0,54.0,95.0,56.0,0.0,0.0,0.0,39.0,2.0,2023.0,10,284.0,2.9894736842105263,0.1901408450704225,1.0674157303370786,95.0,0.5894736842105263,0.0,0.0,0.0,0.4105263157894737,1.2246467991473532e-16,-1.0,1.0,1.0,29.0,0,0,0,0,0,0,0,0,0,0,0,0,0,False,0,0,0,0,0,0,0,0,0,0,0,0,0,0,1,0,0,0,0,0,0,0,5,5.0,0,0,0,False,1
5,18,180.2019175126689,717.5544403235674,176.55987470983123,180.49574831712536,-0.0354690745503481,0.0069546194849118,5.953093829404434,98.36160540386912,78.61927973197866,1.9722789759342736,2021.99505225284,6,889.1407714476777,3.998268383170299,0.1978814688418796,0.9990761908197172,180.59171465178716,-0.0088017927328615,-7.29995286342343e-05,0.0328738575489719,0.544935932685738,0.431472073021351,-0.0082086815730277,-0.9863185963011506,1.0048585454097094,0.990563436771704,18.289325628897007,0,0,0,0,0,0,0,0,0,0,0,0,0,False,0,0,0,1,0,0,0,0,0,0,0,0,0,0,0,0,0,0,0,0,0,0,2,2.082045323114962,0,1,0,False,0
12,24,167.0,268.0,42.0,155.0,92.0,0.0,0.0,0.0,63.0,4.0,2022.0,8,310.0,2.0,0.1354838709677419,0.9281437125748504,155.0,0.5935483870967742,0.0,0.0,0.0,0.4064516129032258,-2.4492935982947064e-16,1.0,1.0,1.0,24.0,0,0,0,0,0,0,0,0,0,0,0,0,0,False,0,0,0,0,0,0,0,0,0,1,0,0,0,0,0,0,0,0,0,0,0,0,5,5.0,0,0,0,False,1
10,19,102.0,499.0,194.0,130.0,90.0,0.0,0.0,2.0,38.0,4.0,2020.0,0,693.0,5.330769230769231,0.2799422799422799,1.2745098039215683,130.0,0.6923076923076923,0.0,0.0,0.0153846153846153,0.2923076923076923,-2.4492935982947064e-16,1.0,1.0,1.0,19.0,0,0,0,0,0,0,0,0,0,0,0,0,0,False,0,0,0,0,1,0,0,0,0,0,0,0,0,0,0,0,0,0,0,0,0,0,2,2.0,0,1,0,False,0
7,13,98.70313982889536,277.5522442607014,27.91631627070174,97.18447101712287,-0.9713169309267792,0.0107998277637361,-0.0054881781143763,43.14474441866556,56.48661680633242,2.989667725525991,2020.9864559714056,3,305.92636716523424,2.888805045773728,0.0940310358454031,1.0328961120689897,100.25600666291336,0.000798405455415,6.173105914019888e-05,-0.0006225975332914,0.4483951470362687,0.5425830522415481,-1.0131918324545413,-0.0213457915345657,0.9953521574851024,1.0085715047006731,12.849108607424029,0,0,0,0,0,0,0,0,0,0,0,0,1,False,0,0,0,0,0,0,0,0,0,0,0,0,0,0,0,0,0,0,0,0,0,0,3,2.9575044513285027,0,0,1,False,0
4,29,86.14108871054852,253.0600949964702,52.59228049025394,109.68502508948666,60.23424247659192,-0.0126330306483964,0.0053282115832443,2.326517181257385,47.72132499177008,2.0282792364488778,2021.004364460065,2,308.30509873699725,2.1332883100207565,0.1741783659847152,1.276031475802713,110.7624758842928,0.5471608632020044,-4.266717626421985e-05,-0.0003931010818405,0.0237746333220986,0.43235365695026,0.0217440591675532,-1.0052167504304443,1.0056807775350194,0.976438994074128,28.9739527787307,0,0,0,0,0,0,0,0,0,0,0,0,0,False,0,0,0,0,0,0,0,0,0,0,0,0,0,0,1,0,0,0,0,0,0,0,5,4.999867677614085,0,0,0,False,1
1,4,142.6770108203475,502.3167153482999,72.65590493724774,163.431019613552,-1.518528541795967,0.0089900797666181,-0.009573477467436,89.05590119044162,74.81168121529258,1.008614834375089,2021.994980716714,5,574.5826337106197,4.460043469768805,0.1277944964178173,1.189022763058726,167.2367188390711,-0.0010226291641159,9.09209822168038e-05,0.0004041063864736,0.5586990230244758,0.4542449418462674,0.9950457273745,-0.0073570729566931,1.000438573888651,1.0066495829135995,4.304805285313038,0,0,0,1,0,0,0,0,0,0,0,0,0,False,0,0,0,0,0,0,0,0,0,0,0,0,0,0,0,0,0,0,0,0,0,0,1,0.9589133934064208,1,0,0,False,0
9,0,15.0,42.0,11.0,18.0,5.0,0.0,0.0,0.0,13.0,3.0,2023.0,11,53.0,2.9444444444444446,0.2075471698113207,1.2,18.0,0.2777777777777778,0.0,0.0,0.0,0.7222222222222222,-1.0,-1.8369701987210292e-16,1.0,0.0,0.0,0,0,0,0,0,0,0,0,0,0,0,0,0,False,0,0,0,0,0,0,0,0,0,0,0,0,0,0,0,0,0,0,0,0,0,0,3,3.0,0,0,1,False,0
6,15,62.38045934970143,223.64932235874156,29.980932059796206,71.12132259333413,38.09528067940961,0.0101827721034229,0.012794481306246,-0.3246521634651598,27.499967834899056,1.961277047252666,2023.0405036392335,10,255.13463217627427,2.2586259561418043,0.1202271413831837,1.1755259969095553,66.15028354100457,0.5771828922705461,0.0001262367250367,9.011138469699524e-05,-0.0067380015874458,0.4249073561449997,0.0148273456306101,-0.9753307980718028,0.9981225970236064,1.0145709812787291,15.067575865302649,0,0,0,0,0,0,0,0,0,0,0,0,0,False,1,0,0,0,0,0,0,0,0,0,0,0,0,0,0,0,0,0,0,0,0,0,1,1.0214248670958574,1,0,0,False,0
6,27,282.33882875669514,619.8689082150854,97.21997060484082,504.5890064598528,339.99280272863587,0.0141669992490931,-0.0016743718170706,0.3180198531113993,161.07146190546493,1.9718615563406012,2022.9838941457049,10,710.7116374228452,-0.0627552588708217,0.1339162647755604,1.7630771831610124,503.9832585634038,0.6677152424370079,-4.409147137979964e-05,0.0001553924368494,0.0082001106883684,0.3186602672525965,0.0156888076409365,-1.0150021893619037,0.997807662762838,1.00566948678879,27.133774360248108,0,0,0,0,0,0,0,0,0,0,0,0,0,False,0,0,0,0,0,0,0,0,0,0,0,0,1,0,0,0,0,0,0,0,0,0,5,4.924360595098686,0,0,0,False,1
0,1,84.0,251.0,21.0,110.0,60.0,0.0,0.0,0.0,50.0,1.0,2021.0,1,272.0,2.4727272727272727,0.0772058823529411,1.3095238095238095,110.0,0.5454545454545454,0.0,0.0,0.0,0.4545454545454545,1.0,6.123233995736766e-17,1.0,1.0,1.0,1,0,0,0,0,0,0,0,0,0,0,0,0,False,0,0,0,0,0,0,0,0,0,0,0,0,0,0,0,0,0,0,0,0,0,0,1,1.0,1,0,0,False,0
11,27,286.0,633.0,129.0,299.0,0.0,0.0,0.0,239.0,60.0,4.0,2021.0,4,762.0,2.548494983277592,0.1692913385826771,1.0454545454545454,299.0,0.0,0.0,0.0,0.7993311036789298,0.2006688963210702,-2.4492935982947064e-16,1.0,1.0,1.0,27.0,0,0,0,0,0,0,0,0,0,0,0,0,0,False,0,0,0,0,0,0,0,0,0,0,0,0,1,0,0,0,0,0,0,0,0,0,5,5.0,0,0,0,False,1
5,23,93.0,342.0,67.0,127.0,1.0,0.0,0.0,67.0,59.0,2.0,2022.0,6,409.0,3.220472440944882,0.1638141809290953,1.3655913978494625,127.0,0.0078740157480314,0.0,0.0,0.5275590551181102,0.4645669291338583,1.2246467991473532e-16,-1.0,1.0,1.0,23.0,0,0,0,0,0,0,0,0,0,0,0,0,0,False,0,0,0,0,0,0,0,0,1,0,0,0,0,0,0,0,0,0,0,0,0,0,0,0.0,0,0,0,False,0
2,12,21.320791642365126,44.85794938547743,2.512665095595768,51.10252791538667,41.55930105280154,1.0084651398161006,-0.0638460676076321,-0.3066860743082644,10.798211380323895,1.0188277098480671,2023.0184102646365,9,49.40532941465208,-0.3733951068058292,0.0419685132701079,2.272372633565969,50.64192726147842,0.78346488959537,0.0201089944157437,0.0001619020895688,-0.0095025139046122,0.2019951158155887,1.0110371445044115,0.0120384217997335,0.0019061276838077,-0.0011696331155194,11.924414255540686,0,0,0,0,0,0,0,0,0,0,0,1,0,False,0,0,0,0,0,0,0,0,0,0,0,0,0,0,0,0,0,0,0,0,0,0,5,5.030374807006505,0,0,0,False,1
10,1,78.06884274820415,237.3226030190615,36.35435306889672,93.7447023630244,56.84385815020284,-0.0083759032763841,0.0100145129612342,-1.4848376108292782,37.07057901331996,3.9607626085706618,2019.9939107023465,0,269.4968865237184,2.528373824211914,0.1358330949606799,1.2132961302122955,97.64676524327948,0.6019623501756539,-8.763330263540612e-05,0.0001408916450969,0.0093746481926899,0.3935136706780917,0.009971407605083,0.9926612553857036,1.0129746381239204,1.0122684680019225,0.8497611555580968,1,0,0,0,0,0,0,0,0,0,0,0,0,False,0,0,0,0,0,0,0,0,0,0,0,0,0,0,0,0,0,0,0,0,0,0,1,1.0626357785796678,1,0,0,False,0
8,24,146.9191686552065,195.99219487367975,55.99691990529261,18.4432685698919,5.478855318961312,-0.0150177063401852,-0.0391579914904509,78.55810172490477,-1.0673197590491412,2.999175665827838,2021.9957293140048,7,260.70833216047873,14.027098760286467,0.2182293983771017,0.1293639301702942,81.1768738310914,0.0387853760016774,-4.47618365557384e-05,-0.0001631044075251,0.9629546768066772,0.001923650974565,-1.0045980784469473,0.0126309292223764,0.995536022312378,1.0042848482001254,23.96374389994899,0,0,0,0,0,0,0,0,0,0,0,0,0,False,0,0,0,0,0,0,0,0,0,1,0,0,0,0,0,0,0,0,0,0,0,0,5,5.071560362366382,0,0,0,False,1
8,29,95.94730184588052,324.8990414237776,31.196146223087528,2.8647432747338497,-1.7728203927860144,0.0109619139503883,-0.0291229535840317,78.28799603785936,-1.5493380853111909,2.976596202576567,2021.9738807057736,7,365.9378801864654,356.97768500613506,0.0843745361557871,0.0070501552538293,79.2042499236855,-0.0135297921225966,0.0001423396383441,0.0001476634086576,0.9998451386379262,0.0037359345193528,-1.0052121556520726,0.0118966014304375,0.9988195779699482,1.02101298486658,28.78383608104541,0,0,0,0,0,0,0,0,0,0,0,0,0,False,0,0,0,0,0,0,0,0,0,0,0,0,0,0,1,0,0,0,0,0,0,0,5,5.044643742861155,0,0,0,False,1
11,6,53.0,123.0,9.0,51.0,1.0,0.0,0.0,34.0,16.0,4.0,2021.0,4,132.0,2.588235294117647,0.0681818181818181,0.9622641509433962,51.0,0.0196078431372549,0.0,0.0,0.6666666666666666,0.3137254901960784,-2.4492935982947064e-16,1.0,1.0,0.0,6.0,0,0,0,0,0,1,0,0,0,0,0,0,0,False,0,0,0,0,0,0,0,0,0,0,0,0,0,0,0,0,0,0,0,0,0,0,0,0.0,0,0,0,False,0
8,28,139.0,356.0,59.0,1.0,0.0,0.0,1.0,103.0,0.0,3.0,2022.0,7,415.0,415.0,0.1421686746987951,0.0071942446043165,104.0,0.0,0.0,0.0096153846153846,0.9903846153846154,0.0,-1.0,-1.8369701987210292e-16,1.0,1.0,28.0,0,0,0,0,0,0,0,0,0,0,0,0,0,False,0,0,0,0,0,0,0,0,0,0,0,0,0,1,0,0,0,0,0,0,0,0,5,5.0,0,0,0,False,1
9,11,30.893448079103457,72.59254789251688,15.796361251265628,59.85967733187037,38.32371266543098,-0.0101293143304007,-0.063001339845618,0.4975617165682551,20.305369915557957,3.0004343210766886,2022.9946167067508,11,97.00885947433272,1.986290178781343,0.1664445711829207,1.830094968005899,61.18322933960801,0.6664612817971605,-0.0002120633321796,-0.0001983704371883,-0.0059094935986589,0.3450491368996433,-1.0286895962330902,0.0048740111453871,1.0049002863021952,-0.0073230654092589,11.1803877502703,0,0,0,0,0,0,0,0,0,0,1,0,0,False,0,0,0,0,0,0,0,0,0,0,0,0,0,0,0,0,0,0,0,0,0,0,4,4.029745048995545,0,0,0,True,0
1,20,14.656000002562882,82.45675282661203,36.95742171154865,15.571235407587023,0.4609053147672035,0.0068231044070538,-0.0342141777995386,10.04266156208888,8.13921952025461,0.9879452097232692,2022.00331391788,5,111.90518523338685,4.875170072366336,0.3305224342655269,1.3864652785475609,18.71958682910829,-0.0053182088986647,-4.1942576665910893e-07,0.0002416214138242,0.566817846749494,0.4449446974137889,0.9821252141808404,-0.0085120288810524,1.0077700020983131,-0.0005307558369605,19.735793126403586,0,0,0,0,0,0,0,0,0,0,0,0,0,False,0,0,0,0,0,1,0,0,0,0,0,0,0,0,0,0,0,0,0,0,0,0,2,1.9574438873345923,0,1,0,False,0
13,25,214.1499251214339,551.601519212094,32.30113630738865,270.08245373013824,147.96560127003505,1.9918434130445684,1.991523487300728,0.7726953609468443,115.41282221001414,4.014663276046517,2022.975404930721,12,580.6778911087274,1.3327439013026143,0.0528073099200826,1.2571143761812784,269.33377918751785,0.5558953534231841,0.0074782612150326,0.0074064964863474,-0.0014500918558823,0.4362115530559134,-0.0016514377153024,1.0089669407988686,1.0019933010445554,1.007523529829778,24.92761956342212,0,0,0,0,0,0,0,0,0,0,0,0,0,False,0,0,0,0,0,0,0,0,0,0,1,0,0,0,0,0,0,0,0,0,0,0,0,0.0447693903181876,0,0,0,False,0
10,17,92.0,318.0,64.0,177.0,118.0,0.0,0.0,0.0,59.0,4.0,2020.0,0,382.0,2.15819209039548,0.1675392670157068,1.923913043478261,177.0,0.6666666666666666,0.0,0.0,0.0,0.3333333333333333,-2.4492935982947064e-16,1.0,1.0,1.0,17.0,0,0,0,0,0,0,0,0,0,0,0,0,0,False,0,0,1,0,0,0,0,0,0,0,0,0,0,0,0,0,0,0,0,0,0,0,2,2.0,0,1,0,False,0
7,16,27.0,85.0,16.0,27.0,1.0,0.0,0.0,10.0,16.0,3.0,2021.0,3,101.0,3.740740740740741,0.1584158415841584,1.0,27.0,0.037037037037037,0.0,0.0,0.3703703703703703,0.5925925925925926,-1.0,-1.8369701987210292e-16,1.0,0.0,16.0,0,0,0,0,0,0,0,0,0,0,0,0,0,False,0,1,0,0,0,0,0,0,0,0,0,0,0,0,0,0,0,0,0,0,0,0,3,3.0,0,0,1,False,0
12,26,145.0,553.0,96.0,195.0,90.0,2.0,0.0,7.0,96.0,4.0,2022.0,8,649.0,3.3282051282051284,0.147919876733436,1.3448275862068966,195.0,0.4615384615384615,0.0102564102564102,0.0,0.0358974358974358,0.4923076923076923,-2.4492935982947064e-16,1.0,1.0,1.0,26.0,0,0,0,0,0,0,0,0,0,0,0,0,0,False,0,0,0,0,0,0,0,0,0,0,0,1,0,0,0,0,0,0,0,0,0,0,0,0.0,0,0,0,False,0
5,33,31.0,126.0,68.0,40.0,0.0,0.0,0.0,20.0,20.0,2.0,2022.0,6,194.0,4.85,0.3505154639175257,1.2903225806451613,40.0,0.0,0.0,0.0,0.5,0.5,1.2246467991473532e-16,-1.0,1.0,0.0,33.0,0,0,0,0,0,0,0,0,0,0,0,0,0,False,0,0,0,0,0,0,0,0,0,0,0,0,0,0,0,0,0,0,1,0,0,0,2,2.0,0,1,0,False,0
7,1,79.55547158020754,201.54037693619927,25.01297843454895,93.37492660099085,-1.0886068520105647,0.0089456730022165,-0.0519599564686851,66.66520383426187,27.40434665864687,3.0048348392312643,2021.058163162845,3,231.33526747508785,2.9706429543329227,0.1118354705638742,1.191038307180557,92.85375149605446,0.001438251294623,0.0001720984794839,0.0002186974709065,0.6989666249566817,0.3063097271938728,-1.0024870526657406,0.0157187150440673,0.9949517804847794,1.0035571632153766,1.1172706886672996,1,0,0,0,0,0,0,0,0,0,0,0,0,False,0,0,0,0,0,0,0,0,0,0,0,0,0,0,0,0,0,0,0,0,0,0,1,1.0646372148443222,1,0,0,False,0
12,4,121.06811352343033,527.238972793897,92.62750085352998,164.25666722783967,72.73503441032669,-0.0040775592625284,0.0245893427647836,2.8023179323950504,86.55830902818981,4.017131392645854,2022.0136056287367,8,615.9550077267401,2.6273318734624462,0.1515727760632547,1.3222126739953417,162.17616860537487,0.440661043246392,3.825233246631966e-05,0.0002560650048934,0.0064588392569608,0.5431927759458495,-0.0122330108903428,1.0167100270978664,0.9874237590292402,0.9853607556762854,4.187534432080435,0,0,0,1,0,0,0,0,0,0,0,0,0,False,0,0,0,0,0,0,0,0,0,0,0,0,0,0,0,0,0,0,0,0,0,0,1,0.9530149874958912,1,0,0,False,0
1,5,23.0,61.0,2.0,35.0,0.0,0.0,0.0,29.0,6.0,1.0,2022.0,5,63.0,1.8,0.0317460317460317,1.5217391304347827,35.0,0.0,0.0,0.0,0.8285714285714286,0.1714285714285714,1.0,6.123233995736766e-17,0.0,0.0,5.0,0,0,0,0,1,0,0,0,0,0,0,0,0,False,0,0,0,0,0,0,0,0,0,0,0,0,0,0,0,0,0,0,0,0,0,0,4,4.0,0,0,0,True,0
7,4,130.0,627.0,79.0,127.0,0.0,1.0,0.0,69.0,57.0,3.0,2021.0,3,706.0,5.559055118110236,0.1118980169971671,0.9769230769230768,127.0,0.0,0.0078740157480314,0.0,0.5433070866141733,0.4488188976377952,-1.0,-1.8369701987210292e-16,1.0,1.0,4.0,0,0,0,1,0,0,0,0,0,0,0,0,0,False,0,0,0,0,0,0,0,0,0,0,0,0,0,0,0,0,0,0,0,0,0,0,1,1.0,1,0,0,False,0
13,17,115.9174793954687,462.2965269855657,36.48778035145135,213.6876925675032,157.48268842857078,0.0094018380994879,0.0096015868920197,1.1780788016100157,46.80655656791988,3.981932244693292,2022.9752839787943,12,503.3642159297733,1.929736426890667,0.0717227907867525,1.8588266041981625,208.76612730257472,0.7561162235328963,-6.220350388570047e-05,9.873639827312274e-05,0.0083574291690098,0.2297558584431538,-0.0028490707664369,0.9803499329682854,1.0042519610674925,1.0036138741294405,17.06897407878864,0,0,0,0,0,0,0,0,0,0,0,0,0,False,0,0,1,0,0,0,0,0,0,0,0,0,0,0,0,0,0,0,0,0,0,0,2,1.959973689183051,0,1,0,False,0
5,8,30.24346011534712,61.468578251646846,17.491766711374453,33.55695160941235,0.7363152247610784,0.0017212655346974,0.0162729246770422,20.00003206695678,17.211354157479892,1.937172991892928,2021.994888214212,6,74.75359329614723,2.2915978304998226,0.2316072663831336,1.2311012005241584,36.2489939082062,0.0011344548666006,0.0002259786068669,0.0001057489699214,0.5646502676690053,0.4460570986014527,0.0226391679146119,-1.0260423659440985,1.004008268543575,-0.0344466657106261,8.086340947574891,0,0,0,0,0,0,0,1,0,0,0,0,0,False,0,0,0,0,0,0,0,0,0,0,0,0,0,0,0,0,0,0,0,0,0,0,4,4.106351334457235,0,0,0,True,0
11,32,27.0,135.0,23.0,37.0,0.0,0.0,0.0,14.0,23.0,4.0,2021.0,4,158.0,4.27027027027027,0.1455696202531645,1.3703703703703705,37.0,0.0,0.0,0.0,0.3783783783783784,0.6216216216216216,-2.4492935982947064e-16,1.0,1.0,0.0,32.0,0,0,0,0,0,0,0,0,0,0,0,0,0,False,0,0,0,0,0,0,0,0,0,0,0,0,0,0,0,0,0,1,0,0,0,0,4,4.0,0,0,0,True,0
12,5,8.0,17.0,1.0,9.0,4.0,0.0,0.0,0.0,5.0,4.0,2022.0,8,18.0,2.0,0.0555555555555555,1.125,9.0,0.4444444444444444,0.0,0.0,0.0,0.5555555555555556,-2.4492935982947064e-16,1.0,0.0,0.0,5.0,0,0,0,0,1,0,0,0,0,0,0,0,0,False,0,0,0,0,0,0,0,0,0,0,0,0,0,0,0,0,0,0,0,0,0,0,4,4.0,0,0,0,True,0
0,11,54.83412139251916,138.73978121110198,50.15147411121331,90.8950324622885,68.0705843474428,-0.0009723615928459,0.0132640208438835,-1.3818588011437718,20.40757354004255,1.002186510920683,2020.9848554972612,1,186.7932124807052,0.944547867658846,0.2674181543401882,1.5783360537863618,88.28264190902503,0.7582617655116908,-8.360835267434463e-05,-0.000165397365765,0.0005572583256667,0.2384331013673575,0.9722476688488504,0.0185579849918774,1.0051069594063096,0.0052700667912768,10.813567933763474,0,0,0,0,0,0,0,0,0,0,1,0,0,False,0,0,0,0,0,0,0,0,0,0,0,0,0,0,0,0,0,0,0,0,0,0,4,3.998757126222909,0,0,0,True,0
10,8,34.43297894128009,68.19902245163424,10.473121021193506,37.72809531031435,24.39669379248369,-0.0098931925519435,0.0454887653372112,-1.719239857008704,15.769423282076133,4.015400417523559,2019.9713524753847,0,68.2453802387343,2.69229511723358,0.1436636511589731,1.1671241326113442,43.16343915047981,0.5934575476646533,-1.1887214384491616e-05,-0.0001543176288525,0.0093442807334115,0.4181281604098468,-0.0135299894510263,0.984344456532312,1.0028440208348195,0.0120326294334551,8.34112569067154,0,0,0,0,0,0,0,1,0,0,0,0,0,False,0,0,0,0,0,0,0,0,0,0,0,0,0,0,0,0,0,0,0,0,0,0,4,3.996535491748421,0,0,0,True,0
4,29,86.91494436524924,247.42451770729764,51.13865064291553,110.0149430437257,60.758310064960014,0.01627300880105,0.0055952467999347,3.2473962967184926,45.66270593854017,1.9803490525430512,2020.9970868695348,2,309.1984730655977,1.844644516358028,0.1732806116192701,1.30082537659859,112.78331699972988,0.5503296524024611,-1.974563475963096e-05,0.000468113408698,0.0260554235527128,0.4284697924362899,-0.0053865753955789,-1.0008317826324251,0.9981011442438464,1.0138190307841133,28.6184445960503,0,0,0,0,0,0,0,0,0,0,0,0,0,False,0,0,0,0,0,0,0,0,0,0,0,0,0,0,1,0,0,0,0,0,0,0,5,5.020204709242579,0,0,0,False,1
7,32,31.218851170634448,91.67864178529489,22.573144131342797,38.06810020590031,-0.4510708903837187,0.0058631502185289,0.002821961149777,16.20790912956839,19.606796243202844,3.017538557295774,2020.983571561296,3,107.57084190792273,2.3920571920650726,0.2059972554625511,1.1615232709127286,39.41438405294591,0.0046713474946436,2.326544884502544e-05,-0.0002460549005021,0.4396019786679262,0.5573393994318195,-1.0070268259212949,0.006420624832223,1.0102939330687362,-0.0107240287453806,31.55087461893319,0,0,0,0,0,0,0,0,0,0,0,0,0,False,0,0,0,0,0,0,0,0,0,0,0,0,0,0,0,0,0,1,0,0,0,0,4,4.016501626051164,0,0,0,True,0
13,31,72.99615638184633,251.4701881851156,28.091663944176076,76.40385591307351,36.93577085051759,-0.0049787901253239,-0.0280181142693996,3.142900000033613,35.35502833760732,4.0042348138190205,2022.9827207412989,12,277.203601467299,3.202078366120257,0.1047788641492052,1.0565677119526729,77.19578586945539,0.490587356803735,0.0002252077841372,-0.0004109875951885,0.0237613854486578,0.4669679882795045,-0.01668672297169,1.0002756523104903,0.9952743076731212,0.9899924897131748,30.966369102738152,0,0,0,0,0,0,0,0,0,0,0,0,0,False,0,0,0,0,0,0,0,0,0,0,0,0,0,0,0,0,1,0,0,0,0,0,0,-0.0275619506410749,0,0,0,False,0
3,36,13.0,61.0,14.0,16.0,14.0,0.0,0.0,0.0,2.0,1.0,2024.0,13,75.0,4.6875,0.1866666666666666,1.2307692307692308,16.0,0.875,0.0,0.0,0.0,0.125,1.0,6.123233995736766e-17,1.0,0.0,36.0,0,0,0,0,0,0,0,0,0,0,0,0,0,False,0,0,0,0,0,0,0,0,0,0,0,0,0,0,0,0,0,0,0,0,0,1,2,2.0,0,1,0,False,0
2,14,382.7462388681013,668.5525618925777,99.28830051298584,618.837871597648,299.03024012586627,-0.0007424184022412,1.9937661431490576,6.865913069912406,308.1973392232778,0.9778035304948062,2022.981554040845,9,776.2845478177585,0.8761395085973878,0.1295376035029624,1.6075460479060968,613.8179927135615,0.4814543748470627,0.0002441761102181,0.0032906753038232,0.0056144394660593,0.5009313688860647,1.0363526308428697,-0.0151646280925419,1.0027084909759207,0.9936541947659492,14.28310756474458,0,0,0,0,0,0,0,0,0,0,0,0,0,True,0,0,0,0,0,0,0,0,0,0,0,0,0,0,0,0,0,0,0,0,0,0,0,-0.070264781614616,0,0,0,False,0
0,8,25.0,50.0,30.0,31.0,17.0,0.0,0.0,0.0,14.0,1.0,2021.0,1,80.0,2.5806451612903225,0.375,1.24,31.0,0.5483870967741935,0.0,0.0,0.0,0.4516129032258064,1.0,6.123233995736766e-17,1.0,0.0,8.0,0,0,0,0,0,0,0,1,0,0,0,0,0,False,0,0,0,0,0,0,0,0,0,0,0,0,0,0,0,0,0,0,0,0,0,0,4,4.0,0,0,0,True,0
0,24,150.8105522208387,241.68354420218787,25.43496890538216,146.86308488275742,84.65452501837864,-0.0011336365571669,-0.0079297603324658,0.4763007447564458,64.5657815203389,1.044835644198408,2020.9877421323083,1,259.1463316378051,1.9496132085925872,0.097776228794792,1.0077765319872736,153.8627482929583,0.5611502139144484,-0.0001602727218512,0.0003148969176662,0.0156754346835764,0.4221318304129566,0.984765387935856,0.022820630577367,0.9931249439458472,1.0083314794905205,24.061324897528426,0,0,0,0,0,0,0,0,0,0,0,0,0,False,0,0,0,0,0,0,0,0,0,1,0,0,0,0,0,0,0,0,0,0,0,0,5,5.058139520431789,0,0,0,False,1
11,9,58.0,172.0,30.0,71.0,0.0,0.0,0.0,29.0,42.0,4.0,2021.0,4,202.0,2.8450704225352115,0.1485148514851485,1.2241379310344829,71.0,0.0,0.0,0.0,0.4084507042253521,0.5915492957746479,-2.4492935982947064e-16,1.0,1.0,0.0,9.0,0,0,0,0,0,0,0,0,1,0,0,0,0,False,0,0,0,0,0,0,0,0,0,0,0,0,0,0,0,0,0,0,0,0,0,0,4,4.0,0,0,0,True,0
4,19,69.15174471411814,286.0059266599788,57.57283972798876,91.07832746403724,56.476090221866016,-0.0004293239688096,0.0281749269827241,-0.3406515381174331,31.63909812516099,1.9747693484773,2021.013263087775,2,344.43194971643004,4.062571048492921,0.1650542747670731,1.248439799603581,88.31218402188216,0.6381201692307568,-2.1219918441500724e-05,0.0001911125943094,-0.0007425039325794,0.3525772220128907,0.0019548179320626,-0.9929188657840282,1.0005960984902778,0.9859591184835154,19.47572202278569,0,0,0,0,0,0,0,0,0,0,0,0,0,False,0,0,0,0,1,0,0,0,0,0,0,0,0,0,0,0,0,0,0,0,0,0,2,1.965030741536082,0,1,0,False,0
11,23,108.0,365.0,76.0,136.0,0.0,0.0,0.0,64.0,72.0,4.0,2021.0,4,441.0,3.242647058823529,0.1723356009070294,1.2592592592592593,136.0,0.0,0.0,0.0,0.4705882352941176,0.5294117647058824,-2.4492935982947064e-16,1.0,1.0,1.0,23.0,0,0,0,0,0,0,0,0,0,0,0,0,0,False,0,0,0,0,0,0,0,0,1,0,0,0,0,0,0,0,0,0,0,0,0,0,0,0.0,0,0,0,False,0
10,16,31.0,91.0,15.0,24.0,11.0,0.0,0.0,0.0,13.0,4.0,2020.0,0,106.0,4.416666666666667,0.1415094339622641,0.7741935483870968,24.0,0.4583333333333333,0.0,0.0,0.0,0.5416666666666666,-2.4492935982947064e-16,1.0,1.0,0.0,16.0,0,0,0,0,0,0,0,0,0,0,0,0,0,False,0,1,0,0,0,0,0,0,0,0,0,0,0,0,0,0,0,0,0,0,0,0,3,3.0,0,0,1,False,0
3,30,131.0,298.0,68.0,122.0,84.0,0.0,0.0,2.0,36.0,1.0,2024.0,13,366.0,3.0,0.1857923497267759,0.931297709923664,122.0,0.6885245901639344,0.0,0.0,0.0163934426229508,0.2950819672131147,1.0,6.123233995736766e-17,1.0,1.0,30.0,0,0,0,0,0,0,0,0,0,0,0,0,0,False,0,0,0,0,0,0,0,0,0,0,0,0,0,0,0,1,0,0,0,0,0,0,5,5.0,0,0,0,False,1
0,11,56.0,140.0,51.0,89.0,68.0,0.0,0.0,0.0,21.0,1.0,2021.0,1,191.0,2.146067415730337,0.2670157068062827,1.5892857142857142,89.0,0.7640449438202247,0.0,0.0,0.0,0.2359550561797752,1.0,6.123233995736766e-17,1.0,0.0,11.0,0,0,0,0,0,0,0,0,0,0,1,0,0,False,0,0,0,0,0,0,0,0,0,0,0,0,0,0,0,0,0,0,0,0,0,0,4,4.0,0,0,0,True,0
11,18,181.15290465127083,692.7215438738242,119.13714766838427,188.7098748046089,-0.7586075026295447,-0.0082502408063365,5.002320784205959,119.845819260808,61.87624650065385,3.950487349185817,2021.0707441455008,4,809.7408546493625,4.905376760426203,0.1466218629392406,1.0704682802356873,187.6562360664468,-0.0041108621822751,0.0001402300812031,0.0266310466595965,0.655810769666795,0.3290636426358317,-0.0069855559603545,0.9967009581057976,0.999899642243793,1.0126696449425625,18.126111321800543,0,0,0,0,0,0,0,0,0,0,0,0,0,False,0,0,0,1,0,0,0,0,0,0,0,0,0,0,0,0,0,0,0,0,0,0,2,2.018821734057308,0,1,0,False,0
1,29,102.73025312652194,371.8642040173023,28.6078438011374,140.68577394656327,1.1354289991954418,0.0032471348475029,0.0255981934368003,75.01076114983798,64.17628521951728,0.9947752044811056,2022.000984879622,5,393.4076047885552,1.4657697776983691,0.071625996036548,1.3668337264895063,135.59115445266835,-0.0034823210268964,0.0002240445240471,-0.0003718368173844,0.5424016876106946,0.4609855026696734,1.0192395061927255,-0.0166440001895413,1.0046661299070951,0.9850877734526142,28.999845305996576,0,0,0,0,0,0,0,0,0,0,0,0,0,False,0,0,0,0,0,0,0,0,0,0,0,0,0,0,1,0,0,0,0,0,0,0,5,5.054187748032739,0,0,0,False,1
3,34,38.0,98.0,17.0,38.0,17.0,0.0,0.0,0.0,21.0,1.0,2024.0,13,115.0,3.026315789473684,0.1478260869565217,1.0,38.0,0.4473684210526316,0.0,0.0,0.0,0.5526315789473685,1.0,6.123233995736766e-17,1.0,0.0,34.0,0,0,0,0,0,0,0,0,0,0,0,0,0,False,0,0,0,0,0,0,0,0,0,0,0,0,0,0,0,0,0,0,0,1,0,0,1,1.0,1,0,0,False,0
3,35,41.06338987551528,239.33703171212244,14.150052289744886,57.79738368296053,39.412206932889546,0.0014454711333813,0.0644800627559434,0.9598449342636384,15.25013586055667,1.0498980387942964,2023.9987574602733,13,247.7655624793451,4.86753682175593,0.0541492692239857,1.414822467799568,54.49072816324458,0.6812795308792754,-0.0001716958352379,-0.0001149955817821,-0.0039786457050677,0.3056232793144323,0.9966069155535352,-0.0039215982314209,0.9986872178271434,1.0198094972276508,34.97331467207269,0,0,0,0,0,0,0,0,0,0,0,0,0,False,0,0,0,0,0,0,0,0,0,0,0,0,0,0,0,0,0,0,0,0,1,0,1,0.9922119495011552,1,0,0,False,0
13,36,15.0,36.0,18.0,21.0,17.0,0.0,0.0,0.0,4.0,4.0,2023.0,12,54.0,2.571428571428572,0.3333333333333333,1.4,21.0,0.8095238095238095,0.0,0.0,0.0,0.1904761904761904,-2.4492935982947064e-16,1.0,1.0,0.0,36.0,0,0,0,0,0,0,0,0,0,0,0,0,0,False,0,0,0,0,0,0,0,0,0,0,0,0,0,0,0,0,0,0,0,0,0,1,2,2.0,0,1,0,False,0
8,24,146.0,201.0,57.0,18.0,3.0,0.0,0.0,79.0,0.0,3.0,2022.0,7,258.0,14.333333333333334,0.2209302325581395,0.1232876712328767,82.0,0.0365853658536585,0.0,0.0,0.9634146341463414,0.0,-1.0,-1.8369701987210292e-16,1.0,1.0,24.0,0,0,0,0,0,0,0,0,0,0,0,0,0,False,0,0,0,0,0,0,0,0,0,1,0,0,0,0,0,0,0,0,0,0,0,0,5,5.0,0,0,0,False,1
11,3,57.775330535781336,152.98272079889028,45.45221703563385,58.900878595478986,1.4604144349153785,-0.008810473056155,1.0011170220549452,23.6199258363491,37.00787024396951,4.0469028733359,2020.9740202986504,4,200.87840157323413,2.674631266137542,0.2265601205530878,1.0784874857476063,64.89552728127327,0.0200755936625019,6.603574390912744e-05,0.0155456923209745,0.3625542707080788,0.6006787414222238,-0.0043317760290068,0.9853555843401,0.997376322108754,0.001916432162512,2.933968588623181,0,0,1,0,0,0,0,0,0,0,0,0,0,False,0,0,0,0,0,0,0,0,0,0,0,0,0,0,0,0,0,0,0,0,0,0,3,3.0302803729896075,0,0,1,False,0
9,9,30.968746338104037,67.10047712065537,13.930751125791636,41.74352123888016,16.12216365148017,0.0241725904605426,0.0025889046745936,-0.4716485334032203,25.097353045190307,3.0062910458313685,2023.001684090753,11,84.03039760832793,2.1708101804964293,0.1928589291477378,1.408919168982161,44.98034251579389,0.4108904307061647,8.086186409886443e-05,0.0002542257183727,0.0003175515394277,0.5939882070734495,-1.009565149822422,-0.0025447127735221,0.9973921638207988,0.0139259846739543,9.15042208178683,0,0,0,0,0,0,0,0,1,0,0,0,0,False,0,0,0,0,0,0,0,0,0,0,0,0,0,0,0,0,0,0,0,0,0,0,4,3.969132495681202,0,0,0,True,0
5,3,29.0,45.0,18.0,30.0,0.0,0.0,0.0,7.0,23.0,2.0,2022.0,6,63.0,2.1,0.2857142857142857,1.0344827586206895,30.0,0.0,0.0,0.0,0.2333333333333333,0.7666666666666667,1.2246467991473532e-16,-1.0,1.0,0.0,3.0,0,0,1,0,0,0,0,0,0,0,0,0,0,False,0,0,0,0,0,0,0,0,0,0,0,0,0,0,0,0,0,0,0,0,0,0,3,3.0,0,0,1,False,0
10,26,110.0,347.0,91.0,126.0,102.0,0.0,0.0,0.0,24.0,4.0,2020.0,0,438.0,3.4761904761904763,0.2077625570776255,1.1454545454545455,126.0,0.8095238095238095,0.0,0.0,0.0,0.1904761904761904,-2.4492935982947064e-16,1.0,1.0,1.0,26.0,0,0,0,0,0,0,0,0,0,0,0,0,0,False,0,0,0,0,0,0,0,0,0,0,0,1,0,0,0,0,0,0,0,0,0,0,0,0.0,0,0,0,False,0
11,16,35.053199264551324,128.54072089029174,23.885121408113037,37.71982965611082,-1.6254760455781472,-0.0020965546854494,-0.0075573654048902,20.494158400641144,17.788927769596015,4.008280240073705,2020.967441667628,4,154.67453061044716,5.423076684161601,0.1431860417212957,1.0325758850426623,39.187066669215845,-0.0035086554656324,-0.0001142665488392,-0.0002327390510586,0.5349024680230446,0.4680455231995364,-0.014428760640804,1.015864364746046,1.004872380117368,-0.0055849380540843,16.115516456592413,0,0,0,0,0,0,0,0,0,0,0,0,0,False,0,1,0,0,0,0,0,0,0,0,0,0,0,0,0,0,0,0,0,0,0,0,3,2.966679532635653,0,0,1,False,0
9,30,118.0,332.0,45.0,160.0,106.0,0.0,0.0,0.0,54.0,3.0,2023.0,11,377.0,2.35625,0.1193633952254641,1.3559322033898304,160.0,0.6625,0.0,0.0,0.0,0.3375,-1.0,-1.8369701987210292e-16,1.0,1.0,30.0,0,0,0,0,0,0,0,0,0,0,0,0,0,False,0,0,0,0,0,0,0,0,0,0,0,0,0,0,0,1,0,0,0,0,0,0,5,5.0,0,0,0,False,1
1,8,20.448928919043244,67.49606763768804,8.140040319554819,20.77309755587735,1.3441501317292353,0.0114358321752822,0.0343638618464629,13.43705583457092,12.491337065755772,0.973549865325442,2021.9964659891664,5,83.19673423862449,3.1240192023747557,0.1029568191004401,1.0937622743505793,21.80859639991867,0.0011859104617105,-0.000288218460705,0.0002544989063846,0.5743186269046714,0.4349154147646208,0.9896551264692552,0.0024582364483641,1.0014421244075555,0.0213337476586862,7.825320873372609,0,0,0,0,0,0,0,1,0,0,0,0,0,False,0,0,0,0,0,0,0,0,0,0,0,0,0,0,0,0,0,0,0,0,0,0,4,4.068463072686545,0,0,0,True,0
2,31,100.0,420.0,55.0,120.0,42.0,0.0,0.0,0.0,78.0,1.0,2023.0,9,475.0,3.9583333333333335,0.1157894736842105,1.2,120.0,0.35,0.0,0.0,0.0,0.65,1.0,6.123233995736766e-17,1.0,1.0,31.0,0,0,0,0,0,0,0,0,0,0,0,0,0,False,0,0,0,0,0,0,0,0,0,0,0,0,0,0,0,0,1,0,0,0,0,0,0,0.0,0,0,0,False,0
5,7,13.0,57.0,7.0,12.0,0.0,0.0,0.0,6.0,6.0,2.0,2022.0,6,64.0,5.333333333333333,0.109375,0.9230769230769232,12.0,0.0,0.0,0.0,0.5,0.5,1.2246467991473532e-16,-1.0,1.0,0.0,7.0,0,0,0,0,0,0,1,0,0,0,0,0,0,False,0,0,0,0,0,0,0,0,0,0,0,0,0,0,0,0,0,0,0,0,0,0,1,1.0,1,0,0,False,0
0,0,44.0,119.0,35.0,36.0,7.0,0.0,0.0,0.0,29.0,1.0,2021.0,1,154.0,4.277777777777778,0.2272727272727272,0.8181818181818182,36.0,0.1944444444444444,0.0,0.0,0.0,0.8055555555555556,1.0,6.123233995736766e-17,1.0,0.0,0.0,0,0,0,0,0,0,0,0,0,0,0,0,0,False,0,0,0,0,0,0,0,0,0,0,0,0,0,0,0,0,0,0,0,0,0,0,3,3.0,0,0,1,False,0
7,20,19.55608354390348,94.8730671798996,32.87334486861147,28.94112326947895,0.360040852308546,0.0036689534489675,0.0005651658774586,19.738146809115744,8.174823755855243,3.016988530945232,2020.9764060828963,3,129.97186312633528,5.151572564659057,0.2511635142021554,1.487318709522935,30.5200490580774,-0.0003021345354031,1.6620395905814985e-05,-0.0002675877926407,0.7862592692466819,0.2256432007877115,-0.97995260964022,0.0015709098664028,0.9909116631576388,-0.0039626776650103,20.149748697609944,0,0,0,0,0,0,0,0,0,0,0,0,0,False,0,0,0,0,0,1,0,0,0,0,0,0,0,0,0,0,0,0,0,0,0,0,2,2.021940481068232,0,1,0,False,0
6,4,100.0,399.0,84.0,133.0,80.0,0.0,0.0,0.0,53.0,2.0,2023.0,10,483.0,3.631578947368421,0.1739130434782608,1.33,133.0,0.6015037593984962,0.0,0.0,0.0,0.3984962406015037,1.2246467991473532e-16,-1.0,1.0,1.0,4.0,0,0,0,1,0,0,0,0,0,0,0,0,0,False,0,0,0,0,0,0,0,0,0,0,0,0,0,0,0,0,0,0,0,0,0,0,1,1.0,1,0,0,False,0
13,25,212.0,555.0,32.0,268.0,148.0,2.0,2.0,0.0,116.0,4.0,2023.0,12,587.0,2.1902985074626864,0.0545144804088586,1.2641509433962264,268.0,0.5522388059701493,0.0074626865671641,0.0074626865671641,0.0,0.4328358208955223,-2.4492935982947064e-16,1.0,1.0,1.0,25.0,0,0,0,0,0,0,0,0,0,0,0,0,0,False,0,0,0,0,0,0,0,0,0,0,1,0,0,0,0,0,0,0,0,0,0,0,0,0.0,0,0,0,False,0
5,29,77.17245185711657,249.10811443338127,20.182324004608272,114.85931091248985,-0.4458982005024673,0.002218217543802,-0.0644599955241833,60.13726390497786,55.7534903522096,2.027753563958752,2022.021860823334,6,271.7001672223529,0.735017233220709,0.0772007058099964,1.4945402705558422,117.04948980348183,0.00617889156114,-2.8479808304658573e-06,4.657279585677822e-05,0.5284903410692107,0.4802236479658365,-0.0077008864512687,-0.9976834618637426,1.004881409565992,0.9947694738216128,29.37004496074041,0,0,0,0,0,0,0,0,0,0,0,0,0,False,0,0,0,0,0,0,0,0,0,0,0,0,0,0,1,0,0,0,0,0,0,0,5,5.001990585715047,0,0,0,False,1
0,9,71.28810726514418,196.78002547012863,49.88329511706143,109.96270123139584,68.55951931782765,-0.0137624037655171,-0.0091487013050254,-0.1201465151102927,39.34145790052688,1.0165068470419758,2021.0369974457449,1,239.1248695542989,3.0036201165299445,0.204289722426982,1.517079597088557,110.4063101707972,0.6257448129547826,5.286483788215854e-05,0.0001383227304563,0.0041038855036006,0.3786915725187288,1.017007199760891,0.0052362382920928,0.999489151299934,0.997488638125314,9.049554273206224,0,0,0,0,0,0,0,0,1,0,0,0,0,False,0,0,0,0,0,0,0,0,0,0,0,0,0,0,0,0,0,0,0,0,0,0,4,4.009765560631123,0,0,0,True,0
7,32,31.088882055503213,97.30385588117426,21.56630751721039,36.748167496372105,0.9720233684747358,-0.0045858583354613,0.0209005544015883,16.370963136318633,20.13683944209551,2.973879923591031,2021.008315517037,3,107.69245988944314,3.551431961636495,0.2063809797398393,1.1573180246239876,35.34002884039037,-0.0013456265702623,-0.0001014996138691,7.730706914167566e-06,0.4424721173162335,0.5571466090919523,-1.009389120494769,-0.002704789358647,1.004526211095509,0.0146132225805991,31.980088164828643,0,0,0,0,0,0,0,0,0,0,0,0,0,False,0,0,0,0,0,0,0,0,0,0,0,0,0,0,0,0,0,1,0,0,0,0,4,4.01572254086661,0,0,0,True,0
13,2,10.108689515120096,21.158126558863486,15.32556868070504,15.27666986164632,7.646993345452635,0.0047763355989747,1.0049681476374912,-0.74561268163229,4.4755192083555375,3.991562089118707,2022.9932915885552,12,36.94867929941805,2.910623137757714,0.3858840521038365,1.2543461616756466,18.185962212807244,0.5351725850535266,5.076903401430877e-05,0.0668965951369082,-0.0056256972172896,0.3946491586317952,0.01032077895958,0.9875935055635028,0.98877502199562,-0.0058100456863718,1.8434283635055209,0,1,0,0,0,0,0,0,0,0,0,0,0,False,0,0,0,0,0,0,0,0,0,0,0,0,0,0,0,0,0,0,0,0,0,0,4,3.959633824761959,0,0,0,True,0
1,9,81.0,227.0,62.0,106.0,0.0,0.0,0.0,51.0,55.0,1.0,2022.0,5,289.0,2.7264150943396226,0.2145328719723183,1.308641975308642,106.0,0.0,0.0,0.0,0.4811320754716981,0.5188679245283019,1.0,6.123233995736766e-17,1.0,1.0,9.0,0,0,0,0,0,0,0,0,1,0,0,0,0,False,0,0,0,0,0,0,0,0,0,0,0,0,0,0,0,0,0,0,0,0,0,0,4,4.0,0,0,0,True,0
1,32,28.366448993082816,61.42161833843232,7.35118202778113,39.3329938859184,-1.0190482316342493,0.0009454238130998,-0.0295356660695111,19.31566169577405,17.84133320962065,0.9877103164404184,2022.0090915335895,5,53.268117609291465,0.7825858764130181,0.108036325161179,1.3069204720615983,40.40363728281307,0.0027231715087573,2.4696424467125787e-05,-4.418693967541375e-05,0.5146143639064695,0.4712660015308022,1.012640597697217,0.0147892643333952,0.9947788922496626,-0.0020895726130005,32.24434662756587,0,0,0,0,0,0,0,0,0,0,0,0,0,False,0,0,0,0,0,0,0,0,0,0,0,0,0,0,0,0,0,1,0,0,0,0,4,4.046687282339742,0,0,0,True,0
5,0,30.53875621729945,105.44562210160927,22.934071856526295,40.58342853670208,-2.024741494617596,0.0198059678248563,-0.0187715169473681,19.377875865023825,21.80256327990638,2.000002927034606,2022.0153694002145,6,131.44572690560483,3.2997143317494557,0.1745453289364421,1.4455613529070903,38.579352542296014,-0.0020783000562202,2.180952407738809e-05,-9.43522207745025e-05,0.487302557482321,0.4994231729641077,-0.0266447111334093,-1.0055157325298791,1.001174306484176,-0.0041256136384591,-0.1400310479648699,0,0,0,0,0,0,0,0,0,0,0,0,0,False,0,0,0,0,0,0,0,0,0,0,0,0,0,0,0,0,0,0,0,0,0,0,3,2.9670060536618093,0,0,1,False,0
3,22,121.0,500.0,83.0,193.0,126.0,1.0,0.0,1.0,65.0,1.0,2024.0,13,583.0,3.0207253886010363,0.1423670668953688,1.5950413223140496,193.0,0.6528497409326425,0.005181347150259,0.0,0.005181347150259,0.3367875647668393,1.0,6.123233995736766e-17,1.0,1.0,22.0,0,0,0,0,0,0,0,0,0,0,0,0,0,False,0,0,0,0,0,0,0,1,0,0,0,0,0,0,0,0,0,0,0,0,0,0,0,0.0,0,0,0,False,0
13,0,26.52706369328298,157.76512684948923,14.865244600767252,31.31336674372756,12.696151569804757,1.0108084144051173,-0.031748463431474,-1.0958535019548223,14.90504401552566,4.028430174491192,2022.972135640612,12,176.42207562856484,5.258883071397504,0.0809568679279671,1.1970414337765811,29.38345113433333,0.4232324421127303,0.0324248771971667,-1.9634900722648677e-05,0.0067566881530761,0.5490778292208327,0.012432709387334,0.982260667555888,1.0038496156345884,-0.0008504192117843,0.0525213572356773,0,0,0,0,0,0,0,0,0,0,0,0,0,False,0,0,0,0,0,0,0,0,0,0,0,0,0,0,0,0,0,0,0,0,0,0,3,2.9989864654492897,0,0,1,False,0
7,5,19.53289153136384,21.9224575882577,8.072022041420192,23.94322527162373,-1.2990745908799803,0.0165554372281932,1.0175436428277564,15.698181599434896,5.643216756446821,3.026765953631491,2021.0058112996023,3,38.06350362314348,1.414643247141807,0.2568949123677338,1.1675839209702197,19.169374289696297,0.0119184041281033,6.757442214625861e-05,0.045883988006356,0.7278476202206061,0.2228783043659635,-1.005024381435818,0.0352115203833469,0.9928551871774434,-0.0111840253957529,4.863433328340404,0,0,0,0,1,0,0,0,0,0,0,0,0,False,0,0,0,0,0,0,0,0,0,0,0,0,0,0,0,0,0,0,0,0,0,0,4,4.020824575066656,0,0,0,True,0
8,10,54.61254601535029,83.9487973153275,18.54895223322656,8.374203042021696,2.2976757109474075,-0.0057745225371078,0.0076814500303111,34.194066376824026,0.5763659426280582,3.03019914730809,2022.0185828021235,7,107.2456381071973,11.626555539033184,0.1663423871800359,0.1695847012915977,37.00711055663332,-0.0083096832960502,-1.7277511154032042e-05,0.000115059456951,1.0034761238908545,-0.0051484882183935,-0.993304204223655,0.0052212453191389,1.0033707609758462,0.0057517446969877,9.496721093435951,0,0,0,0,0,0,0,0,0,1,0,0,0,False,0,0,0,0,0,0,0,0,0,0,0,0,0,0,0,0,0,0,0,0,0,0,3,3.0015573572837693,0,0,1,False,0
9,7,28.1164943120587,100.05986588585922,16.646691545362092,23.009416511643693,8.019722419119311,0.0121592782267753,-0.0676269540064186,-1.122690354518423,17.952297656080145,3.0579264074043224,2022.986311935795,11,105.72535460982556,5.529948821944218,0.1529272935568093,0.9275884719078746,25.1997925124749,0.3063150082566561,-6.605147301319393e-05,0.0004992492923923,-0.0004409708815731,0.6903672518473524,-0.992002700317588,-0.0104109266695278,0.9921799761864558,-0.0221735153299368,6.917862118058867,0,0,0,0,0,0,1,0,0,0,0,0,0,False,0,0,0,0,0,0,0,0,0,0,0,0,0,0,0,0,0,0,0,0,0,0,1,1.0166310743285116,1,0,0,False,0
11,14,280.0,621.0,66.0,328.0,0.0,0.0,0.0,172.0,156.0,4.0,2021.0,4,687.0,2.0945121951219514,0.0960698689956331,1.1714285714285717,328.0,0.0,0.0,0.0,0.524390243902439,0.4756097560975609,-2.4492935982947064e-16,1.0,1.0,1.0,14.0,0,0,0,0,0,0,0,0,0,0,0,0,0,True,0,0,0,0,0,0,0,0,0,0,0,0,0,0,0,0,0,0,0,0,0,0,0,0.0,0,0,0,False,0
8,13,49.06216881288284,178.25191033925913,17.66843139791994,5.40499661714018,1.188006284619577,0.0004890906925065,0.0080099202321305,16.90671642588566,1.0157748449427688,3.029124932564195,2021.991764373286,7,196.57038087799464,33.16176914732933,0.0929754120356692,0.123772775682745,15.777218520152305,-0.0037770743564852,-3.995751934485015e-05,0.0001195111960487,0.9973533267447828,9.845745202728428e-05,-0.9980100524640824,-0.0081508326133715,1.0029518802548956,-0.0038841133025662,13.16668162651385,0,0,0,0,0,0,0,0,0,0,0,0,1,False,0,0,0,0,0,0,0,0,0,0,0,0,0,0,0,0,0,0,0,0,0,0,3,3.0143338790247167,0,0,1,False,0
11,4,217.0,882.0,156.0,247.0,0.0,0.0,1.0,124.0,122.0,4.0,2021.0,4,1038.0,4.202429149797571,0.1502890173410404,1.1382488479262671,247.0,0.0,0.0,0.0040485829959514,0.5020242914979757,0.4939271255060729,-2.4492935982947064e-16,1.0,1.0,1.0,4.0,0,0,0,1,0,0,0,0,0,0,0,0,0,False,0,0,0,0,0,0,0,0,0,0,0,0,0,0,0,0,0,0,0,0,0,0,1,1.0,1,0,0,False,0
3,30,133.95468486712477,297.80151189898027,68.45314790682258,121.61988631163332,80.8381365051389,-0.0043099214937492,-0.0189604924073136,1.4907640802846285,36.52031280490516,0.9848884810065822,2024.003199076996,13,367.50949784816623,3.859872530335448,0.1858229228312921,0.9256003648603846,119.3368576570329,0.6942685207757148,-8.693201894509863e-06,-0.0005513916309434,0.0177801088511172,0.2878287154515911,1.0175877346027111,0.001224598557635,1.0008944897081484,1.0053099644863512,30.322824588524,0,0,0,0,0,0,0,0,0,0,0,0,0,False,0,0,0,0,0,0,0,0,0,0,0,0,0,0,0,1,0,0,0,0,0,0,5,4.989449759617021,0,0,0,False,1
0,20,72.45140962739875,287.04191094876006,28.940046320700265,94.45560334951502,74.18630936454242,0.0006002949740805,0.0099360637656334,-0.0598791461365951,17.01903732551626,0.9817707434860812,2020.9896791986996,1,313.57542231845565,2.57293116339901,0.0932259625619231,1.3144250998629905,93.71372190169023,0.8023520125140934,0.0001363819720264,0.0002122171664098,0.009048425240545,0.1984779826471179,0.9912643847770968,-0.0113074167451176,1.0055214127073815,1.0095727138146402,19.81394068224794,0,0,0,0,0,0,0,0,0,0,0,0,0,False,0,0,0,0,0,1,0,0,0,0,0,0,0,0,0,0,0,0,0,0,0,0,2,1.9524038301249724,0,1,0,False,0
13,36,16.782691614075883,33.07168969822753,18.406515900816814,20.068588955204152,16.15195082594517,-8.194772406205427e-06,-0.0082405759440304,0.8685649155572646,4.407713207607011,3.987554400062332,2022.9697909594624,12,56.843349623086574,2.688656882925878,0.3332283632980399,1.3893384230753223,22.29254818730193,0.8082617150164653,-6.2173675804685e-05,-0.0002434802872977,0.0083777273730935,0.1900579386041349,0.0215788159186003,0.9995618139129946,1.0054207237756183,0.0036871212688447,35.5977031129992,0,0,0,0,0,0,0,0,0,0,0,0,0,False,0,0,0,0,0,0,0,0,0,0,0,0,0,0,0,0,0,0,0,0,0,1,2,2.0492779705871587,0,1,0,False,0
7,0,20.0,62.0,11.0,24.0,1.0,0.0,0.0,4.0,19.0,3.0,2021.0,3,73.0,3.0416666666666665,0.1506849315068493,1.2,24.0,0.0416666666666666,0.0,0.0,0.1666666666666666,0.7916666666666666,-1.0,-1.8369701987210292e-16,1.0,0.0,0.0,0,0,0,0,0,0,0,0,0,0,0,0,0,False,0,0,0,0,0,0,0,0,0,0,0,0,0,0,0,0,0,0,0,0,0,0,3,3.0,0,0,1,False,0
5,4,90.0,351.0,79.0,107.0,0.0,0.0,0.0,62.0,45.0,2.0,2022.0,6,430.0,4.018691588785047,0.1837209302325581,1.1888888888888889,107.0,0.0,0.0,0.0,0.5794392523364486,0.4205607476635514,1.2246467991473532e-16,-1.0,1.0,1.0,4.0,0,0,0,1,0,0,0,0,0,0,0,0,0,False,0,0,0,0,0,0,0,0,0,0,0,0,0,0,0,0,0,0,0,0,0,0,1,1.0,1,0,0,False,0
1,1,81.06274659231651,248.7843429560919,61.0812876141022,99.94953334082442,-0.8354259314284922,-0.0137465000901011,-0.0363251451755358,75.88276572332028,26.07464160272324,1.0274316682364943,2021.9927416046148,5,304.4526763282025,2.4646631045327263,0.1993205321399131,1.2831589050824732,102.16769623728008,0.0034942681228022,-4.151774438299262e-05,0.0001685114291991,0.7496984464002191,0.2540330916310082,1.0201403487156713,0.002596834849541,1.0056182546556274,0.9901366376210724,0.9830350415001778,1,0,0,0,0,0,0,0,0,0,0,0,0,False,0,0,0,0,0,0,0,0,0,0,0,0,0,0,0,0,0,0,0,0,0,0,1,1.0060304014304566,1,0,0,False,0
4,29,87.0,250.0,52.0,112.0,61.0,0.0,0.0,3.0,48.0,2.0,2021.0,2,302.0,2.696428571428572,0.1721854304635761,1.2873563218390804,112.0,0.5446428571428571,0.0,0.0,0.0267857142857142,0.4285714285714285,1.2246467991473532e-16,-1.0,1.0,1.0,29.0,0,0,0,0,0,0,0,0,0,0,0,0,0,False,0,0,0,0,0,0,0,0,0,0,0,0,0,0,1,0,0,0,0,0,0,0,5,5.0,0,0,0,False,1
9,14,349.0,607.0,82.0,511.0,278.0,2.0,1.0,1.0,229.0,3.0,2023.0,11,689.0,1.3483365949119377,0.1190130624092888,1.4641833810888252,511.0,0.5440313111545988,0.0039138943248532,0.0019569471624266,0.0019569471624266,0.4481409001956947,-1.0,-1.8369701987210292e-16,1.0,1.0,14.0,0,0,0,0,0,0,0,0,0,0,0,0,0,True,0,0,0,0,0,0,0,0,0,0,0,0,0,0,0,0,0,0,0,0,0,0,0,0.0,0,0,0,False,0
9,12,29.0,53.0,23.0,50.0,28.0,1.0,0.0,0.0,21.0,3.0,2023.0,11,76.0,1.52,0.3026315789473684,1.7241379310344829,50.0,0.56,0.02,0.0,0.0,0.42,-1.0,-1.8369701987210292e-16,1.0,0.0,12.0,0,0,0,0,0,0,0,0,0,0,0,1,0,False,0,0,0,0,0,0,0,0,0,0,0,0,0,0,0,0,0,0,0,0,0,0,5,5.0,0,0,0,False,1
8,23,80.21953921891834,258.09757127266244,29.80629832435578,1.853914347343967,-1.040816758044384,-0.0005165620865211,-0.0025456169628078,97.0974641722084,0.494343785692274,3.007902384818212,2022.0075867820883,7,292.48145162811284,296.4130656257992,0.1016403242580656,0.0302729436419961,95.41051592781164,0.0073866580103317,-7.94777122230583e-05,-4.6532423762210205e-05,0.9880652864177047,-0.0004957470982273,-0.9967778637741936,0.0184370742802522,0.9962412983960818,1.0010213698220172,22.741029654783247,0,0,0,0,0,0,0,0,0,0,0,0,0,False,0,0,0,0,0,0,0,0,1,0,0,0,0,0,0,0,0,0,0,0,0,0,0,0.0377180290867868,0,0,0,False,0
0,15,74.79965676104128,225.33911431866517,32.71269006430467,85.84125514299613,33.519706891989145,-0.0026578956890498,0.045062606388588,-0.2659941372268053,46.13038228419026,0.99628686665527,2021.02860605305,1,260.5916511521925,2.835422442073569,0.117032328896722,1.150301348919825,86.17414625402927,0.4014306901217466,7.858289734547598e-05,-1.4852290193108834e-05,0.0011035332672796,0.599664083762151,1.0104438443028092,0.0124486165109806,0.9916178958052662,1.0036628888722383,15.091616440977868,0,0,0,0,0,0,0,0,0,0,0,0,0,False,1,0,0,0,0,0,0,0,0,0,0,0,0,0,0,0,0,0,0,0,0,0,1,0.9801006725015018,1,0,0,False,0
11,12,25.51766826392832,62.688933116280985,5.982218293474962,40.66926692111861,-0.3996458582313655,-0.0005886803106671,-0.016201889439748,17.25205317446704,21.13513872365457,4.007738717821733,2021.0060873881257,4,63.71257803468209,2.353607381439627,0.0750373454050574,1.3893751381666066,37.7646330749018,0.0070519712202484,-0.0001270574268999,-0.0001787788706438,0.4736700983991935,0.523724459334803,-0.0158526210725679,1.014181984273543,0.0041487990625685,-0.0020357409921509,12.093642259876743,0,0,0,0,0,0,0,0,0,0,0,1,0,False,0,0,0,0,0,0,0,0,0,0,0,0,0,0,0,0,0,0,0,0,0,0,5,4.999991960191022,0,0,0,False,1
7,18,173.6172518700516,685.0324877203178,145.01386611744195,197.02643435786263,-0.3344733865234989,0.0114209109192719,1.0274811380056033,118.55429537979504,82.22598357668485,2.967125832673712,2021.0159548487784,3,821.24597558662,3.710550023104623,0.1722969509431808,1.1552638955849446,197.42201762143176,-0.0071921609685409,-0.0002350154807484,0.0052694460982168,0.5833447056430355,0.4057372807336548,-1.0064126860237936,0.0254215339996787,1.0026078091031538,1.0109306218539031,17.95465229962082,0,0,0,0,0,0,0,0,0,0,0,0,0,False,0,0,0,1,0,0,0,0,0,0,0,0,0,0,0,0,0,0,0,0,0,0,2,1.917661222082604,0,1,0,False,0
7,8,37.0,144.0,15.0,40.0,0.0,0.0,1.0,24.0,15.0,3.0,2021.0,3,159.0,3.975,0.0943396226415094,1.0810810810810811,40.0,0.0,0.0,0.025,0.6,0.375,-1.0,-1.8369701987210292e-16,1.0,0.0,8.0,0,0,0,0,0,0,0,1,0,0,0,0,0,False,0,0,0,0,0,0,0,0,0,0,0,0,0,0,0,0,0,0,0,0,0,0,4,4.0,0,0,0,True,0
0,16,16.0,71.0,17.0,16.0,5.0,0.0,0.0,0.0,11.0,1.0,2021.0,1,88.0,5.5,0.1931818181818181,1.0,16.0,0.3125,0.0,0.0,0.0,0.6875,1.0,6.123233995736766e-17,1.0,0.0,16.0,0,0,0,0,0,0,0,0,0,0,0,0,0,False,0,1,0,0,0,0,0,0,0,0,0,0,0,0,0,0,0,0,0,0,0,0,3,3.0,0,0,1,False,0
11,3,59.0,156.0,45.0,64.0,1.0,0.0,1.0,24.0,38.0,4.0,2021.0,4,201.0,3.140625,0.2238805970149253,1.0847457627118644,64.0,0.015625,0.0,0.015625,0.375,0.59375,-2.4492935982947064e-16,1.0,1.0,0.0,3.0,0,0,1,0,0,0,0,0,0,0,0,0,0,False,0,0,0,0,0,0,0,0,0,0,0,0,0,0,0,0,0,0,0,0,0,0,3,3.0,0,0,1,False,0
6,33,17.0,58.0,8.0,30.0,13.0,0.0,0.0,0.0,17.0,2.0,2023.0,10,66.0,2.2,0.1212121212121212,1.7647058823529411,30.0,0.4333333333333333,0.0,0.0,0.0,0.5666666666666667,1.2246467991473532e-16,-1.0,1.0,0.0,33.0,0,0,0,0,0,0,0,0,0,0,0,0,0,False,0,0,0,0,0,0,0,0,0,0,0,0,0,0,0,0,0,0,1,0,0,0,2,2.0,0,1,0,False,0
5,30,168.42220716429398,381.0618997594281,63.91570265764621,191.94475402097507,-0.7695677057090072,0.0013770031249905,4.030392441051283,105.76753369881564,86.91718893779193,1.9810735192228823,2021.9939450790705,6,443.05907261151225,2.0161733903086416,0.1447799186280286,1.1388454573212807,193.33773580804063,-0.0061677169625001,-0.0002339222084934,0.0203019723064857,0.5438791887181122,0.4320777081837509,-0.0115688040191213,-1.0122573699369626,1.0057773434309965,0.989700662949368,29.99299028309092,0,0,0,0,0,0,0,0,0,0,0,0,0,False,0,0,0,0,0,0,0,0,0,0,0,0,0,0,0,1,0,0,0,0,0,0,5,5.014122388420804,0,0,0,False,1
1,22,142.0,474.0,95.0,222.0,0.0,0.0,1.0,132.0,89.0,1.0,2022.0,5,569.0,2.563063063063063,0.1669595782073813,1.5633802816901408,222.0,0.0,0.0,0.0045045045045045,0.5945945945945946,0.4009009009009009,1.0,6.123233995736766e-17,1.0,1.0,22.0,0,0,0,0,0,0,0,0,0,0,0,0,0,False,0,0,0,0,0,0,0,1,0,0,0,0,0,0,0,0,0,0,0,0,0,0,0,0.0,0,0,0,False,0
3,15,92.12939486242932,352.3225391961336,44.22732714521906,88.7867717106847,45.86450894878884,0.0051333902394439,-0.0501106900061407,0.1222678767780512,42.4164950572418,1.0417662706674642,2023.989298295656,13,391.691081598838,4.986831204438852,0.1123925549741233,0.9969654051855292,90.47398521585032,0.5198262268876657,0.0001630185106474,4.69418721507217e-05,-0.0120299986117455,0.4793822646805262,1.0158411258780289,-0.0224894889448301,0.999941151737058,1.0057237894430897,14.88133893009229,0,0,0,0,0,0,0,0,0,0,0,0,0,False,1,0,0,0,0,0,0,0,0,0,0,0,0,0,0,0,0,0,0,0,0,0,1,1.0178585731606886,1,0,0,False,0
4,1,90.64328019738434,279.14817909633933,20.724450425065065,106.46017797428144,68.2192004595743,-0.0013068772713775,-0.0052308637388244,0.2073020704190429,38.72894085623231,1.9990814933438763,2021.0352763173544,2,301.060110533207,1.559149519772219,0.0707302259953231,1.183801047012483,106.55518708507714,0.6544453845854404,-0.0001496410880315,-0.0005374378575783,-0.0093495901862826,0.3426240544506351,0.0460258725251879,-1.004683219524077,0.9985329334600994,0.9982691242778444,1.213190719962786,1,0,0,0,0,0,0,0,0,0,0,0,0,False,0,0,0,0,0,0,0,0,0,0,0,0,0,0,0,0,0,0,0,0,0,0,1,0.9339117958663168,1,0,0,False,0
11,23,109.52266852386376,364.83861690553584,76.64612337874777,134.61822455112497,-0.1862563150709494,-0.0019983936085787,0.019570703895502,63.35849670309428,71.49727474696704,3.990889853500263,2021.0009972204105,4,437.574313587349,1.547820013344055,0.1739506865442573,1.2457871179599391,137.12719649243095,-0.0011689144203758,0.0001478347284516,0.0004361458570937,0.4675961775142433,0.5340993574735925,0.0119872196739863,0.9964523556347088,0.999514688565878,1.013462962221078,23.03431901082373,0,0,0,0,0,0,0,0,0,0,0,0,0,False,0,0,0,0,0,0,0,0,1,0,0,0,0,0,0,0,0,0,0,0,0,0,0,0.0441344101640805,0,0,0,False,0
10,8,33.0,65.0,11.0,39.0,23.0,0.0,0.0,0.0,16.0,4.0,2020.0,0,76.0,1.948717948717949,0.1447368421052631,1.181818181818182,39.0,0.5897435897435898,0.0,0.0,0.0,0.4102564102564102,-2.4492935982947064e-16,1.0,1.0,0.0,8.0,0,0,0,0,0,0,0,1,0,0,0,0,0,False,0,0,0,0,0,0,0,0,0,0,0,0,0,0,0,0,0,0,0,0,0,0,4,4.0,0,0,0,True,0
0,13,65.58578334417221,219.01382718355583,35.48229750617853,70.37556658035054,2.9430227706133745,-0.0055917765331376,-0.0214200642094195,1.2192956246193094,70.84800961905188,0.994265303452096,2021.02280497266,1,260.8728662256807,2.366748098796388,0.1431488665036892,1.1275499765859298,75.35209522393369,0.0246890291950158,4.640648358785249e-05,-0.0002467427681588,0.0085397622867488,0.9526475520615586,1.016220004023283,0.0122597274028378,0.9912161995475518,1.0215400817106517,13.227401918171982,0,0,0,0,0,0,0,0,0,0,0,0,1,False,0,0,0,0,0,0,0,0,0,0,0,0,0,0,0,0,0,0,0,0,0,0,3,3.033046005133027,0,0,1,False,0
10,36,55.0,252.0,40.0,72.0,40.0,0.0,0.0,0.0,32.0,4.0,2020.0,0,292.0,4.055555555555555,0.136986301369863,1.309090909090909,72.0,0.5555555555555556,0.0,0.0,0.0,0.4444444444444444,-2.4492935982947064e-16,1.0,1.0,1.0,36.0,0,0,0,0,0,0,0,0,0,0,0,0,0,False,0,0,0,0,0,0,0,0,0,0,0,0,0,0,0,0,0,0,0,0,0,1,2,2.0,0,1,0,False,0
13,8,26.0,42.0,16.0,28.0,15.0,0.0,0.0,0.0,13.0,4.0,2023.0,12,58.0,2.071428571428572,0.2758620689655172,1.0769230769230769,28.0,0.5357142857142857,0.0,0.0,0.0,0.4642857142857143,-2.4492935982947064e-16,1.0,1.0,0.0,8.0,0,0,0,0,0,0,0,1,0,0,0,0,0,False,0,0,0,0,0,0,0,0,0,0,0,0,0,0,0,0,0,0,0,0,0,0,4,4.0,0,0,0,True,0
12,21,42.27289970083078,180.784657003425,42.33844232796972,44.56628147496019,13.569638503924216,-0.0188838662425826,0.0297411362343777,-0.2215186943931126,32.376206144853576,3.943156432701458,2021.9819420665165,8,235.96211796954955,4.967379185015553,0.1893019036617327,1.0318987487452078,44.21385421020938,0.2857607632872324,-0.0001326950278107,-5.439059305969695e-05,-0.0003514327325887,0.7100054084744124,-0.0218171531519222,1.0012796571246505,0.9976244356855642,1.0149759808637009,21.05544436184617,0,0,0,0,0,0,0,0,0,0,0,0,0,False,0,0,0,0,0,0,1,0,0,0,0,0,0,0,0,0,0,0,0,0,0,0,2,2.043999716766817,0,1,0,False,0
5,31,62.0,184.0,39.0,75.0,0.0,0.0,1.0,26.0,48.0,2.0,2022.0,6,223.0,2.973333333333333,0.1748878923766816,1.2096774193548387,75.0,0.0,0.0,0.0133333333333333,0.3466666666666667,0.64,1.2246467991473532e-16,-1.0,1.0,1.0,31.0,0,0,0,0,0,0,0,0,0,0,0,0,0,False,0,0,0,0,0,0,0,0,0,0,0,0,0,0,0,0,1,0,0,0,0,0,0,0.0,0,0,0,False,0
12,7,39.0,207.0,66.0,47.0,5.0,0.0,0.0,0.0,42.0,4.0,2022.0,8,273.0,5.808510638297872,0.2417582417582417,1.205128205128205,47.0,0.1063829787234042,0.0,0.0,0.0,0.8936170212765957,-2.4492935982947064e-16,1.0,1.0,1.0,7.0,0,0,0,0,0,0,1,0,0,0,0,0,0,False,0,0,0,0,0,0,0,0,0,0,0,0,0,0,0,0,0,0,0,0,0,0,1,1.0,1,0,0,False,0
0,0,45.109792073888464,116.24106462106624,35.62654100159887,34.94592123546443,7.618779019832125,-0.0102524313928084,0.0481478453365978,0.0732470073139158,28.45931463629901,0.9928547320062804,2021.020176168355,1,151.712408572837,4.212225769367908,0.2280908927123192,0.8189777317247838,37.13068310833904,0.1967357461306963,0.0001028268905929,0.0004047787834135,0.0011794525212477,0.8030609711320363,1.0149999291239282,-0.0122552807025482,1.002454420815116,-0.0057511305346278,-0.2082824871529461,0,0,0,0,0,0,0,0,0,0,0,0,0,False,0,0,0,0,0,0,0,0,0,0,0,0,0,0,0,0,0,0,0,0,0,0,3,3.024993920775491,0,0,1,False,0
6,17,105.4169180187153,292.3157632169604,53.43258563492733,193.8811575308821,135.56302314451577,-0.0080771498714337,-0.0112860096920351,-0.3762477844338882,57.28374734084263,1.945829711124371,2022.9761069082604,10,343.3936745799005,1.4272583614659933,0.1516485489261888,1.810897025146702,195.7480657329972,0.701023092246647,-7.22150469003391e-05,-0.0002656310917179,0.0017589932482128,0.3009102607098151,-0.020450721605411,-0.9868379305947116,1.0015127248116935,1.0199956000766492,16.876410943739405,0,0,0,0,0,0,0,0,0,0,0,0,0,False,0,0,1,0,0,0,0,0,0,0,0,0,0,0,0,0,0,0,0,0,0,0,2,1.9719909414771384,0,1,0,False,0
10,14,314.3932542645351,569.9997202090775,90.755224705078,483.60118652263577,283.72629455512754,0.995551296206908,-0.010682087793532,-0.0045080420989229,192.8729939899548,4.036651716509282,2019.9896263895623,0,659.4041532581632,2.161599325695977,0.1339752777357231,1.5321921701307328,481.031144341125,0.5988924911503618,0.0023493612037084,1.7527544513069196e-05,-0.0024825516435343,0.405768088727906,-0.0124388476079903,0.9732065832003798,0.9857409982402076,0.9880983023211029,13.908191114212135,0,0,0,0,0,0,0,0,0,0,0,0,0,True,0,0,0,0,0,0,0,0,0,0,0,0,0,0,0,0,0,0,0,0,0,0,0,0.0362362883760828,0,0,0,False,0
11,14,282.34192078963684,627.125788636272,65.57291105941626,325.7090004019889,0.6257455764333487,-0.0068359531968549,-0.0092789403883465,172.24722364060722,155.27985414483365,3.989331417981546,2020.9788974464457,4,678.8528092959773,2.196864387798032,0.0956001114562147,1.1656469863865713,328.1446391536361,-0.0020201540251477,2.5087061249934648e-05,0.0002848111813532,0.5245981770796528,0.4787813108596512,0.0090467829082168,1.0057632909319023,1.0045544473113908,1.002893691300554,13.94726279303106,0,0,0,0,0,0,0,0,0,0,0,0,0,True,0,0,0,0,0,0,0,0,0,0,0,0,0,0,0,0,0,0,0,0,0,0,0,0.0467208535335399,0,0,0,False,0
3,19,53.37846734425756,232.96005176383025,28.89792306175159,67.69589172646805,45.12364686784677,-0.0104142552844541,0.0158634748192679,-0.4431006342693169,21.300640759993403,1.019836589154155,2024.0037479072005,13,262.3508117276381,4.442643341881964,0.1132844924224947,1.2199658473825945,65.97174511293777,0.6710878416818508,-8.819872193886214e-05,-8.114726078663818e-05,0.0078957946357019,0.3293101133843623,0.9906975432615536,0.0183228804327483,1.0028324871693666,1.0048367653956314,18.670019362397085,0,0,0,0,0,0,0,0,0,0,0,0,0,False,0,0,0,0,1,0,0,0,0,0,0,0,0,0,0,0,0,0,0,0,0,0,2,2.0257366274399367,0,1,0,False,0
8,3,42.0,103.0,20.0,3.0,1.0,0.0,0.0,19.0,0.0,3.0,2022.0,7,123.0,41.0,0.1626016260162601,0.0714285714285714,20.0,0.05,0.0,0.0,0.95,0.0,-1.0,-1.8369701987210292e-16,1.0,0.0,3.0,0,0,1,0,0,0,0,0,0,0,0,0,0,False,0,0,0,0,0,0,0,0,0,0,0,0,0,0,0,0,0,0,0,0,0,0,3,3.0,0,0,1,False,0
1,15,71.60713575445848,276.8021419461052,15.437534243455302,97.6255194058998,-3.0099015024079123,0.0028679817789796,-0.0192555594244658,53.08450032977378,42.52540552267597,1.0247966053840918,2021.9998209877408,5,293.7069357959025,2.1765847145742727,0.056749535327478,1.3289810021987187,97.93935376453985,0.0030525394962914,-0.0001860669404689,0.0007245259841385,0.5568191819244152,0.4583840688003438,0.9943789447830412,-0.007013555737299,0.9983740781272772,0.9983352592049356,14.912444218390036,0,0,0,0,0,0,0,0,0,0,0,0,0,False,1,0,0,0,0,0,0,0,0,0,0,0,0,0,0,0,0,0,0,0,0,0,1,1.0024449241537865,1,0,0,False,0
12,1,34.0,117.0,17.0,34.0,22.0,0.0,0.0,0.0,12.0,4.0,2022.0,8,134.0,3.941176470588236,0.126865671641791,1.0,34.0,0.6470588235294118,0.0,0.0,0.0,0.3529411764705882,-2.4492935982947064e-16,1.0,1.0,0.0,1.0,1,0,0,0,0,0,0,0,0,0,0,0,0,False,0,0,0,0,0,0,0,0,0,0,0,0,0,0,0,0,0,0,0,0,0,0,1,1.0,1,0,0,False,0
9,7,28.0,93.0,17.0,26.0,8.0,0.0,0.0,0.0,18.0,3.0,2023.0,11,110.0,4.230769230769231,0.1545454545454545,0.9285714285714286,26.0,0.3076923076923077,0.0,0.0,0.0,0.6923076923076923,-1.0,-1.8369701987210292e-16,1.0,0.0,7.0,0,0,0,0,0,0,1,0,0,0,0,0,0,False,0,0,0,0,0,0,0,0,0,0,0,0,0,0,0,0,0,0,0,0,0,0,1,1.0,1,0,0,False,0
11,2,22.0,39.0,10.0,23.0,0.0,0.0,0.0,12.0,11.0,4.0,2021.0,4,49.0,2.130434782608696,0.2040816326530612,1.0454545454545454,23.0,0.0,0.0,0.0,0.5217391304347826,0.4782608695652174,-2.4492935982947064e-16,1.0,1.0,0.0,2.0,0,1,0,0,0,0,0,0,0,0,0,0,0,False,0,0,0,0,0,0,0,0,0,0,0,0,0,0,0,0,0,0,0,0,0,0,4,4.0,0,0,0,True,0
3,8,31.793356769373677,107.67100371542404,14.813942497115146,40.47412913393502,24.25697582385045,-0.0107492230851597,-0.014277735086609,1.3481967355374085,12.59858351872053,1.0094801266319806,2023.9894824330845,13,129.12586223776967,3.0533931855284044,0.1204047758688273,1.193610680170671,35.04872936015946,0.6557697734865199,-0.0004216836421422,-9.627473559797028e-05,0.004272843735506,0.3447689728392772,0.992649420871888,-0.0038398042534212,1.0050455947159929,-0.0092050138720297,7.805268715425548,0,0,0,0,0,0,0,1,0,0,0,0,0,False,0,0,0,0,0,0,0,0,0,0,0,0,0,0,0,0,0,0,0,0,0,0,4,4.044721609430643,0,0,0,True,0
13,28,101.76677270112008,267.6743952143624,53.19389497274524,138.06150766755397,80.59723086601983,-0.0039322634587694,0.9687547535277884,2.759141960283219,49.29982097700742,4.014674145891226,2023.0120799291935,12,322.3236095454571,2.2501769792924264,0.1680583048282832,1.3551352164863577,133.60200347009595,0.5996120304630721,0.000161563762708,0.0077008914170239,0.0223820116034205,0.3669488580436055,-0.0087364698271875,0.979312316728866,0.9985121296122668,1.002000546099617,27.99100707906407,0,0,0,0,0,0,0,0,0,0,0,0,0,False,0,0,0,0,0,0,0,0,0,0,0,0,0,1,0,0,0,0,0,0,0,0,5,5.024472141880415,0,0,0,False,1
7,3,64.80605229669199,141.49923335154375,15.54420799626227,144.82529943704918,2.410922369504836,0.0061449204289348,-0.0509853937865573,20.57922069487265,122.7206563318527,2.986611479895462,2020.9919790712088,3,155.94677796333943,1.4249699804735496,0.1084986199487862,2.3661912956488416,144.92374759948848,0.02092641322485,0.0003004684414088,-0.0003638767836223,0.124435660190914,0.8458699257611307,-1.003710939560504,-0.0132415919181381,0.993711261743746,-0.000837688397957,2.7272372908007494,0,0,1,0,0,0,0,0,0,0,0,0,0,False,0,0,0,0,0,0,0,0,0,0,0,0,0,0,0,0,0,0,0,0,0,0,3,2.9835173942191644,0,0,1,False,0
5,21,37.95192098120515,136.95391688329084,13.453253406651898,39.40644399014808,0.3868939869383876,-0.0076544461438958,0.0227536281019596,34.055654896305654,4.722635863926331,1.9632450369496144,2021.9708843363296,6,143.39253038947112,3.313341715989213,0.0890247994804425,1.003072916009114,44.10016633934369,-0.0050751322473493,-0.0001408012560267,-4.196960616836182e-05,0.8382982554354241,0.1577774317481249,0.0024454997396528,-0.9749130055732258,0.9875614724426142,-0.0068647340231285,21.0580849595584,0,0,0,0,0,0,0,0,0,0,0,0,0,False,0,0,0,0,0,0,1,0,0,0,0,0,0,0,0,0,0,0,0,0,0,0,2,1.917557425641725,0,1,0,False,0
10,34,60.54736937318499,140.1564870645795,7.59181987799002,94.88197268412594,56.63958495004124,0.0008171258751394,0.022226161195352,-0.2612681202945494,36.00072111243134,3.958943060633061,2020.0019194754373,0,153.312242720993,1.5826512872066525,0.0428047911526783,1.5492973256854712,90.88200320307192,0.6247136834192273,4.529817385828878e-05,-0.0001355436196698,0.0123203575458836,0.3849237269327012,0.0209759995795791,0.9983519763793424,1.002008328120805,-0.0016064712309875,34.40273124757366,0,0,0,0,0,0,0,0,0,0,0,0,0,False,0,0,0,0,0,0,0,0,0,0,0,0,0,0,0,0,0,0,0,1,0,0,1,1.0008348239608378,1,0,0,False,0
3,7,26.0,173.0,3.0,42.0,19.0,0.0,0.0,0.0,23.0,1.0,2024.0,13,176.0,4.190476190476191,0.0170454545454545,1.6153846153846154,42.0,0.4523809523809524,0.0,0.0,0.0,0.5476190476190477,1.0,6.123233995736766e-17,0.0,0.0,7.0,0,0,0,0,0,0,1,0,0,0,0,0,0,False,0,0,0,0,0,0,0,0,0,0,0,0,0,0,0,0,0,0,0,0,0,0,1,1.0,1,0,0,False,0
7,36,21.0,56.0,19.0,21.0,0.0,0.0,0.0,9.0,12.0,3.0,2021.0,3,75.0,3.571428571428572,0.2533333333333333,1.0,21.0,0.0,0.0,0.0,0.4285714285714285,0.5714285714285714,-1.0,-1.8369701987210292e-16,1.0,0.0,36.0,0,0,0,0,0,0,0,0,0,0,0,0,0,False,0,0,0,0,0,0,0,0,0,0,0,0,0,0,0,0,0,0,0,0,0,1,2,2.0,0,1,0,False,0
7,35,55.0,292.0,41.0,66.0,0.0,0.0,0.0,33.0,33.0,3.0,2021.0,3,333.0,5.045454545454546,0.1231231231231231,1.2,66.0,0.0,0.0,0.0,0.5,0.5,-1.0,-1.8369701987210292e-16,1.0,1.0,35.0,0,0,0,0,0,0,0,0,0,0,0,0,0,False,0,0,0,0,0,0,0,0,0,0,0,0,0,0,0,0,0,0,0,0,1,0,1,1.0,1,0,0,False,0
7,8,39.5386899410616,144.46100400589123,15.56058750296116,38.099197678527936,-0.3842178379167344,0.0093453134149198,1.0045592429209826,25.52858717395744,13.52685564096874,2.990311813212451,2020.9795528486643,3,167.57826418504965,1.6732447489165532,0.093956510321565,1.0858166776073566,41.377491222988425,-0.0075927457119962,0.0002779618376999,0.0243443404664964,0.6057458462060961,0.3805457756334626,-1.007570401445274,-0.0231799660202796,0.9956395538210836,-0.0126781856764099,8.272044091040597,0,0,0,0,0,0,0,1,0,0,0,0,0,False,0,0,0,0,0,0,0,0,0,0,0,0,0,0,0,0,0,0,0,0,0,0,4,3.974290506816475,0,0,0,True,0
7,32,30.62097287666181,95.0619696793668,21.037206424593386,35.503971740369515,1.000647324532779,0.0034270417829062,0.0441740268705176,16.593487572975906,20.56783443227156,3.004932295603239,2020.9702541920728,3,102.0820557226588,2.8159472211229355,0.2078716235031986,1.1459326650165425,35.62880740040551,-0.0052270793066258,0.0001482283363971,-4.5055046010310384e-05,0.4495721121042029,0.5622357748117275,-0.9959034433701036,0.0010031126138854,0.9966624723777532,-0.0070266500972231,31.951881540158027,0,0,0,0,0,0,0,0,0,0,0,0,0,False,0,0,0,0,0,0,0,0,0,0,0,0,0,0,0,0,0,1,0,0,0,0,4,3.964968888380681,0,0,0,True,0
1,9,81.70885343721523,231.5647998314599,63.0078971010997,106.97640319872582,-1.4510248387362852,-0.0065114793249362,-0.0495587022325821,50.21333591552665,54.691312316256905,0.9981299466587878,2021.9675045039608,5,282.2284910785625,3.3527477496520475,0.2148349953307018,1.3055340107430888,106.375750212465,-0.0025522103417155,-9.986363442574444e-06,-9.054336618076684e-05,0.4833019298534524,0.5092857507781274,1.0037193061084375,0.0018424806624196,1.0031004766326246,1.0020448614227928,8.924067068443808,0,0,0,0,0,0,0,0,1,0,0,0,0,False,0,0,0,0,0,0,0,0,0,0,0,0,0,0,0,0,0,0,0,0,0,0,4,3.994105813986215,0,0,0,True,0
9,34,23.84128684079376,81.978126364841,0.4105613734606422,29.783336446613355,9.152187434215609,-0.0101017204093224,-0.0475728420103436,-1.1320736301448022,18.027160765321653,3.021999374759349,2023.0532586151785,11,77.43672863380388,3.234496052199105,-0.0024329493173665,1.1835008131188387,28.82064273905237,0.2763582725807154,-0.0001782245418774,0.0001741939597558,-0.001833954603901,0.7079356128163693,-1.0048296529070495,0.0072945357638067,0.0016621662179356,-0.03173326109939,33.806343746723854,0,0,0,0,0,0,0,0,0,0,0,0,0,False,0,0,0,0,0,0,0,0,0,0,0,0,0,0,0,0,0,0,0,1,0,0,1,1.0237682583726315,1,0,0,False,0
2,15,61.0,240.0,26.0,87.0,47.0,0.0,0.0,0.0,40.0,1.0,2023.0,9,266.0,3.057471264367816,0.0977443609022556,1.4262295081967211,87.0,0.5402298850574713,0.0,0.0,0.0,0.4597701149425287,1.0,6.123233995736766e-17,1.0,1.0,15.0,0,0,0,0,0,0,0,0,0,0,0,0,0,False,1,0,0,0,0,0,0,0,0,0,0,0,0,0,0,0,0,0,0,0,0,0,1,1.0,1,0,0,False,0
13,19,59.0,265.0,62.0,77.0,54.0,0.0,0.0,0.0,23.0,4.0,2023.0,12,327.0,4.246753246753247,0.1896024464831804,1.305084745762712,77.0,0.7012987012987013,0.0,0.0,0.0,0.2987012987012987,-2.4492935982947064e-16,1.0,1.0,1.0,19.0,0,0,0,0,0,0,0,0,0,0,0,0,0,False,0,0,0,0,1,0,0,0,0,0,0,0,0,0,0,0,0,0,0,0,0,0,2,2.0,0,1,0,False,0
12,29,101.0,319.0,39.0,126.0,64.0,0.0,2.0,0.0,60.0,4.0,2022.0,8,358.0,2.8412698412698414,0.1089385474860335,1.2475247524752475,126.0,0.5079365079365079,0.0,0.0158730158730158,0.0,0.4761904761904761,-2.4492935982947064e-16,1.0,1.0,1.0,29.0,0,0,0,0,0,0,0,0,0,0,0,0,0,False,0,0,0,0,0,0,0,0,0,0,0,0,0,0,1,0,0,0,0,0,0,0,5,5.0,0,0,0,False,1
1,1,79.0,245.0,61.0,101.0,0.0,0.0,0.0,75.0,26.0,1.0,2022.0,5,306.0,3.0297029702970297,0.1993464052287581,1.2784810126582278,101.0,0.0,0.0,0.0,0.7425742574257426,0.2574257425742574,1.0,6.123233995736766e-17,1.0,1.0,1.0,1,0,0,0,0,0,0,0,0,0,0,0,0,False,0,0,0,0,0,0,0,0,0,0,0,0,0,0,0,0,0,0,0,0,0,0,1,1.0,1,0,0,False,0
7,12,44.0,127.0,10.0,60.0,1.0,0.0,0.0,30.0,29.0,3.0,2021.0,3,137.0,2.283333333333333,0.072992700729927,1.3636363636363635,60.0,0.0166666666666666,0.0,0.0,0.5,0.4833333333333333,-1.0,-1.8369701987210292e-16,1.0,0.0,12.0,0,0,0,0,0,0,0,0,0,0,0,1,0,False,0,0,0,0,0,0,0,0,0,0,0,0,0,0,0,0,0,0,0,0,0,0,5,5.0,0,0,0,False,1
1,18,195.23691252398496,888.1293531063964,197.36849275913704,191.88865255447325,-0.8415459042348133,0.0064738324367039,4.031555736356364,110.13272737848212,81.97855032454372,0.9903000604527864,2022.0325183828425,5,1081.6275056658758,6.437770929793721,0.1825894058428268,1.0003478888200352,193.80319633909983,-0.005121225828442,9.181999260207802e-05,0.0203053401542622,0.5523947154467596,0.4119052394990458,0.9863554527712604,-0.0017708417204111,0.9967760335830984,0.9863810263639052,17.734487620217863,0,0,0,0,0,0,0,0,0,0,0,0,0,False,0,0,0,1,0,0,0,0,0,0,0,0,0,0,0,0,0,0,0,0,0,0,2,1.9775330560196545,0,1,0,False,0
10,27,277.5542349262968,541.8338082627542,83.28858285037074,379.9269831517465,254.4654119038701,0.0071383435048793,0.0217139665394685,-0.7736517064576613,123.87367237207177,4.0217937360363445,2019.987199274265,0,625.1650074549625,1.328175484790666,0.1345786854296386,1.3691097794842264,378.2981751214787,0.6805566934782811,4.97053777551072e-05,0.0003219165903682,0.0120660712701819,0.3261416939452439,0.0002878119901197,1.0001559751334486,0.9961821608144272,1.0023745272860332,27.307916907367414,0,0,0,0,0,0,0,0,0,0,0,0,0,False,0,0,0,0,0,0,0,0,0,0,0,0,1,0,0,0,0,0,0,0,0,0,5,5.085640143133259,0,0,0,False,1
7,32,31.0,88.0,23.0,36.0,0.0,0.0,0.0,16.0,20.0,3.0,2021.0,3,111.0,3.083333333333333,0.2072072072072072,1.1612903225806452,36.0,0.0,0.0,0.0,0.4444444444444444,0.5555555555555556,-1.0,-1.8369701987210292e-16,1.0,0.0,32.0,0,0,0,0,0,0,0,0,0,0,0,0,0,False,0,0,0,0,0,0,0,0,0,0,0,0,0,0,0,0,0,1,0,0,0,0,4,4.0,0,0,0,True,0
2,31,101.74102135977743,418.6408512401355,56.06578435138496,118.65792712856188,43.42330858768279,-0.0101641864590438,-0.0057680631872493,0.1620501055808176,77.13046564065631,0.969845909289722,2023.0073387279367,9,472.46209323527256,3.9526688214985377,0.1157016047995591,1.211487391435696,119.7041199133036,0.3520745739001242,-0.0002905327915839,-0.0002144973749,0.0089641371773718,0.6519010263764088,1.0011550578633748,-0.0139489215919807,0.993776267010434,1.0016161073041765,31.101705305087197,0,0,0,0,0,0,0,0,0,0,0,0,0,False,0,0,0,0,0,0,0,0,0,0,0,0,0,0,0,0,1,0,0,0,0,0,0,0.0501349101191235,0,0,0,False,0
1,12,19.0,35.0,3.0,27.0,0.0,0.0,0.0,19.0,8.0,1.0,2022.0,5,38.0,1.4074074074074074,0.0789473684210526,1.4210526315789471,27.0,0.0,0.0,0.0,0.7037037037037037,0.2962962962962963,1.0,6.123233995736766e-17,0.0,0.0,12.0,0,0,0,0,0,0,0,0,0,0,0,1,0,False,0,0,0,0,0,0,0,0,0,0,0,0,0,0,0,0,0,0,0,0,0,0,5,5.0,0,0,0,False,1
7,23,77.55591016072768,254.12052241770505,21.60343312825516,107.564353050804,-0.1029993546438423,0.0032362849709531,0.0026205855528183,66.86246393979361,45.0652676103252,2.998101267706349,2020.958733448649,3,269.95579102258495,3.748741469776138,0.0744574927566763,1.3827642023903306,108.00185615607518,0.0003830301652412,0.0001197463122424,-4.7988551065902425e-05,0.6054726306905915,0.3912381852191716,-0.9961580193595854,-0.0075492460432969,1.0034004546671875,0.9992293603903863,22.748591606087853,0,0,0,0,0,0,0,0,0,0,0,0,0,False,0,0,0,0,0,0,0,0,1,0,0,0,0,0,0,0,0,0,0,0,0,0,0,0.0302148294411254,0,0,0,False,0
8,20,54.0,221.0,77.0,2.0,0.0,0.0,0.0,43.0,0.0,3.0,2022.0,7,298.0,149.0,0.2583892617449664,0.037037037037037,43.0,0.0,0.0,0.0,1.0,0.0,-1.0,-1.8369701987210292e-16,1.0,1.0,20.0,0,0,0,0,0,0,0,0,0,0,0,0,0,False,0,0,0,0,0,1,0,0,0,0,0,0,0,0,0,0,0,0,0,0,0,0,2,2.0,0,1,0,False,0
8,34,81.0,217.0,8.0,6.0,0.0,0.0,0.0,18.0,0.0,3.0,2022.0,7,225.0,37.5,0.0355555555555555,0.074074074074074,18.0,0.0,0.0,0.0,1.0,0.0,-1.0,-1.8369701987210292e-16,1.0,1.0,34.0,0,0,0,0,0,0,0,0,0,0,0,0,0,False,0,0,0,0,0,0,0,0,0,0,0,0,0,0,0,0,0,0,0,1,0,0,1,1.0,1,0,0,False,0
6,30,144.0,370.0,94.0,155.0,87.0,0.0,1.0,0.0,67.0,2.0,2023.0,10,464.0,2.9935483870967743,0.2025862068965517,1.0763888888888888,155.0,0.5612903225806452,0.0,0.0064516129032258,0.0,0.432258064516129,1.2246467991473532e-16,-1.0,1.0,1.0,30.0,0,0,0,0,0,0,0,0,0,0,0,0,0,False,0,0,0,0,0,0,0,0,0,0,0,0,0,0,0,1,0,0,0,0,0,0,5,5.0,0,0,0,False,1
7,11,66.0,158.0,33.0,98.0,0.0,0.0,0.0,68.0,30.0,3.0,2021.0,3,191.0,1.9489795918367347,0.1727748691099476,1.4848484848484849,98.0,0.0,0.0,0.0,0.6938775510204082,0.3061224489795918,-1.0,-1.8369701987210292e-16,1.0,0.0,11.0,0,0,0,0,0,0,0,0,0,0,1,0,0,False,0,0,0,0,0,0,0,0,0,0,0,0,0,0,0,0,0,0,0,0,0,0,4,4.0,0,0,0,True,0
11,35,45.0,188.0,25.0,59.0,0.0,0.0,0.0,29.0,30.0,4.0,2021.0,4,213.0,3.610169491525424,0.1173708920187793,1.3111111111111111,59.0,0.0,0.0,0.0,0.4915254237288136,0.5084745762711864,-2.4492935982947064e-16,1.0,1.0,0.0,35.0,0,0,0,0,0,0,0,0,0,0,0,0,0,False,0,0,0,0,0,0,0,0,0,0,0,0,0,0,0,0,0,0,0,0,1,0,1,1.0,1,0,0,False,0
1,17,102.0,417.0,37.0,204.0,0.0,0.0,0.0,168.0,36.0,1.0,2022.0,5,454.0,2.2254901960784315,0.0814977973568281,2.0,204.0,0.0,0.0,0.0,0.8235294117647058,0.1764705882352941,1.0,6.123233995736766e-17,1.0,1.0,17.0,0,0,0,0,0,0,0,0,0,0,0,0,0,False,0,0,1,0,0,0,0,0,0,0,0,0,0,0,0,0,0,0,0,0,0,0,2,2.0,0,1,0,False,0
9,31,44.0,100.0,4.0,50.0,32.0,0.0,0.0,0.0,18.0,3.0,2023.0,11,104.0,2.08,0.0384615384615384,1.1363636363636365,50.0,0.64,0.0,0.0,0.0,0.36,-1.0,-1.8369701987210292e-16,0.0,0.0,31.0,0,0,0,0,0,0,0,0,0,0,0,0,0,False,0,0,0,0,0,0,0,0,0,0,0,0,0,0,0,0,1,0,0,0,0,0,0,0.0,0,0,0,False,0
5,24,148.0,209.0,32.0,149.0,4.0,1.0,0.0,87.0,57.0,2.0,2022.0,6,241.0,1.6174496644295302,0.1327800829875518,1.0067567567567568,149.0,0.0268456375838926,0.0067114093959731,0.0,0.5838926174496645,0.3825503355704698,1.2246467991473532e-16,-1.0,1.0,1.0,24.0,0,0,0,0,0,0,0,0,0,0,0,0,0,False,0,0,0,0,0,0,0,0,0,1,0,0,0,0,0,0,0,0,0,0,0,0,5,5.0,0,0,0,False,1
9,8,18.0,25.0,12.0,21.0,10.0,0.0,0.0,0.0,11.0,3.0,2023.0,11,37.0,1.761904761904762,0.3243243243243243,1.1666666666666667,21.0,0.4761904761904761,0.0,0.0,0.0,0.5238095238095238,-1.0,-1.8369701987210292e-16,1.0,0.0,8.0,0,0,0,0,0,0,0,1,0,0,0,0,0,False,0,0,0,0,0,0,0,0,0,0,0,0,0,0,0,0,0,0,0,0,0,0,4,4.0,0,0,0,True,0
0,1,87.66108664320664,243.54462887431345,21.471519550879915,107.75761002305568,60.22055914912799,0.0136163888744252,-0.0394062171495349,-0.2374190568626888,49.688828686511584,1.023036539324052,2021.00207139675,1,269.79901037902374,3.479502268804956,0.0739919451532781,1.3057802916628267,108.34861501008146,0.5423035741463743,9.599348396393748e-05,5.566018776534418e-05,0.0057946070269638,0.4543327417454442,1.011146574393626,0.0110117263093415,1.0006129483570647,1.0020295150097067,0.9828339389789168,1,0,0,0,0,0,0,0,0,0,0,0,0,False,0,0,0,0,0,0,0,0,0,0,0,0,0,0,0,0,0,0,0,0,0,0,1,1.0344601484362383,1,0,0,False,0
13,32,13.57258817541502,21.88685486500132,2.606511918766984,14.159485933497823,8.968748820778606,0.0019259307863635,-0.0194649536458174,1.5098177309108598,7.176592944145637,4.001184848189019,2023.0136449405968,12,35.23364868945022,1.9956015211180256,0.0976026193225895,1.0703883223076496,18.049556298626623,0.5796834049027056,0.0001747371319879,-0.0003561770849423,-0.0108702125869867,0.4104213666593487,-0.0088015165895747,1.0077024031458617,-9.329487553883112e-05,0.0047553319748863,31.929755962737502,0,0,0,0,0,0,0,0,0,0,0,0,0,False,0,0,0,0,0,0,0,0,0,0,0,0,0,0,0,0,0,1,0,0,0,0,4,4.002186632594335,0,0,0,True,0
8,19,101.462783105812,324.7435701277538,57.31288532630622,2.772185885735201,0.2562053951963469,0.0009608459269485,0.0084032504334146,95.95555382854393,-0.586355065868216,3.038165437336177,2022.0191836014092,7,386.764321993551,128.76974841148302,0.1480309097709714,0.0241772970090079,92.51066012877648,-0.0018023225834878,-6.5899953169884425e-06,0.0001040978600519,1.0012113493999153,-0.0039927143904505,-0.9993715762813572,-0.0237233172585292,1.002915787260664,0.9965426539537788,18.98990927703488,0,0,0,0,0,0,0,0,0,0,0,0,0,False,0,0,0,0,1,0,0,0,0,0,0,0,0,0,0,0,0,0,0,0,0,0,2,2.0337517694676346,0,1,0,False,0
4,21,49.56787173953647,128.39970478964284,3.9522889678029336,55.349802742495925,42.79073075924264,0.9952135498521404,0.0006603130739134,-1.3109193740358749,11.878037692344328,1.974003564387311,2020.9942910727275,2,121.69996577433396,0.9854743317161904,0.0297156199788838,1.0400996361955004,52.25054054320525,0.7458598291539937,0.0182547702989045,-0.0003502538453638,0.0019176658303566,0.2414144450299406,0.0068217701173432,-1.0004446683145978,-0.0063136322711667,0.0026431942757296,20.908257507015705,0,0,0,0,0,0,0,0,0,0,0,0,0,False,0,0,0,0,0,0,1,0,0,0,0,0,0,0,0,0,0,0,0,0,0,0,2,1.9260293955072485,0,1,0,False,0
4,15,92.30451748308435,244.82990757458728,28.20949175506662,108.53748123073495,42.48439772371293,0.0102894706383774,0.0255173037180829,-0.9397424888757784,66.05771084525686,2.0067921595531595,2020.9796739265196,2,264.65134996906846,1.8145437028140423,0.1035169178009625,1.15569645617925,106.65416636178242,0.3745489266159012,0.0001230168681028,-1.7526865450825487e-05,-0.0063820705924362,0.6291853947268677,0.0172804472477661,-0.9940927998715532,0.9904359703662872,0.992959747087459,14.930415279069704,0,0,0,0,0,0,0,0,0,0,0,0,0,False,1,0,0,0,0,0,0,0,0,0,0,0,0,0,0,0,0,0,0,0,0,0,1,1.0313240912759654,1,0,0,False,0
7,18,174.0,684.0,144.0,201.0,0.0,0.0,1.0,118.0,82.0,3.0,2021.0,3,828.0,4.119402985074627,0.1739130434782608,1.1551724137931034,201.0,0.0,0.0,0.0049751243781094,0.5870646766169154,0.4079601990049751,-1.0,-1.8369701987210292e-16,1.0,1.0,18.0,0,0,0,0,0,0,0,0,0,0,0,0,0,False,0,0,0,1,0,0,0,0,0,0,0,0,0,0,0,0,0,0,0,0,0,0,2,2.0,0,1,0,False,0
12,34,67.61078572403468,199.33752189174749,8.491701445917993,80.26025536609393,3.049109796866629,3.6183868591165405e-05,-0.0059649177528824,0.5801040120400571,78.35973716146397,4.01541756042264,2022.0111060391732,8,202.12515854295168,2.13279881642564,0.0399313944716935,1.2263918531941216,84.8317275556033,0.0499681589446384,-6.895203945634286e-05,0.0006416826762589,0.0029860190862251,0.9467942499785404,-0.006829726839088,0.9907331323923316,1.0008104353363236,0.02278531426065,34.18345503674368,0,0,0,0,0,0,0,0,0,0,0,0,0,False,0,0,0,0,0,0,0,0,0,0,0,0,0,0,0,0,0,0,0,1,0,0,1,1.007680069235338,1,0,0,False,0
6,32,22.0,34.0,11.0,31.0,18.0,0.0,0.0,0.0,13.0,2.0,2023.0,10,45.0,1.4516129032258065,0.2444444444444444,1.4090909090909092,31.0,0.5806451612903226,0.0,0.0,0.0,0.4193548387096774,1.2246467991473532e-16,-1.0,1.0,0.0,32.0,0,0,0,0,0,0,0,0,0,0,0,0,0,False,0,0,0,0,0,0,0,0,0,0,0,0,0,0,0,0,0,1,0,0,0,0,4,4.0,0,0,0,True,0
10,17,95.09993415357826,317.41724904798895,63.16462085552187,179.3682069268145,120.2150666031235,0.0031858949357652,-0.0523917956808599,-0.4180763648588254,59.32650056927365,4.013910911924606,2020.0125857199585,0,387.47421405773065,1.5401296074659312,0.1673779512355376,1.9192734016101691,169.73100786388926,0.669641404320016,-6.36371694372001e-05,-5.985168588672125e-05,0.0052546450345604,0.3335081283975028,-0.0009626537672169,0.9861505412817052,1.007722184709134,0.981475773099935,16.9708056844094,0,0,0,0,0,0,0,0,0,0,0,0,0,False,0,0,1,0,0,0,0,0,0,0,0,0,0,0,0,0,0,0,0,0,0,0,2,1.9987802626706803,0,1,0,False,0
10,36,52.33439064966504,256.5293508513933,40.63193902350543,72.74797761922389,39.8201347066055,-0.0044412908580011,0.0233652147016403,-2.4831747056513764,30.91990601204824,4.022394344536981,2020.0074961935013,0,292.4630071117126,3.5986309623945405,0.1373564788828174,1.3086148771355826,72.40226675628705,0.5632387832940605,-0.0002222292502511,0.0002997038965261,-0.0055372068082967,0.4458614193722316,-0.0077312041530418,0.9882000099925672,0.9892480933869302,0.9939265030455144,36.008768380686085,0,0,0,0,0,0,0,0,0,0,0,0,0,False,0,0,0,0,0,0,0,0,0,0,0,0,0,0,0,0,0,0,0,0,0,1,2,2.0171942861473715,0,1,0,False,0
8,17,149.45989167732492,504.8323507692945,46.21506781948975,4.067049474914558,-0.513951142053795,-0.0033362673503386,1.0405018154038104,201.6801796942865,-1.228731517551188,3.013536561242494,2021.9827091560949,7,547.7201614282573,181.4896904689047,0.0834288307624216,0.0337046002106047,200.66952838412465,-0.0026186740560737,0.0001212196369646,0.004890948940746,0.9918874551770104,-0.0048638554658096,-1.0258574563258376,-0.0022092404617754,0.9970928602326288,1.002194365187484,16.806257175515565,0,0,0,0,0,0,0,0,0,0,0,0,0,False,0,0,1,0,0,0,0,0,0,0,0,0,0,0,0,0,0,0,0,0,0,0,2,1.9956315832740348,0,1,0,False,0
11,28,133.67073967265074,251.15513320792945,60.863306655239214,164.459702143607,1.8647918351280792,0.0188150806259511,2.0035969406935736,94.94976761213108,64.89001918781398,4.028673974197942,2021.032967818793,4,311.2086057782898,2.055986844134932,0.1995201450143165,1.220216911056677,164.97972297835926,0.0083134854629135,-5.721352154699601e-05,0.0121286901021735,0.5851784643141671,0.4006724990237821,-0.0198901865625477,1.0189420608196516,1.0024942546237343,1.0047647601211316,28.101589258052627,0,0,0,0,0,0,0,0,0,0,0,0,0,False,0,0,0,0,0,0,0,0,0,0,0,0,0,1,0,0,0,0,0,0,0,0,5,4.977704683403494,0,0,0,False,1
1,34,71.0,248.0,32.0,74.0,0.0,0.0,3.0,21.0,50.0,1.0,2022.0,5,280.0,3.783783783783784,0.1142857142857142,1.0422535211267605,74.0,0.0,0.0,0.0405405405405405,0.2837837837837837,0.6756756756756757,1.0,6.123233995736766e-17,1.0,1.0,34.0,0,0,0,0,0,0,0,0,0,0,0,0,0,False,0,0,0,0,0,0,0,0,0,0,0,0,0,0,0,0,0,0,0,1,0,0,1,1.0,1,0,0,False,0
5,8,29.51586763648383,57.30599865946024,18.36661429578368,36.44275014306723,1.0722269076783757,-0.0035750562086663,0.0083819235408751,20.87178307467143,14.59775358885815,2.005879936497117,2022.0180104711749,6,76.00595919771027,2.351648510571936,0.23126079451474,1.2445761171149197,40.14936625016743,0.0006696793277731,4.548147056840519e-05,0.0001969946038776,0.5519790543383986,0.4406723799069343,-0.0227532575423215,-0.983719195017862,0.9975756807184012,0.0025579690011692,8.350234510336396,0,0,0,0,0,0,0,1,0,0,0,0,0,False,0,0,0,0,0,0,0,0,0,0,0,0,0,0,0,0,0,0,0,0,0,0,4,3.9874519015464607,0,0,0,True,0
13,0,25.142092228231235,166.4269863593862,13.340104130196254,29.216444018516487,14.213048763281812,1.0067930894038015,-0.02018411180688,1.2814476957523488,15.964054995349464,3.950097401682133,2023.0166100025165,12,167.1359560765426,4.569624292328738,0.0826559383098245,1.1954766363606462,28.266632714710845,0.4177323194319098,0.03236069593371,0.0001669921640196,-0.0062913675317366,0.5527142836393152,0.0042119447221613,1.0028832355630748,1.001129568765251,-0.0168871910273866,0.1897678169080632,0,0,0,0,0,0,0,0,0,0,0,0,0,False,0,0,0,0,0,0,0,0,0,0,0,0,0,0,0,0,0,0,0,0,0,0,3,3.0354137063173185,0,0,1,False,0
5,3,27.93773872036885,49.05122755716258,17.70831718430791,30.544237104875204,-1.2786737402701382,0.0085112547254798,0.0248806698458579,6.264720032717438,22.41813520258284,1.9849746521114608,2021.9683723718329,6,67.9515672685449,2.8896239996357247,0.2854937010556767,1.0217017617666804,32.55521695284012,0.0034649453047854,-0.0001461916461342,-0.0002630954123536,0.2263632943920802,0.7761896772904108,-0.0021112465592646,-0.9846987256400402,0.9988964667259932,-0.0094659292413366,2.791201154684189,0,0,1,0,0,0,0,0,0,0,0,0,0,False,0,0,0,0,0,0,0,0,0,0,0,0,0,0,0,0,0,0,0,0,0,0,3,2.976635824103,0,0,1,False,0
2,20,22.411887927896707,132.09636502349426,29.833881254286545,23.44958663412213,18.758578136989332,-0.0055002692730921,-0.0225434861248372,-0.2708999278339769,6.91848191361252,1.0287228063084373,2022.968078652284,9,173.76711963021285,7.578973396864813,0.1664335728341714,1.0884456010019716,24.09603791359382,0.7180244687066057,0.0001413601102292,0.0001176959814722,-0.0060386942979014,0.2860834064870854,1.0031515338737838,0.0283304927072079,0.994091877418376,-0.0107317822196792,20.09826011435119,0,0,0,0,0,0,0,0,0,0,0,0,0,False,0,0,0,0,0,1,0,0,0,0,0,0,0,0,0,0,0,0,0,0,0,0,2,2.0221869719476966,0,1,0,False,0
13,10,24.4409980425678,69.93362187089406,10.874865957305534,30.663409122956462,13.8523024795483,-0.0071987372064746,-0.0112454360155449,-1.8086504643426045,14.36174864489066,4.02070395182904,2022.9330575796748,12,76.78888118311569,2.6335779245442907,0.1328388233476884,1.1313622011848976,25.260829016450337,0.5359184047966413,-5.47233506165404e-05,-0.0002617468702183,-0.0035597305672729,0.4642355611588252,-0.0258769563101909,1.0035355123255023,0.9962089790855848,0.0003553832923046,9.839998537671129,0,0,0,0,0,0,0,0,0,1,0,0,0,False,0,0,0,0,0,0,0,0,0,0,0,0,0,0,0,0,0,0,0,0,0,0,3,3.019490134277889,0,0,1,False,0
13,16,29.123807824698652,75.75002363238616,23.909002747624868,31.160990066376847,16.63874120349059,2.999630907574616,1.0059321657616247,-1.499678277356369,12.449245150906048,3.9972634832274334,2022.9476132621544,12,101.41802627788452,2.9043231138548693,0.248905012069627,1.1225779957966509,33.47314354550882,0.5154673121819131,0.0905538366977463,0.0302827938555208,0.0188412004486064,0.3568632353088577,-0.0125968818698989,1.011556459045854,0.991261306938538,0.003360884001148,16.254683001393104,0,0,0,0,0,0,0,0,0,0,0,0,0,False,0,1,0,0,0,0,0,0,0,0,0,0,0,0,0,0,0,0,0,0,0,0,3,2.932476925578793,0,0,1,False,0
6,9,26.917244355674967,79.08885693175935,17.614214049203454,40.80291068654157,14.892320317636456,0.9789798292015572,0.0831053169996701,1.6631244839691706,25.35371770594662,2.0290293422800407,2023.0210104898008,10,96.53913108523255,1.846932523229718,0.1684860870275039,1.4251504950378926,39.13163310575285,0.3503634566264362,0.02482537835892,4.304991504442578e-05,0.0070550352073543,0.6200903566442458,0.0043690327562062,-0.997669577496112,1.0033307346772913,0.0014534539616615,9.138294794979924,0,0,0,0,0,0,0,0,1,0,0,0,0,False,0,0,0,0,0,0,0,0,0,0,0,0,0,0,0,0,0,0,0,0,0,0,4,4.00574763664129,0,0,0,True,0
3,30,130.55290403961737,296.1735871794853,69.93971903161652,121.59886888719087,84.73561725388858,-0.0073100632527489,0.0109157477482946,3.7165149472367593,37.79538377719791,1.0225531601760776,2024.0253311191864,13,361.2471589616871,2.3689114992521065,0.1856755659924574,0.9254333510265116,125.0346546934655,0.6889802329457866,0.0001365300580191,-0.0003343464600551,0.0156009821384132,0.2934186846746526,1.0204011074568389,0.0201772735679752,0.9924535734956408,1.001488304045958,30.2365235716535,0,0,0,0,0,0,0,0,0,0,0,0,0,False,0,0,0,0,0,0,0,0,0,0,0,0,0,0,0,1,0,0,0,0,0,0,5,5.003697215709466,0,0,0,False,1
6,16,20.0,37.0,8.0,25.0,16.0,0.0,0.0,0.0,9.0,2.0,2023.0,10,45.0,1.8,0.1777777777777777,1.25,25.0,0.64,0.0,0.0,0.0,0.36,1.2246467991473532e-16,-1.0,1.0,0.0,16.0,0,0,0,0,0,0,0,0,0,0,0,0,0,False,0,1,0,0,0,0,0,0,0,0,0,0,0,0,0,0,0,0,0,0,0,0,3,3.0,0,0,1,False,0
4,16,23.508515214848806,64.32734816997902,13.4890138261946,25.79391425806888,4.417933178205446,9.433085491345544e-05,-0.028356721886084,-0.331864178280381,17.46249618598417,1.982387367896268,2021.004090368684,2,85.75231762767143,3.3311645662034124,0.1787550766751159,1.056097618244319,22.15372026192764,0.2479728416735069,0.0001694558303675,9.437463853051278e-05,0.0034552763644863,0.7568670261890945,-0.0122051619783921,-0.9824606444936212,1.0010573768975743,0.0040035221479873,16.06384700432254,0,0,0,0,0,0,0,0,0,0,0,0,0,False,0,1,0,0,0,0,0,0,0,0,0,0,0,0,0,0,0,0,0,0,0,0,3,2.961436544409515,0,0,1,False,0
3,28,84.0,245.0,35.0,146.0,80.0,0.0,0.0,1.0,65.0,1.0,2024.0,13,280.0,1.917808219178082,0.125,1.738095238095238,146.0,0.547945205479452,0.0,0.0,0.0068493150684931,0.4452054794520548,1.0,6.123233995736766e-17,1.0,1.0,28.0,0,0,0,0,0,0,0,0,0,0,0,0,0,False,0,0,0,0,0,0,0,0,0,0,0,0,0,1,0,0,0,0,0,0,0,0,5,5.0,0,0,0,False,1
8,8,28.0,48.0,17.0,0.0,0.0,0.0,0.0,26.0,0.0,3.0,2022.0,7,65.0,65.0,0.2615384615384615,0.0,26.0,0.0,0.0,0.0,1.0,0.0,-1.0,-1.8369701987210292e-16,1.0,0.0,8.0,0,0,0,0,0,0,0,1,0,0,0,0,0,False,0,0,0,0,0,0,0,0,0,0,0,0,0,0,0,0,0,0,0,0,0,0,4,4.0,0,0,0,True,0
4,28,114.38858311130654,304.5829191772584,47.06906310416151,144.6071610869725,90.21483452467643,1.9995855819318504,0.0312482891036265,-0.1467370494189566,54.3982261684332,1.964774006899348,2021.033253456032,2,346.3227694259488,2.644821672696385,0.1385065136866347,1.303521590456766,150.53114205293605,0.6144574505725156,0.0136682878683124,-0.0002400245087736,-0.0026127270449855,0.3701713797298894,-0.0093507400623445,-0.9769369815785972,1.0102000453115507,0.9901358764253224,28.434224326132394,0,0,0,0,0,0,0,0,0,0,0,0,0,False,0,0,0,0,0,0,0,0,0,0,0,0,0,1,0,0,0,0,0,0,0,0,5,4.971745393517731,0,0,0,False,1
9,34,24.0,79.0,0.0,28.0,8.0,0.0,0.0,0.0,20.0,3.0,2023.0,11,79.0,2.821428571428572,0.0,1.1666666666666667,28.0,0.2857142857142857,0.0,0.0,0.0,0.7142857142857143,-1.0,-1.8369701987210292e-16,0.0,0.0,34.0,0,0,0,0,0,0,0,0,0,0,0,0,0,False,0,0,0,0,0,0,0,0,0,0,0,0,0,0,0,0,0,0,0,1,0,0,1,1.0,1,0,0,False,0
3,15,88.0,349.0,44.0,88.0,46.0,0.0,0.0,0.0,42.0,1.0,2024.0,13,393.0,4.465909090909091,0.1119592875318066,1.0,88.0,0.5227272727272727,0.0,0.0,0.0,0.4772727272727273,1.0,6.123233995736766e-17,1.0,1.0,15.0,0,0,0,0,0,0,0,0,0,0,0,0,0,False,1,0,0,0,0,0,0,0,0,0,0,0,0,0,0,0,0,0,0,0,0,0,1,1.0,1,0,0,False,0
7,1,80.0,208.0,26.0,95.0,0.0,0.0,0.0,66.0,29.0,3.0,2021.0,3,234.0,2.463157894736842,0.1111111111111111,1.1875,95.0,0.0,0.0,0.0,0.6947368421052632,0.3052631578947368,-1.0,-1.8369701987210292e-16,1.0,1.0,1.0,1,0,0,0,0,0,0,0,0,0,0,0,0,False,0,0,0,0,0,0,0,0,0,0,0,0,0,0,0,0,0,0,0,0,0,0,1,1.0,1,0,0,False,0
2,15,61.25748414583414,239.17533782623363,26.368994949996285,87.53236088397355,48.24914746229507,-0.0119544838515258,0.028478490122442,-0.422970110820219,39.90822300987709,1.0055451016826225,2022.9767675891192,9,271.3041040513954,2.8157325053201063,0.1001688847475132,1.4331443491482494,90.49207353830896,0.549793819171129,-6.081726546079725e-05,0.0002760680043861,0.0058672234839038,0.4574008228042656,0.9836791805273272,-0.0292333716507879,0.9992597987814272,0.9918017849135724,15.27220420648118,0,0,0,0,0,0,0,0,0,0,0,0,0,False,1,0,0,0,0,0,0,0,0,0,0,0,0,0,0,0,0,0,0,0,0,0,1,0.9905839739008778,1,0,0,False,0
5,10,25.0,76.0,10.0,26.0,0.0,0.0,0.0,11.0,15.0,2.0,2022.0,6,86.0,3.3076923076923075,0.1162790697674418,1.04,26.0,0.0,0.0,0.0,0.4230769230769231,0.5769230769230769,1.2246467991473532e-16,-1.0,1.0,0.0,10.0,0,0,0,0,0,0,0,0,0,1,0,0,0,False,0,0,0,0,0,0,0,0,0,0,0,0,0,0,0,0,0,0,0,0,0,0,3,3.0,0,0,1,False,0
2,2,10.303621973333604,13.024568432363946,2.353965908702297,9.17462126958143,3.147556182330796,-0.0023767388728711,-0.0287810879809497,-0.7319568122615778,5.321102953951932,0.9951285245436756,2023.0032486548084,9,26.50386521640208,1.6166308557830629,0.1558679948978788,1.2285941514762069,11.002399182698827,0.3754019553082079,-1.5398619238799724e-05,-0.0002648766268756,0.0094299027126243,0.6269013212062847,1.0044727719394069,-0.0006155481390143,0.0097011250237462,0.0096201229873834,2.100628080912599,0,1,0,0,0,0,0,0,0,0,0,0,0,False,0,0,0,0,0,0,0,0,0,0,0,0,0,0,0,0,0,0,0,0,0,0,4,3.9652214658461817,0,0,0,True,0
0,3,79.07531289535238,142.53218944973574,10.09585679063936,107.96685922856985,61.96536263011476,0.0078150393337949,-0.0228602007120897,0.5466562222583929,49.86229129202689,0.9558080634799188,2021.0513605457293,1,159.7694245791824,0.8980720247456863,0.0547432580868448,1.3574946663563825,108.176666854059,0.5464572933595613,-9.519203047822063e-05,3.917453896668437e-05,0.0006547961435955,0.4622633667455967,1.0120588820617027,-0.0034732095169653,0.9999575492945196,0.0098185583363873,3.324683989512878,0,0,1,0,0,0,0,0,0,0,0,0,0,False,0,0,0,0,0,0,0,0,0,0,0,0,0,0,0,0,0,0,0,0,0,0,3,3.041156009764898,0,0,1,False,0
6,32,19.6814252412372,33.76285748195577,11.407552749503184,31.192498822391908,16.33635834733507,-0.0084818388542659,-0.006610227721287,0.1974139277509605,11.901206185330611,1.9622630494925464,2022.9845136028675,10,40.93090128125532,1.1653523711184752,0.2424663506192798,1.408658661060773,32.052687519824765,0.576256042932931,-9.767731032040756e-05,-0.0004587990731558,0.0026762785646272,0.4212015854812515,-0.0117494336427568,-1.001895211146033,1.0020853609790124,0.0032340736944071,32.007017536907576,0,0,0,0,0,0,0,0,0,0,0,0,0,False,0,0,0,0,0,0,0,0,0,0,0,0,0,0,0,0,0,1,0,0,0,0,4,3.976401165255624,0,0,0,True,0
6,3,34.0,60.0,12.0,34.0,11.0,0.0,0.0,1.0,22.0,2.0,2023.0,10,72.0,2.117647058823529,0.1666666666666666,1.0,34.0,0.3235294117647059,0.0,0.0,0.0294117647058823,0.6470588235294118,1.2246467991473532e-16,-1.0,1.0,0.0,3.0,0,0,1,0,0,0,0,0,0,0,0,0,0,False,0,0,0,0,0,0,0,0,0,0,0,0,0,0,0,0,0,0,0,0,0,0,3,3.0,0,0,1,False,0
2,27,270.19078825615014,702.1780866520259,112.59796086637964,459.3129159557979,320.24677400486064,0.99837049967301,-0.002216026743554,6.291184963655935,130.46904705231427,1.00730733434938,2022.9638332125824,9,823.506136455474,2.826731523959385,0.1377972995741681,1.7111671345701591,453.7476120521599,0.711092046203739,0.0023074675457738,0.000103536580248,0.0143320055768421,0.2778979015090157,0.9858033484973489,-0.0056089534881965,0.9972008080721724,0.9955681137542802,27.257588429174284,0,0,0,0,0,0,0,0,0,0,0,0,0,False,0,0,0,0,0,0,0,0,0,0,0,0,1,0,0,0,0,0,0,0,0,0,5,4.983554093199281,0,0,0,False,1
5,24,148.6102616254756,201.5185922552902,32.94112105277246,151.81771154779724,4.326378783635894,0.997690672039386,0.0139190872659141,86.19227680065781,55.27863241886067,1.9998767834601383,2021.979042329289,6,247.9519612518524,1.0818054353345676,0.1322698898820026,1.0104827197402164,147.36515914095415,0.0270153125082438,0.006886214135699,-6.228468014784155e-05,0.5889186104164214,0.3887652362530384,0.023554871755278,-1.0066560002298277,0.9987813582307586,0.9984022430906256,24.17978967625426,0,0,0,0,0,0,0,0,0,0,0,0,0,False,0,0,0,0,0,0,0,0,0,1,0,0,0,0,0,0,0,0,0,0,0,0,5,4.992156229109233,0,0,0,False,1
5,11,58.0,207.0,36.0,90.0,0.0,0.0,0.0,55.0,35.0,2.0,2022.0,6,243.0,2.7,0.1481481481481481,1.5517241379310345,90.0,0.0,0.0,0.0,0.6111111111111112,0.3888888888888889,1.2246467991473532e-16,-1.0,1.0,1.0,11.0,0,0,0,0,0,0,0,0,0,0,1,0,0,False,0,0,0,0,0,0,0,0,0,0,0,0,0,0,0,0,0,0,0,0,0,0,4,4.0,0,0,0,True,0
12,26,144.7310962847336,551.957147490565,95.44991864436784,198.34619727383517,88.65206194659366,1.9876812184171744,0.076551642301906,7.751800534262107,96.71165128691844,3.985942876792624,2021.9909905159368,8,649.7471005778253,4.692248641956551,0.1479896989107734,1.343183168534415,192.4802545628926,0.4598198861359658,0.0102776644658232,8.208159754478843e-05,0.0379331026415748,0.4898024606607649,0.0137354823305039,0.9866786200240256,0.9986460885801314,0.9788219421223984,26.149213782051373,0,0,0,0,0,0,0,0,0,0,0,0,0,False,0,0,0,0,0,0,0,0,0,0,0,1,0,0,0,0,0,0,0,0,0,0,0,0.0510773491795989,0,0,0,False,0
9,31,45.02357157090246,96.14189010711668,1.9515346404267888,49.789715062261216,30.063320995097467,-0.0032787184825965,0.0074272695424089,0.91786626550394,17.262096057750313,2.9998335314852547,2023.0243706422996,11,104.48129769895164,3.0883475519112222,0.0379502622683429,1.1331941770995482,47.94730126279337,0.6476600924342008,6.595749664881975e-05,0.0001156162994766,0.0017208688566747,0.3608417494111464,-0.9981282948726886,-0.004039715750441,-0.000859732694058,-0.0059416724530961,30.84605509922918,0,0,0,0,0,0,0,0,0,0,0,0,0,False,0,0,0,0,0,0,0,0,0,0,0,0,0,0,0,0,1,0,0,0,0,0,0,-0.0316740301331819,0,0,0,False,0
12,21,44.0,186.0,43.0,45.0,13.0,0.0,0.0,0.0,32.0,4.0,2022.0,8,229.0,5.088888888888889,0.1877729257641921,1.0227272727272727,45.0,0.2888888888888888,0.0,0.0,0.0,0.7111111111111111,-2.4492935982947064e-16,1.0,1.0,1.0,21.0,0,0,0,0,0,0,0,0,0,0,0,0,0,False,0,0,0,0,0,0,1,0,0,0,0,0,0,0,0,0,0,0,0,0,0,0,2,2.0,0,1,0,False,0
2,25,145.6294754419734,315.06729620169995,22.809349085563028,184.13050154810009,73.86314341886785,0.0066454878856527,-0.0242771551524,-0.2691924547362353,111.80394729791212,0.9771360687630968,2022.9859118370243,9,341.2683095239757,2.141337351622496,0.0687592729337025,1.29107011127737,183.86500833492715,0.4001037415374435,-1.2978710360607618e-05,-1.4919082742750543e-05,-0.0077728151701041,0.6026556720317723,0.9913628725664276,-0.0246129229026688,0.9975730250967187,1.0191029888182146,24.59765563377469,0,0,0,0,0,0,0,0,0,0,0,0,0,False,0,0,0,0,0,0,0,0,0,0,1,0,0,0,0,0,0,0,0,0,0,0,0,-0.0084522295572099,0,0,0,False,0
9,3,34.0,90.0,19.0,42.0,14.0,0.0,0.0,0.0,28.0,3.0,2023.0,11,109.0,2.595238095238096,0.1743119266055046,1.2352941176470589,42.0,0.3333333333333333,0.0,0.0,0.0,0.6666666666666666,-1.0,-1.8369701987210292e-16,1.0,0.0,3.0,0,0,1,0,0,0,0,0,0,0,0,0,0,False,0,0,0,0,0,0,0,0,0,0,0,0,0,0,0,0,0,0,0,0,0,0,3,3.0,0,0,1,False,0
6,23,77.87059902332547,288.97163105241424,37.01309886168574,125.06396851470832,96.62072594408885,0.0041016371123898,-0.0044680674657017,1.5040280869625882,32.13762782545756,1.9906738489051072,2023.002399527108,10,331.38043505669106,2.1837095998047387,0.1147199230855722,1.642121855346836,129.5378541959514,0.7513044576242973,0.0001398497180557,0.0003165760930287,0.0117122482328147,0.24808365449324,0.0069816181188917,-1.0179457601572337,1.0010078465919612,1.001905934314936,23.084407345812902,0,0,0,0,0,0,0,0,0,0,0,0,0,False,0,0,0,0,0,0,0,0,1,0,0,0,0,0,0,0,0,0,0,0,0,0,0,-0.0128106010789839,0,0,0,False,0
13,8,26.27039422389722,49.11419477310952,16.601491320724364,27.711764192840445,15.004292544722112,0.0025666219461476,0.0148440232798965,1.2591659302532516,10.850672765538954,4.015079966653089,2022.9417682943888,12,47.2205232859576,2.776371006220693,0.2754826979748173,1.082173261923009,26.30041684521004,0.5347749348821388,-4.49010122305309e-05,-0.0003346009444547,0.0060851728565406,0.4638283661644665,0.008233229390862,1.0087920864725612,1.00151576485226,-0.0019973855877025,8.167028554551313,0,0,0,0,0,0,0,1,0,0,0,0,0,False,0,0,0,0,0,0,0,0,0,0,0,0,0,0,0,0,0,0,0,0,0,0,4,3.973143240258661,0,0,0,True,0
2,25,143.0,315.0,23.0,183.0,73.0,0.0,0.0,0.0,110.0,1.0,2023.0,9,338.0,1.8469945355191253,0.0680473372781065,1.2797202797202798,183.0,0.3989071038251366,0.0,0.0,0.0,0.6010928961748634,1.0,6.123233995736766e-17,1.0,1.0,25.0,0,0,0,0,0,0,0,0,0,0,0,0,0,False,0,0,0,0,0,0,0,0,0,0,1,0,0,0,0,0,0,0,0,0,0,0,0,0.0,0,0,0,False,0
5,36,28.0,78.0,13.0,33.0,0.0,0.0,0.0,19.0,14.0,2.0,2022.0,6,91.0,2.757575757575758,0.1428571428571428,1.1785714285714286,33.0,0.0,0.0,0.0,0.5757575757575758,0.4242424242424242,1.2246467991473532e-16,-1.0,1.0,0.0,36.0,0,0,0,0,0,0,0,0,0,0,0,0,0,False,0,0,0,0,0,0,0,0,0,0,0,0,0,0,0,0,0,0,0,0,0,1,2,2.0,0,1,0,False,0
6,4,99.55367928327458,397.6500377816915,83.73223338080221,132.16117324845246,81.6552494657321,0.0118893952691085,-0.0203574263878341,0.1893486381310422,53.136626777503096,2.001345545389164,2022.9845368908605,10,480.2877667375983,4.883530265938183,0.1743085028800341,1.3372431050398494,133.33676108115912,0.5969251390147973,4.486041141033982e-05,0.0005923119998198,0.0056829864305845,0.4005493289267662,-0.0131783523073886,-1.0136501386231758,1.0035160568437476,0.9854905664142606,4.287177904004176,0,0,0,1,0,0,0,0,0,0,0,0,0,False,0,0,0,0,0,0,0,0,0,0,0,0,0,0,0,0,0,0,0,0,0,0,1,1.000332311874982,1,0,0,False,0
3,3,28.882308186619188,71.68855691398471,13.843489550532077,34.78846754866735,18.95983625320575,0.0134705990308189,-0.0004647962105384,0.8586963808231298,15.747984575213094,1.0058808333227127,2024.021777836691,13,92.04827469386144,1.0797392390137626,0.1523797704784178,1.179271120495094,35.96665925447069,0.4583978725983794,-0.0002080173304959,2.542628201751806e-06,0.0567820045770814,0.472321853185888,1.014767370633325,-0.0226329853293529,0.993485030949139,-0.0058834753607579,3.121763397532503,0,0,1,0,0,0,0,0,0,0,0,0,0,False,0,0,0,0,0,0,0,0,0,0,0,0,0,0,0,0,0,0,0,0,0,0,3,3.049977294766784,0,0,1,False,0
11,11,63.104535359239165,119.9882929280974,39.65814587817779,84.73597912266463,0.1583538494883529,-0.0068934754290072,-0.0583116310827423,61.46818685575144,26.288917969627164,4.006296613753397,2020.9870393397248,4,170.80576718194973,1.830224323537587,0.2423366559876639,1.372695344223204,88.30498305259643,0.0133446477117795,-4.077469403967787e-05,-0.0002864738995159,0.71467167608475,0.3018859913162734,-0.0197337681747781,1.0213427180219643,0.9916087487307664,0.0111197915907287,10.79842948373082,0,0,0,0,0,0,0,0,0,0,1,0,0,False,0,0,0,0,0,0,0,0,0,0,0,0,0,0,0,0,0,0,0,0,0,0,4,4.016401829509931,0,0,0,True,0
8,23,80.0,267.0,30.0,1.0,0.0,0.0,0.0,96.0,0.0,3.0,2022.0,7,297.0,297.0,0.101010101010101,0.0125,96.0,0.0,0.0,0.0,1.0,0.0,-1.0,-1.8369701987210292e-16,1.0,1.0,23.0,0,0,0,0,0,0,0,0,0,0,0,0,0,False,0,0,0,0,0,0,0,0,1,0,0,0,0,0,0,0,0,0,0,0,0,0,0,0.0,0,0,0,False,0
6,6,57.0,156.0,29.0,57.0,47.0,0.0,0.0,0.0,10.0,2.0,2023.0,10,185.0,3.245614035087719,0.1567567567567567,1.0,57.0,0.8245614035087719,0.0,0.0,0.0,0.175438596491228,1.2246467991473532e-16,-1.0,1.0,0.0,6.0,0,0,0,0,0,1,0,0,0,0,0,0,0,False,0,0,0,0,0,0,0,0,0,0,0,0,0,0,0,0,0,0,0,0,0,0,0,0.0,0,0,0,False,0
6,14,320.0,653.0,65.0,502.0,285.0,1.0,2.0,0.0,214.0,2.0,2023.0,10,718.0,1.4302788844621517,0.0905292479108635,1.56875,502.0,0.5677290836653387,0.0019920318725099,0.0039840637450199,0.0,0.4262948207171315,1.2246467991473532e-16,-1.0,1.0,1.0,14.0,0,0,0,0,0,0,0,0,0,0,0,0,0,True,0,0,0,0,0,0,0,0,0,0,0,0,0,0,0,0,0,0,0,0,0,0,0,0.0,0,0,0,False,0
5,2,28.0,63.0,12.0,31.0,0.0,0.0,0.0,17.0,14.0,2.0,2022.0,6,75.0,2.419354838709677,0.16,1.1071428571428572,31.0,0.0,0.0,0.0,0.5483870967741935,0.4516129032258064,1.2246467991473532e-16,-1.0,1.0,0.0,2.0,0,1,0,0,0,0,0,0,0,0,0,0,0,False,0,0,0,0,0,0,0,0,0,0,0,0,0,0,0,0,0,0,0,0,0,0,4,4.0,0,0,0,True,0
10,28,118.52486310765129,320.12769220742484,83.93676598895931,154.11104374501275,107.7399213295117,-0.0087556788634928,-0.0067265597427309,0.3267372004512868,45.875934570762446,3.983254766101525,2019.97831674571,0,406.4821528199989,1.4416394594926598,0.2085645751784892,1.3770037331070195,153.96957115705368,0.6911599877137562,-9.382589655507042e-05,0.0001878634676769,0.0026994325194284,0.2972131048994654,-0.0075401871959569,1.0204352646596957,0.9961333727319324,1.003375931245052,28.21907748277632,0,0,0,0,0,0,0,0,0,0,0,0,0,False,0,0,0,0,0,0,0,0,0,0,0,0,0,1,0,0,0,0,0,0,0,0,5,5.012511981371927,0,0,0,False,1
0,16,15.965350212837931,73.42995683977523,17.360034445777902,18.61450278295909,4.993950707213315,0.006823819027321,-0.0115203523969867,0.0681737223922238,10.9849653798448,1.0052943062525104,2020.975965027364,1,90.3701385910151,5.386965324401382,0.1922776969308489,1.0065521697806803,11.740734147807236,0.3139559176201335,9.905300287798752e-05,2.2229307034627723e-05,0.0097818048348924,0.6898800152342212,1.0086754032456702,0.0048862058510649,1.0022626467502112,0.0065025696378433,15.848369570557796,0,0,0,0,0,0,0,0,0,0,0,0,0,False,0,1,0,0,0,0,0,0,0,0,0,0,0,0,0,0,0,0,0,0,0,0,3,2.9882942079435755,0,0,1,False,0
13,28,100.0,264.0,54.0,135.0,81.0,0.0,1.0,3.0,50.0,4.0,2023.0,12,318.0,2.355555555555556,0.1698113207547169,1.35,135.0,0.6,0.0,0.0074074074074074,0.0222222222222222,0.3703703703703703,-2.4492935982947064e-16,1.0,1.0,1.0,28.0,0,0,0,0,0,0,0,0,0,0,0,0,0,False,0,0,0,0,0,0,0,0,0,0,0,0,0,1,0,0,0,0,0,0,0,0,5,5.0,0,0,0,False,1
2,14,382.0,667.0,100.0,616.0,300.0,0.0,2.0,6.0,308.0,1.0,2023.0,9,767.0,1.24512987012987,0.1303780964797914,1.612565445026178,616.0,0.487012987012987,0.0,0.0032467532467532,0.0097402597402597,0.5,1.0,6.123233995736766e-17,1.0,1.0,14.0,0,0,0,0,0,0,0,0,0,0,0,0,0,True,0,0,0,0,0,0,0,0,0,0,0,0,0,0,0,0,0,0,0,0,0,0,0,0.0,0,0,0,False,0
3,24,113.0,165.0,18.0,111.0,71.0,1.0,0.0,0.0,39.0,1.0,2024.0,13,183.0,1.648648648648649,0.0983606557377049,0.9823008849557522,111.0,0.6396396396396397,0.009009009009009,0.0,0.0,0.3513513513513513,1.0,6.123233995736766e-17,1.0,0.0,24.0,0,0,0,0,0,0,0,0,0,0,0,0,0,False,0,0,0,0,0,0,0,0,0,1,0,0,0,0,0,0,0,0,0,0,0,0,5,5.0,0,0,0,False,1
2,14,381.6148263299447,671.069866024889,100.34351986897892,613.2983918979129,299.04461617853883,0.0026792550852622,2.000879341480709,3.86730500080047,309.44563024448945,0.9623911864700286,2022.99490272608,9,767.4739331029081,1.7033789836155928,0.1306242404639137,1.620312242251302,618.7578881435845,0.4850661852861844,-8.486241450373028e-05,0.0025418681811822,0.0124190422716686,0.4918306128622242,0.9981248726710288,0.0036518876478693,0.996829660909934,0.9753564560243642,14.079200954177177,0,0,0,0,0,0,0,0,0,0,0,0,0,True,0,0,0,0,0,0,0,0,0,0,0,0,0,0,0,0,0,0,0,0,0,0,0,-0.040172615075336,0,0,0,False,0
1,5,20.77621111088161,63.3151302892671,2.8661007416292854,32.986369356766275,-0.5707594453110795,-0.004739355556023,0.0180647187236174,29.86139041218863,6.166130640140547,0.9707076885206406,2022.00641072792,5,62.01950784086179,1.0788538334457338,0.0309452085567082,1.538546287033843,37.192857679826695,0.0057818455394346,-0.000140379640047,-8.278937585591071e-05,0.8280284706598192,0.1741723204899931,0.9866051734863138,-0.0012926218474179,-0.0070914632703787,-0.0049671604785088,5.191879658724394,0,0,0,0,1,0,0,0,0,0,0,0,0,False,0,0,0,0,0,0,0,0,0,0,0,0,0,0,0,0,0,0,0,0,0,0,4,3.952073480681708,0,0,0,True,0
13,24,99.60556908864848,129.9040969171767,15.956153065625193,103.03794580045898,63.33825713412247,-0.0077899656407581,-0.0193247385464823,2.144327618478914,35.570086966758744,4.011760989545021,2022.945399695413,12,142.19151313244296,-0.0854484145339489,0.120417893276774,1.0140225700104946,100.79758239719298,0.6315188545383293,7.272630216062079e-05,-0.0003397699741745,-0.0023704119012752,0.3474651969961994,0.0020724083250556,1.0124550692160752,1.001149907722742,0.0035212924309689,23.9157988629906,0,0,0,0,0,0,0,0,0,0,0,0,0,False,0,0,0,0,0,0,0,0,0,1,0,0,0,0,0,0,0,0,0,0,0,0,5,5.029396459028543,0,0,0,False,1
2,35,37.9702551268846,215.2011221190392,25.788773552823045,59.5491009693013,37.33496829669046,-0.0005867072057867,-0.0357996520113192,1.3071178060256083,21.42665854616803,1.0067099588809263,2022.9766660803675,9,243.4663632410312,4.197821876261596,0.1060147873106258,1.485178295613859,57.7441624618023,0.6270771750542947,4.257118767095432e-05,-0.0001754136572662,0.0066396394659286,0.3693087553922178,0.9941179445716218,-0.0094575618830651,0.997329487501804,1.0079225032147183,34.85498223358554,0,0,0,0,0,0,0,0,0,0,0,0,0,False,0,0,0,0,0,0,0,0,0,0,0,0,0,0,0,0,0,0,0,0,1,0,1,1.0202657980135097,1,0,0,False,0
3,21,32.09886996713349,250.5139035801561,40.6382901717902,33.50259121878466,27.81853764766872,0.0076290607948389,0.0359084847050347,1.2696603150483132,5.994862725453148,1.009324226119663,2023.9755938233784,13,290.39898110420984,7.878318497063451,0.1415044026010812,1.0304627651302125,33.554556978383445,0.8466349844378578,-5.185548912003858e-05,-4.134231436774757e-05,-0.0008698140166266,0.1418468970136535,0.9889900350589969,-0.0219310457154556,1.000182456100894,0.9914038543670266,20.98946267985501,0,0,0,0,0,0,0,0,0,0,0,0,0,False,0,0,0,0,0,0,1,0,0,0,0,0,0,0,0,0,0,0,0,0,0,0,2,1.958436657775083,0,1,0,False,0
13,29,95.1500091553416,282.7138711369277,47.44044093435564,142.76057963444458,81.87263892777945,-0.0175833147984815,4.023924434483555,1.8147785062740407,54.11210626770128,4.018728625035793,2023.00918558841,12,339.2342697352423,2.9884655299539906,0.1436212810312676,1.518820708300317,143.53480481962015,0.5757955625217747,-3.1124288534681074e-05,0.0273236656939631,0.0128961248359012,0.3929937762614457,0.0067133453934143,1.012918191892099,0.996900697378876,0.9876871873725084,29.01133038561934,0,0,0,0,0,0,0,0,0,0,0,0,0,False,0,0,0,0,0,0,0,0,0,0,0,0,0,0,1,0,0,0,0,0,0,0,5,5.019322807220345,0,0,0,False,1
13,26,99.67053875686442,646.3753056836814,97.63780456675002,132.73583079418788,110.57454256471442,0.0038689544532684,-0.0334477896852763,2.408973891032028,23.99691350821973,3.9927136948397215,2022.9862286204936,12,750.9638941002505,6.186178591038567,0.1290434724914714,1.3644029551193244,132.0581591140467,0.8151186241525628,0.0001576928989982,-0.0001568006426693,0.0150725296394166,0.1749199771291384,-0.0232224353535356,0.9961126519349096,0.9971228427730392,1.006817571998951,25.677777831656204,0,0,0,0,0,0,0,0,0,0,0,0,0,False,0,0,0,0,0,0,0,0,0,0,0,1,0,0,0,0,0,0,0,0,0,0,0,0.0187719665637945,0,0,0,False,0
6,6,54.99499232603966,154.04735639394647,28.162443705791315,57.76790267977428,48.84924863818038,0.0043312737001192,0.0937932548505521,-1.320793762243581,10.12200530578449,1.9606079943418715,2022.992913228457,10,191.6514318360767,2.904920988591975,0.1555084228101712,1.0048861905833206,58.40773432843836,0.825866036132867,-0.0002177901952601,0.0001432045402584,0.0038895555430694,0.1746597249321606,-0.0142539149763056,-0.997606242968877,0.9950870499212296,0.0150367134864342,5.799236231803772,0,0,0,0,0,1,0,0,0,0,0,0,0,False,0,0,0,0,0,0,0,0,0,0,0,0,0,0,0,0,0,0,0,0,0,0,0,-0.0671677420045579,0,0,0,False,0
4,11,58.02864129112493,154.96059480748303,34.354938810788326,80.25899025960194,60.98021443259338,0.0026793128822752,0.0545272192182479,-1.1997644433749692,18.850275584424818,2.0475849764363354,2020.9750632576945,2,185.25936431716207,1.8581640902037877,0.1810193755464215,1.40157938207933,78.42906816833339,0.7544341697513671,9.921794066999445e-06,-0.0001546134308883,0.0053785872348375,0.2452441400222468,-0.0175454698468294,-0.9878775516354428,0.997563684513444,-0.0114879239931589,11.09108208642492,0,0,0,0,0,0,0,0,0,0,1,0,0,False,0,0,0,0,0,0,0,0,0,0,0,0,0,0,0,0,0,0,0,0,0,0,4,3.98545495182672,0,0,0,True,0
8,14,463.30719992389305,786.004783583233,109.38672298592635,26.203820088614197,0.112497789052347,0.0031196692131505,1.9761661402036013,368.5679931670776,2.0774296067703277,2.996473330116513,2021.9784017208056,7,893.1306224464995,39.46823348530376,0.1211163539783452,0.0383834017444545,372.7105148795724,-0.0041489406574695,-0.0001431324834472,0.0052631102215303,1.0063199028565692,-0.0032280258839069,-1.000140064231506,-0.005873128708469,1.0018606305982407,0.990027168210181,13.467795744999345,0,0,0,0,0,0,0,0,0,0,0,0,0,True,0,0,0,0,0,0,0,0,0,0,0,0,0,0,0,0,0,0,0,0,0,0,0,-0.0246263958909756,0,0,0,False,0
3,14,274.7713970086146,502.1444599041437,62.35804136699591,369.9561959665494,279.5958608438806,-0.0011959346113809,-0.0833899822318726,2.088571242165354,87.01787486207505,1.0071218535404252,2024.0014122513771,13,571.0211187003206,1.6435035758861325,0.110014613766363,1.3435228803759522,367.9383367092401,0.7549924759947475,1.7937756154871537e-05,-4.394635615014995e-05,0.0049274807717212,0.2319610358680562,0.9859331278778158,0.0345364628847773,0.9895248071139426,0.9975792109710832,14.305080893363318,0,0,0,0,0,0,0,0,0,0,0,0,0,True,0,0,0,0,0,0,0,0,0,0,0,0,0,0,0,0,0,0,0,0,0,0,0,0.0297387536129472,0,0,0,False,0
11,13,56.47266378247645,136.02911078454557,21.354154924071867,66.61766775016808,0.6543902424363403,-0.0124215314269516,0.0042215415756458,23.18849393569906,41.5527853186064,3.998032362416213,2021.0313163680692,4,155.44998081549494,3.3895103876365944,0.1364683985090776,1.1135377047574369,58.82781174668463,-0.0059637496963545,0.0001031048689568,-6.87693720792571e-05,0.3900948111241742,0.6274602750566881,-0.0043840206042237,1.003218766420865,1.0046829406167743,-0.0075923326917521,13.07567109052632,0,0,0,0,0,0,0,0,0,0,0,0,1,False,0,0,0,0,0,0,0,0,0,0,0,0,0,0,0,0,0,0,0,0,0,0,3,2.995036987688072,0,0,1,False,0
13,32,16.381399203941836,25.014899697909662,3.132093459082608,15.570892584491322,9.502538375585733,0.0128901925737327,0.0139225795387025,0.6522703856348057,8.790948341874692,3.992316110304655,2022.9869905863927,12,38.303796669004015,1.4268048072690855,0.0979840261127691,1.063438983499578,15.406121235147104,0.5928368040836428,0.0001392994051309,-5.021973496400758e-05,0.0147578091223212,0.4094515691427631,-0.0261440297327645,0.9851012655480862,-0.0029361537441067,0.0015419336851919,31.90935279664782,0,0,0,0,0,0,0,0,0,0,0,0,0,False,0,0,0,0,0,0,0,0,0,0,0,0,0,0,0,0,0,1,0,0,0,0,4,3.964933662247881,0,0,0,True,0
4,11,58.0,154.0,34.0,81.0,61.0,0.0,0.0,0.0,20.0,2.0,2021.0,2,188.0,2.320987654320988,0.1808510638297872,1.396551724137931,81.0,0.7530864197530864,0.0,0.0,0.0,0.2469135802469135,1.2246467991473532e-16,-1.0,1.0,0.0,11.0,0,0,0,0,0,0,0,0,0,0,1,0,0,False,0,0,0,0,0,0,0,0,0,0,0,0,0,0,0,0,0,0,0,0,0,0,4,4.0,0,0,0,True,0
5,20,26.0,131.0,22.0,28.0,0.0,0.0,0.0,21.0,7.0,2.0,2022.0,6,153.0,5.464285714285714,0.1437908496732026,1.0769230769230769,28.0,0.0,0.0,0.0,0.75,0.25,1.2246467991473532e-16,-1.0,1.0,0.0,20.0,0,0,0,0,0,0,0,0,0,0,0,0,0,False,0,0,0,0,0,1,0,0,0,0,0,0,0,0,0,0,0,0,0,0,0,0,2,2.0,0,1,0,False,0
2,4,112.76521829269753,474.24891224301047,139.46935681092347,152.03811069798505,80.22477605823147,-0.002708254869911,0.0150288979010818,1.413149609896979,76.28661157099641,1.0045451156715497,2023.002563343677,9,617.0238937008703,3.33526887221881,0.2268880187498396,1.4050671935739647,156.8180721953412,0.5051405156231186,3.684175854308847e-05,0.0001111884490856,0.000987987746035,0.4924641984254835,1.002533208822444,-0.0041851952767216,1.00725536842826,1.0017891364502391,4.315890517332343,0,0,0,1,0,0,0,0,0,0,0,0,0,False,0,0,0,0,0,0,0,0,0,0,0,0,0,0,0,0,0,0,0,0,0,0,1,1.0406003039035403,1,0,0,False,0
11,11,63.0,125.0,40.0,87.0,0.0,0.0,0.0,61.0,26.0,4.0,2021.0,4,165.0,1.896551724137931,0.2424242424242424,1.380952380952381,87.0,0.0,0.0,0.0,0.7011494252873564,0.2988505747126437,-2.4492935982947064e-16,1.0,1.0,0.0,11.0,0,0,0,0,0,0,0,0,0,0,1,0,0,False,0,0,0,0,0,0,0,0,0,0,0,0,0,0,0,0,0,0,0,0,0,0,4,4.0,0,0,0,True,0
7,10,33.86542040940022,104.18287353411324,18.12810858074248,35.191748210358675,-0.3020837267233493,0.0242873872179791,0.0025738284882724,18.71640053925513,15.790298206164918,3.019509029595691,2020.9900336906765,3,120.11082082113958,3.5784881745944648,0.1541252965549061,1.0282098289489705,36.274691634319424,-0.008870086929471,-0.0002098536162337,4.473185508207843e-05,0.5480160261667454,0.4524292546575468,-1.006103257438375,-0.0006453121728693,1.0032470872945105,0.0154298671397908,10.331827647304998,0,0,0,0,0,0,0,0,0,1,0,0,0,False,0,0,0,0,0,0,0,0,0,0,0,0,0,0,0,0,0,0,0,0,0,0,3,3.0597264299791243,0,0,1,False,0
10,35,56.0,383.0,60.0,53.0,28.0,0.0,0.0,0.0,25.0,4.0,2020.0,0,443.0,8.358490566037736,0.1354401805869074,0.9464285714285714,53.0,0.5283018867924528,0.0,0.0,0.0,0.4716981132075472,-2.4492935982947064e-16,1.0,1.0,1.0,35.0,0,0,0,0,0,0,0,0,0,0,0,0,0,False,0,0,0,0,0,0,0,0,0,0,0,0,0,0,0,0,0,0,0,0,1,0,1,1.0,1,0,0,False,0
11,12,26.52760478304306,65.4439492552862,4.891807462300347,39.57801157813082,0.7988527660440462,0.0102407380458111,-0.0034521768905407,19.02347463359305,18.76735154936872,3.993195969711512,2020.998732007074,4,66.7645859186602,2.507747084684349,0.0734896188710578,1.404486972976516,34.891156835746905,0.0025730539540072,-4.563705735584971e-05,4.250119419290987e-05,0.4655324119827956,0.5300480798779227,0.0026597689893591,0.9972139529903548,0.0055079217944967,-0.0058724521202301,12.254380277493246,0,0,0,0,0,0,0,0,0,0,0,1,0,False,0,0,0,0,0,0,0,0,0,0,0,0,0,0,0,0,0,0,0,0,0,0,5,4.992410638949554,0,0,0,False,1
11,22,137.0,428.0,68.0,232.0,1.0,0.0,0.0,105.0,126.0,4.0,2021.0,4,496.0,2.1379310344827585,0.1370967741935483,1.6934306569343065,232.0,0.0043103448275862,0.0,0.0,0.4525862068965517,0.5431034482758621,-2.4492935982947064e-16,1.0,1.0,1.0,22.0,0,0,0,0,0,0,0,0,0,0,0,0,0,False,0,0,0,0,0,0,0,1,0,0,0,0,0,0,0,0,0,0,0,0,0,0,0,0.0,0,0,0,False,0
6,3,34.14288086797057,56.02096232537399,11.687110843633034,32.42852486224609,7.060808914403457,-0.0051140325501426,0.0165844288257852,-0.1014347774396466,21.47013588713253,2.0135011145030832,2022.9916191925572,10,76.55452212182702,1.786739785963513,0.1663963112219638,1.0059715072019717,32.2193176801544,0.3234626811826525,0.0002316849507153,0.0003570788883087,0.0313492910749474,0.6493594445867289,0.0077393520064523,-0.996840997723894,0.9954988213179196,0.0053527731794858,3.021409521508875,0,0,1,0,0,0,0,0,0,0,0,0,0,False,0,0,0,0,0,0,0,0,0,0,0,0,0,0,0,0,0,0,0,0,0,0,3,2.999711585210401,0,0,1,False,0
1,10,28.79906393400753,82.40232600191669,22.89521674220736,39.13748443168072,0.0339194007665026,-0.0031497205154408,-0.0039724977481099,19.962860269617885,19.617222021864944,1.0313603017892436,2022.0100014685625,5,105.99780797901768,1.43161886858183,0.2026934870953949,1.2072135084520133,40.08025754930853,-0.0003682531632874,4.3405058768621405e-06,-0.0002071546097211,0.497282474062392,0.494041469543373,1.0200136980075898,-0.0093083763906647,0.99593555207859,0.0215345062722465,10.035110158738584,0,0,0,0,0,0,0,0,0,1,0,0,0,False,0,0,0,0,0,0,0,0,0,0,0,0,0,0,0,0,0,0,0,0,0,0,3,3.0142721532431644,0,0,1,False,0
2,7,27.406927043814303,70.0360368250173,9.341997099849772,23.738056196494814,6.235457191630039,0.0192544492208708,8.432026199932305e-05,-0.295939008535901,18.85450666276309,0.9735045339285756,2022.9858848398137,9,86.1088471919062,4.052807787788482,0.1044389983591886,1.0061741254759975,22.51755547593089,0.2308034407281979,1.647810161895253e-05,-0.0001843125498189,0.0010543817570923,0.7659049512828009,1.0068434475834929,-0.0008022656296215,0.9973691466142802,-0.0040484376722025,7.321090627065254,0,0,0,0,0,0,1,0,0,0,0,0,0,False,0,0,0,0,0,0,0,0,0,0,0,0,0,0,0,0,0,0,0,0,0,0,1,0.9851689521042316,1,0,0,False,0
8,25,240.91255355245104,624.3549736330982,79.13933891707676,35.78747961358621,2.3903777519174496,0.0125414246211049,-0.0425334013968793,128.41775723295382,0.7734973880358724,3.0122445558858506,2021.999724874364,7,705.0576892376702,17.566930755724513,0.1105870042816067,0.1516994626835199,132.8765169372172,0.0011720295252199,0.0002643498981036,-0.0002225030146584,0.9954621506294168,0.0046714345317507,-1.0123246330470088,0.0141474048644047,0.9974475952988944,0.9931930584525488,25.05136913133926,0,0,0,0,0,0,0,0,0,0,0,0,0,False,0,0,0,0,0,0,0,0,0,0,1,0,0,0,0,0,0,0,0,0,0,0,0,0.0259495336585564,0,0,0,False,0
3,10,41.7632588839224,62.498921475785984,19.628220133401665,32.48357782866474,21.517654540700036,0.0061000126821215,0.0355658024184101,-0.0933434418825983,13.46970118962554,1.0204489251251432,2024.0337633620688,13,81.30856710587355,1.3699559623273057,0.2411541405884386,0.8195700067108709,37.428509035914615,0.625662349861005,7.946800986592658e-05,0.0001535017040124,0.0159088734132331,0.366770161451692,1.0048702880765847,0.0276850938176531,0.9879351357609668,0.0200463376069181,10.051060187338418,0,0,0,0,0,0,0,0,0,1,0,0,0,False,0,0,0,0,0,0,0,0,0,0,0,0,0,0,0,0,0,0,0,0,0,0,3,3.00864080446157,0,0,1,False,0
11,12,26.68174525853727,68.78022451030981,4.986074219113125,41.13716825979294,0.3149330296429674,0.0163257298833882,-0.0342736308272845,17.078761430067885,20.422110043359197,4.020750822680724,2020.986304674332,4,61.3163813135579,2.0363352621212765,0.0747819743616627,1.416879475705837,35.5729321848443,-0.0027662116599811,0.0002056105227672,-0.0001174498692274,0.470472977065358,0.5201140914224832,1.3898712451410348e-05,0.9867839509227924,-0.0023449202764082,-0.0019188656156094,12.339658473128422,0,0,0,0,0,0,0,0,0,0,0,1,0,False,0,0,0,0,0,0,0,0,0,0,0,0,0,0,0,0,0,0,0,0,0,0,5,4.960354204593357,0,0,0,False,1
4,21,53.0,130.0,4.0,55.0,41.0,1.0,0.0,0.0,13.0,2.0,2021.0,2,134.0,2.4363636363636365,0.0298507462686567,1.0377358490566038,55.0,0.7454545454545455,0.0181818181818181,0.0,0.0,0.2363636363636363,1.2246467991473532e-16,-1.0,0.0,0.0,21.0,0,0,0,0,0,0,0,0,0,0,0,0,0,False,0,0,0,0,0,0,1,0,0,0,0,0,0,0,0,0,0,0,0,0,0,0,2,2.0,0,1,0,False,0
4,17,62.40194415629349,374.127341989356,46.59218152538213,120.62084344207264,75.25988831573196,-0.0101743788609536,0.0088432799709104,0.1942477967167606,46.01627777496657,2.0327736067446125,2020.969821780646,2,417.8046146371705,3.370883673355879,0.1109232600496259,1.8949921927162376,119.12473709854942,0.6145573898847403,-2.601339767816043e-05,-8.393610137157433e-05,0.0082462611461245,0.3752526340602194,-0.0052084065034493,-0.9870777530145218,0.987815307504066,0.9997991616679982,17.41788853770125,0,0,0,0,0,0,0,0,0,0,0,0,0,False,0,0,1,0,0,0,0,0,0,0,0,0,0,0,0,0,0,0,0,0,0,0,2,2.0196417095604517,0,1,0,False,0
5,18,181.0,717.0,177.0,181.0,0.0,0.0,6.0,99.0,76.0,2.0,2022.0,6,894.0,4.939226519337017,0.197986577181208,1.0,181.0,0.0,0.0,0.0331491712707182,0.5469613259668509,0.4198895027624309,1.2246467991473532e-16,-1.0,1.0,1.0,18.0,0,0,0,0,0,0,0,0,0,0,0,0,0,False,0,0,0,1,0,0,0,0,0,0,0,0,0,0,0,0,0,0,0,0,0,0,2,2.0,0,1,0,False,0
13,15,117.50357930281316,468.9353892212725,28.68777546398836,99.82209521130808,56.307727980796585,0.0155941110244464,-0.0138316484920993,0.5328827535837779,42.83897378638382,4.020837537703232,2022.9990999079052,12,492.4433434215254,4.758032957274941,0.056977219660998,0.8535928266285434,101.1044827967318,0.5724191862662006,0.0001182860399312,0.000169951944755,-0.0003451665575744,0.4320893185931664,-0.0081191092084705,0.9949875776597354,0.9941876908638008,1.0031231512813683,14.702061944162583,0,0,0,0,0,0,0,0,0,0,0,0,0,False,1,0,0,0,0,0,0,0,0,0,0,0,0,0,0,0,0,0,0,0,0,0,1,1.0497656041562011,1,0,0,False,0
4,31,100.7511647859756,288.7421240253261,23.049259712076143,110.90099202226068,30.658012434684924,-0.0027149096005728,-0.0224619074208952,-0.7892752742892863,73.94512114899418,1.9926669938596928,2021.0219158756584,2,314.0950349752493,2.883198881127569,0.0743507125375443,1.0510472006438727,100.46126711401108,0.3008363432325269,0.000166122417333,-6.250854228686411e-06,-0.0027746695627934,0.6978211768122461,0.0009597447571221,-0.9932803998328186,1.0044820084373056,1.0031253475168869,30.853020177099413,0,0,0,0,0,0,0,0,0,0,0,0,0,False,0,0,0,0,0,0,0,0,0,0,0,0,0,0,0,0,1,0,0,0,0,0,0,0.0054124118118445,0,0,0,False,0
13,19,58.36170707903918,264.9550637217578,62.92038231353001,80.16064656280992,53.19867931923464,0.003144493530467,0.0577107396495434,-1.399918360704678,21.420515792414847,4.015111990902406,2023.0001328375545,12,322.4074986826581,4.834607360900107,0.1907845375589971,1.2901170614354718,73.68508646751467,0.6925110255635651,-6.862575161767755e-05,0.0001518492850864,0.0160622957117449,0.301748769526686,-0.0140915158985422,1.005622282740105,0.9958703511067504,1.0065200830217644,19.05555258539075,0,0,0,0,0,0,0,0,0,0,0,0,0,False,0,0,0,0,1,0,0,0,0,0,0,0,0,0,0,0,0,0,0,0,0,0,2,1.9865032412632344,0,1,0,False,0
13,16,29.0,72.0,24.0,33.0,17.0,3.0,1.0,0.0,12.0,4.0,2023.0,12,96.0,2.909090909090909,0.25,1.137931034482759,33.0,0.5151515151515151,0.0909090909090909,0.0303030303030303,0.0,0.3636363636363636,-2.4492935982947064e-16,1.0,1.0,0.0,16.0,0,0,0,0,0,0,0,0,0,0,0,0,0,False,0,1,0,0,0,0,0,0,0,0,0,0,0,0,0,0,0,0,0,0,0,0,3,3.0,0,0,1,False,0
3,3,31.645131065377317,76.73776875154661,13.541856011877574,34.60945352949339,17.164069588385118,-0.004719775103971,-0.0099012971373025,1.3096246168706582,15.898550695732538,1.0249940576675545,2024.0052314351544,13,87.64758610054918,1.723136010139143,0.1511272427808614,1.158622952286852,38.03702596378823,0.4811799333325363,8.765642851084218e-05,1.563008116201724e-05,0.0518640126408225,0.4659656259843364,1.0037298387626998,0.0003121002872007,1.014414691888181,-0.0081815702811388,2.9424754525315,0,0,1,0,0,0,0,0,0,0,0,0,0,False,0,0,0,0,0,0,0,0,0,0,0,0,0,0,0,0,0,0,0,0,0,0,3,2.974650457389694,0,0,1,False,0
9,10,18.34051165602524,37.48038381465501,11.807520327909666,17.635706414708086,13.84963865548456,-0.0079884895151298,0.0127766104355647,-0.9731737869735456,5.7078538712616265,2.972381036528516,2022.9743317047644,11,52.91931344471469,1.8569840574395644,0.2049645051223153,0.9579851085764768,16.548420214996995,0.6673294622027213,-1.8025729325992567e-06,-0.0002245082547656,0.010337790818674,0.3286519209422701,-0.9958416417332938,-0.0086575331142695,1.0047755505718283,-0.0045704325663622,9.54689617029966,0,0,0,0,0,0,0,0,0,1,0,0,0,False,0,0,0,0,0,0,0,0,0,0,0,0,0,0,0,0,0,0,0,0,0,0,3,2.923459492890764,0,0,1,False,0
1,21,57.0,229.0,22.0,59.0,0.0,0.0,0.0,57.0,2.0,1.0,2022.0,5,251.0,4.254237288135593,0.0876494023904382,1.0350877192982455,59.0,0.0,0.0,0.0,0.9661016949152542,0.0338983050847457,1.0,6.123233995736766e-17,1.0,1.0,21.0,0,0,0,0,0,0,0,0,0,0,0,0,0,False,0,0,0,0,0,0,1,0,0,0,0,0,0,0,0,0,0,0,0,0,0,0,2,2.0,0,1,0,False,0
6,22,107.0,360.0,57.0,118.0,64.0,0.0,0.0,0.0,54.0,2.0,2023.0,10,417.0,3.5338983050847457,0.1366906474820144,1.102803738317757,118.0,0.5423728813559322,0.0,0.0,0.0,0.4576271186440678,1.2246467991473532e-16,-1.0,1.0,1.0,22.0,0,0,0,0,0,0,0,0,0,0,0,0,0,False,0,0,0,0,0,0,0,1,0,0,0,0,0,0,0,0,0,0,0,0,0,0,0,0.0,0,0,0,False,0
0,1,86.19688732096104,251.9292418549384,21.515326744922383,111.6131443132616,59.14540060374981,0.0124137947933939,0.0080070796163619,1.5280534605414269,49.63590533591828,1.0083041429476804,2020.9960918855013,1,269.3378678767411,0.3707490989684974,0.0797571570354544,1.312783335758025,110.93714495896792,0.5480923943092638,0.0003010308162646,-0.0003188454197831,0.0057116579768377,0.4553670260815285,1.0126988075588603,0.0111103248772977,1.0011924195309616,1.0038483359655177,0.8071431900344628,1,0,0,0,0,0,0,0,0,0,0,0,0,False,0,0,0,0,0,0,0,0,0,0,0,0,0,0,0,0,0,0,0,0,0,0,1,0.9791778109865245,1,0,0,False,0
6,27,283.0,621.0,97.0,502.0,340.0,0.0,0.0,2.0,160.0,2.0,2023.0,10,718.0,1.4302788844621517,0.1350974930362116,1.773851590106007,502.0,0.6772908366533864,0.0,0.0,0.0039840637450199,0.3187250996015936,1.2246467991473532e-16,-1.0,1.0,1.0,27.0,0,0,0,0,0,0,0,0,0,0,0,0,0,False,0,0,0,0,0,0,0,0,0,0,0,0,1,0,0,0,0,0,0,0,0,0,5,5.0,0,0,0,False,1
0,8,28.914046590802776,47.741775601957045,30.59731021292586,30.908522580838568,17.62459024868623,0.0048385729941086,-0.0018233152601661,0.6145652898154452,12.563362797350504,0.97682681441717,2021.0147234345293,1,79.25435389402209,3.0546581605149656,0.3744230395833948,1.2483571915455216,33.954551292258515,0.5426310105252015,0.0003565657090075,-0.0001023072014812,0.0019041677550162,0.4506631002315957,0.9856060041204114,-0.0035490742300765,1.0036865948565337,0.0035495923232024,8.08200717673247,0,0,0,0,0,0,0,1,0,0,0,0,0,False,0,0,0,0,0,0,0,0,0,0,0,0,0,0,0,0,0,0,0,0,0,0,4,4.024078510111067,0,0,0,True,0
1,34,70.94781421078994,248.92956320890244,31.43986372480293,76.68042134354245,-0.2543360879703372,0.007205984845004,2.978888325891768,20.456126794807552,49.85722687704874,0.989159554793616,2021.9978185033092,5,274.3998757232635,3.7205252718183313,0.1131333774479428,1.0342291655894376,73.45068141273882,0.0118841850409265,-0.0001709252230452,0.0404741410787075,0.2811039284320959,0.6764174735562944,0.9808034339101848,0.003539441981563,0.997640729546642,0.9871101703141304,33.75802557106047,0,0,0,0,0,0,0,0,0,0,0,0,0,False,0,0,0,0,0,0,0,0,0,0,0,0,0,0,0,0,0,0,0,1,0,0,1,0.9509807276866828,1,0,0,False,0
1,32,29.0,58.0,7.0,38.0,0.0,0.0,0.0,20.0,18.0,1.0,2022.0,5,65.0,1.7105263157894737,0.1076923076923077,1.3103448275862069,38.0,0.0,0.0,0.0,0.5263157894736842,0.4736842105263157,1.0,6.123233995736766e-17,1.0,0.0,32.0,0,0,0,0,0,0,0,0,0,0,0,0,0,False,0,0,0,0,0,0,0,0,0,0,0,0,0,0,0,0,0,1,0,0,0,0,4,4.0,0,0,0,True,0
10,4,154.0,685.0,90.0,140.0,74.0,0.0,0.0,0.0,66.0,4.0,2020.0,0,775.0,5.535714285714286,0.1161290322580645,0.9090909090909092,140.0,0.5285714285714286,0.0,0.0,0.0,0.4714285714285714,-2.4492935982947064e-16,1.0,1.0,1.0,4.0,0,0,0,1,0,0,0,0,0,0,0,0,0,False,0,0,0,0,0,0,0,0,0,0,0,0,0,0,0,0,0,0,0,0,0,0,1,1.0,1,0,0,False,0
3,36,16.786325732108907,64.10949094693726,13.807020438187353,14.353662405847674,15.3742762115743,0.0010682383226687,0.0011029754361726,0.0613661550691156,1.8304455003611708,1.020844935748959,2024.005675024092,13,70.58766818708285,4.859335528881192,0.1872603673128164,1.2271364338050557,14.01646388770292,0.8740228717063568,0.0001947131869267,-7.834890097139248e-05,0.0037355470492881,0.1189545137848156,0.998874739114876,-0.0022838130279118,0.9997366863408488,-0.0171490189714089,35.90185739973782,0,0,0,0,0,0,0,0,0,0,0,0,0,False,0,0,0,0,0,0,0,0,0,0,0,0,0,0,0,0,0,0,0,0,0,1,2,1.9801197676051203,0,1,0,False,0
1,4,140.87992376251327,488.47715280414457,72.31110260314074,161.3998642621793,-1.237767121020111,0.0072449267927904,-0.0255258792232316,89.76266970978776,77.91273388873518,0.973412608284739,2021.9943162048412,5,574.888223242804,3.2318619154656143,0.1264395169246705,1.172788675858631,164.98466776591508,0.0052859872282904,7.231999236097863e-05,0.000118437137461,0.5441270149288302,0.4496803727916631,0.9846710162622154,0.0168000604575226,0.999200272310644,0.995625820314557,3.629654531505433,0,0,0,1,0,0,0,0,0,0,0,0,0,False,0,0,0,0,0,0,0,0,0,0,0,0,0,0,0,0,0,0,0,0,0,0,1,0.9594957704140116,1,0,0,False,0
3,2,15.315993134867368,16.909170582532063,5.021229907597295,17.380993176236,4.607967728428905,-0.0213100224593348,-0.0323953306351191,-0.8353596842675551,8.526449584622414,0.9936860886521316,2023.993756888395,13,34.72671011816953,2.1099525364115377,0.1778777472640902,1.2899276212625563,15.66525763565649,0.3945746763700939,0.0002214477266103,-0.0004116439009394,-0.0004637658276424,0.6126860342777698,1.01339678943621,0.007475663212788,-0.0041708927950329,-0.0091602650180272,1.969960585579256,0,1,0,0,0,0,0,0,0,0,0,0,0,False,0,0,0,0,0,0,0,0,0,0,0,0,0,0,0,0,0,0,0,0,0,0,4,4.041834987196415,0,0,0,True,0
0,10,31.702970207004824,120.65699232224851,27.428277237917985,33.75453932854506,13.372001639268632,-0.0043567770412987,0.0201604488062719,0.2656682443632571,19.332348723656267,0.9835424687244576,2020.9673841420465,1,155.11421947927676,4.002363842332774,0.1819828420254231,1.044703329742791,32.674727963978334,0.4126583422635378,-0.0002551425792158,-4.5320945376375526e-06,0.0098111413252212,0.5935875318692857,1.021050981215922,0.003421989254008,1.0002414806279036,-0.0043927533903217,9.839547386899918,0,0,0,0,0,0,0,0,0,1,0,0,0,False,0,0,0,0,0,0,0,0,0,0,0,0,0,0,0,0,0,0,0,0,0,0,3,2.9754527319428816,0,0,1,False,0
7,23,78.76296553889178,255.52701681229289,21.147709103357418,109.30623456567048,1.0967073288086011,-0.0075042479343197,0.0076238540905831,66.7752316427715,42.79919112891252,3.010564584275163,2020.9891334540248,3,268.7132277660283,1.1491900525619203,0.0769328518349882,1.4022410251375832,108.56363432412752,-0.0005027684570877,-0.0001056240635959,0.0003395607976318,0.6018965713806038,0.4001134559388277,-1.00142065444697,-0.0019072653158635,0.9952152979292676,0.9958813749142524,23.0446272972966,0,0,0,0,0,0,0,0,0,0,0,0,0,False,0,0,0,0,0,0,0,0,1,0,0,0,0,0,0,0,0,0,0,0,0,0,0,0.0203749984417103,0,0,0,False,0
0,21,43.82181843874277,132.39735396350224,19.874114752240324,46.48134039983981,38.45834068457733,0.004528164021739,-0.033120041278424,-1.1505668612589244,8.45234494352717,1.0045611267247,2021.0105312039284,1,157.1516578210254,4.513583211029491,0.1302214217990248,1.064284133232994,47.491089163273045,0.8032897268673865,-0.0001005704737285,-6.85498698882684e-06,-0.0082608017676916,0.1908938148996302,1.0033845015510634,0.0116361981506528,1.0015526883503796,-0.003922508485616,21.12808296158718,0,0,0,0,0,0,0,0,0,0,0,0,0,False,0,0,0,0,0,0,1,0,0,0,0,0,0,0,0,0,0,0,0,0,0,0,2,2.014374103503442,0,1,0,False,0
5,4,89.05605259971227,347.44793492437515,79.52561341136291,108.6379646526094,0.317580534430032,-0.0048182671899064,0.0355909017720223,63.32058593258305,45.93714880235476,2.012824166548945,2021.963124771386,6,434.62837653292826,4.363095583344273,0.1828837036421041,1.179557745732552,106.35708193664507,-0.0046765761230868,0.000114124194312,-6.938619479518214e-05,0.5713139055446662,0.423360692010463,-0.0109846942918665,-0.991772098786178,0.9972446307828934,1.0304505971661948,3.7185116561231473,0,0,0,1,0,0,0,0,0,0,0,0,0,False,0,0,0,0,0,0,0,0,0,0,0,0,0,0,0,0,0,0,0,0,0,0,1,0.9637260208361468,1,0,0,False,0
1,12,17.88414119434995,35.75596661130273,4.036763113926553,28.8021604638496,1.1443774994383311,-0.0255111992005719,-0.0226981558366479,19.11409142701024,8.801844725896961,1.0019627440141,2021.979769504969,5,41.34841935986872,1.9625416391071064,0.0795637396973681,1.4187494887541006,29.16904611104041,0.0042425125770783,-7.727132551860222e-06,0.0004114945077521,0.7092674208070163,0.2970415733747496,0.9880011965954782,0.0164692916944039,0.0033337383789341,0.0069400910993607,11.925625147180424,0,0,0,0,0,0,0,0,0,0,0,1,0,False,0,0,0,0,0,0,0,0,0,0,0,0,0,0,0,0,0,0,0,0,0,0,5,5.05553966129811,0,0,0,False,1
4,24,145.0,266.0,47.0,146.0,75.0,0.0,0.0,3.0,68.0,2.0,2021.0,2,313.0,2.143835616438356,0.1501597444089457,1.006896551724138,146.0,0.5136986301369864,0.0,0.0,0.0205479452054794,0.4657534246575342,1.2246467991473532e-16,-1.0,1.0,1.0,24.0,0,0,0,0,0,0,0,0,0,0,0,0,0,False,0,0,0,0,0,0,0,0,0,1,0,0,0,0,0,0,0,0,0,0,0,0,5,5.0,0,0,0,False,1
7,31,75.91191929027309,244.9930799242824,25.95573277214048,79.87981987706358,-0.3977567523171361,-0.006344897042363,-0.0045574101822432,22.16818965843837,53.59963914511089,2.9737858798739283,2021.0040057370504,3,279.7778678043933,4.107811014462252,0.0924560892006905,0.9834346129822932,75.04884647013533,-0.0046145031007673,-1.3700094158563658e-05,-1.3692726327848818e-05,0.2908629853492632,0.6976606127254377,-1.005388594488708,-0.0140155417266618,1.011291619676177,1.006521826324016,31.25472939240493,0,0,0,0,0,0,0,0,0,0,0,0,0,False,0,0,0,0,0,0,0,0,0,0,0,0,0,0,0,0,1,0,0,0,0,0,0,-0.0281873381100397,0,0,0,False,0
3,28,84.14662667426627,248.712044587214,34.94011818900267,146.74998271352612,81.56192004078042,0.0128140254829534,0.0185758230157743,1.412445231080285,65.27579134286312,0.979565511196763,2024.028261656371,13,282.8220983041887,1.6265180175834444,0.1262162791339979,1.7451569801738054,142.13097547681966,0.5447205805347286,0.0002977361363867,-0.0003152841045229,0.0041310318967786,0.4429021612795287,1.0152972389399544,0.0163787111943604,0.9966637758004796,1.011026477719937,28.228804665841555,0,0,0,0,0,0,0,0,0,0,0,0,0,False,0,0,0,0,0,0,0,0,0,0,0,0,0,1,0,0,0,0,0,0,0,0,5,5.056978274718326,0,0,0,False,1
6,19,85.50772721173715,265.5104487106988,46.68395033307759,115.7544410526472,54.43404274754904,0.0061500590860342,0.0463012990420036,0.9544949338117696,60.78007210457348,1.9519752011913825,2023.007850138508,10,318.72466723481296,1.001318307997451,0.1453215083226433,1.3130686223649872,115.69542234889629,0.4660756094269486,-1.991703580762545e-06,-0.0001127258344607,0.0023712603989888,0.5224075914688456,0.0110800937567335,-0.9784200774399824,1.0030072986234857,1.002912065563606,19.172509637189872,0,0,0,0,0,0,0,0,0,0,0,0,0,False,0,0,0,0,1,0,0,0,0,0,0,0,0,0,0,0,0,0,0,0,0,0,2,2.005363380452788,0,1,0,False,0
6,36,19.0,146.0,32.0,23.0,14.0,0.0,0.0,0.0,9.0,2.0,2023.0,10,178.0,7.739130434782608,0.1797752808988764,1.2105263157894737,23.0,0.6086956521739131,0.0,0.0,0.0,0.391304347826087,1.2246467991473532e-16,-1.0,1.0,0.0,36.0,0,0,0,0,0,0,0,0,0,0,0,0,0,False,0,0,0,0,0,0,0,0,0,0,0,0,0,0,0,0,0,0,0,0,0,1,2,2.0,0,1,0,False,0
3,21,33.0,250.0,41.0,34.0,29.0,0.0,0.0,0.0,5.0,1.0,2024.0,13,291.0,8.558823529411764,0.140893470790378,1.0303030303030305,34.0,0.8529411764705882,0.0,0.0,0.0,0.1470588235294117,1.0,6.123233995736766e-17,1.0,1.0,21.0,0,0,0,0,0,0,0,0,0,0,0,0,0,False,0,0,0,0,0,0,1,0,0,0,0,0,0,0,0,0,0,0,0,0,0,0,2,2.0,0,1,0,False,0
0,10,31.0,121.0,27.0,32.0,13.0,0.0,0.0,0.0,19.0,1.0,2021.0,1,148.0,4.625,0.1824324324324324,1.032258064516129,32.0,0.40625,0.0,0.0,0.0,0.59375,1.0,6.123233995736766e-17,1.0,0.0,10.0,0,0,0,0,0,0,0,0,0,1,0,0,0,False,0,0,0,0,0,0,0,0,0,0,0,0,0,0,0,0,0,0,0,0,0,0,3,3.0,0,0,1,False,0
10,32,25.0,77.0,6.0,29.0,19.0,0.0,0.0,0.0,10.0,4.0,2020.0,0,83.0,2.862068965517241,0.072289156626506,1.16,29.0,0.6551724137931034,0.0,0.0,0.0,0.3448275862068966,-2.4492935982947064e-16,1.0,1.0,0.0,32.0,0,0,0,0,0,0,0,0,0,0,0,0,0,False,0,0,0,0,0,0,0,0,0,0,0,0,0,0,0,0,0,1,0,0,0,0,4,4.0,0,0,0,True,0
5,30,169.51997142402723,377.5487749737414,63.48201546357773,194.78328057262232,-1.2448351639239803,0.0105899181929988,3.9703608726930506,107.3617784187387,84.45513572458496,2.0371690085160434,2022.004958048084,6,444.3004350498621,0.4330803621700672,0.1449129164649338,1.14245226112583,192.59574362780123,-0.0014527919420206,-0.0001439058285597,0.0206629736090796,0.5600145028798094,0.4365978917917975,0.02555417724248,-0.9893567175957756,0.9891383749576094,1.001536186464738,30.158943497032496,0,0,0,0,0,0,0,0,0,0,0,0,0,False,0,0,0,0,0,0,0,0,0,0,0,0,0,0,0,1,0,0,0,0,0,0,5,5.013423247594896,0,0,0,False,1
8,12,20.34537602611745,40.4004460286719,15.915467386411729,2.3569171277000813,1.1464408593359088,-0.0019656295903962,0.027698176597142,39.24920515044785,-2.705427418045508,3.0363377971460888,2022.0078690906869,7,59.798149093260434,61.39464628549608,0.2594476334689366,-0.004251051637169,41.20066766662064,0.0287869505581046,-5.1069562193047536e-05,-0.0003000130345512,0.9647953003753184,0.0015236529224132,-0.9976795930794486,0.0014490265802396,1.0009818657566103,0.0087876725689201,11.7727897280148,0,0,0,0,0,0,0,0,0,0,0,1,0,False,0,0,0,0,0,0,0,0,0,0,0,0,0,0,0,0,0,0,0,0,0,0,5,4.999602679039032,0,0,0,False,1
1,15,73.0,274.0,16.0,97.0,0.0,0.0,0.0,53.0,44.0,1.0,2022.0,5,290.0,2.989690721649485,0.0551724137931034,1.3287671232876712,97.0,0.0,0.0,0.0,0.5463917525773195,0.4536082474226804,1.0,6.123233995736766e-17,1.0,1.0,15.0,0,0,0,0,0,0,0,0,0,0,0,0,0,False,1,0,0,0,0,0,0,0,0,0,0,0,0,0,0,0,0,0,0,0,0,0,1,1.0,1,0,0,False,0
7,23,78.0,255.0,21.0,108.0,0.0,0.0,0.0,65.0,43.0,3.0,2021.0,3,276.0,2.555555555555556,0.0760869565217391,1.3846153846153846,108.0,0.0,0.0,0.0,0.6018518518518519,0.3981481481481481,-1.0,-1.8369701987210292e-16,1.0,1.0,23.0,0,0,0,0,0,0,0,0,0,0,0,0,0,False,0,0,0,0,0,0,0,0,1,0,0,0,0,0,0,0,0,0,0,0,0,0,0,0.0,0,0,0,False,0
10,27,279.0,548.0,83.0,377.0,254.0,0.0,0.0,0.0,123.0,4.0,2020.0,0,631.0,1.673740053050398,0.1315372424722662,1.3512544802867383,377.0,0.6737400530503979,0.0,0.0,0.0,0.3262599469496021,-2.4492935982947064e-16,1.0,1.0,1.0,27.0,0,0,0,0,0,0,0,0,0,0,0,0,0,False,0,0,0,0,0,0,0,0,0,0,0,0,1,0,0,0,0,0,0,0,0,0,5,5.0,0,0,0,False,1
8,25,242.75281670913483,627.2820290230862,77.36236703864849,42.03272541280172,0.816688221957979,0.0042935199740002,0.0066950202252872,129.0498049761461,-0.7790062167864248,2.976836906426012,2022.0168557197264,7,706.6651663256225,19.808431354501447,0.1112819828829195,0.1605456481712165,126.98734319469918,0.0026601801735134,4.981809979911676e-05,0.0003450761016541,0.995645481433936,0.0013295219248664,-0.9857918905058024,0.0293482855169351,0.9983595438059224,1.0012041666705442,25.282779450498992,0,0,0,0,0,0,0,0,0,0,0,0,0,False,0,0,0,0,0,0,0,0,0,0,1,0,0,0,0,0,0,0,0,0,0,0,0,0.0246853993648513,0,0,0,False,0
5,8,29.0,60.0,18.0,36.0,0.0,0.0,0.0,20.0,16.0,2.0,2022.0,6,78.0,2.1666666666666665,0.2307692307692307,1.2413793103448276,36.0,0.0,0.0,0.0,0.5555555555555556,0.4444444444444444,1.2246467991473532e-16,-1.0,1.0,0.0,8.0,0,0,0,0,0,0,0,1,0,0,0,0,0,False,0,0,0,0,0,0,0,0,0,0,0,0,0,0,0,0,0,0,0,0,0,0,4,4.0,0,0,0,True,0
3,8,32.0,112.0,15.0,38.0,25.0,0.0,0.0,0.0,13.0,1.0,2024.0,13,127.0,3.3421052631578947,0.1181102362204724,1.1875,38.0,0.6578947368421053,0.0,0.0,0.0,0.3421052631578947,1.0,6.123233995736766e-17,1.0,0.0,8.0,0,0,0,0,0,0,0,1,0,0,0,0,0,False,0,0,0,0,0,0,0,0,0,0,0,0,0,0,0,0,0,0,0,0,0,0,4,4.0,0,0,0,True,0
2,15,61.71978317233648,236.28086697715315,24.818528894943157,89.78048392455041,47.406271843518006,-0.0078709208119308,-0.0071731346440247,1.4438342015198025,39.0983874458087,0.94832319245523,2022.999000508456,9,270.7566714764449,4.260759151994397,0.0970733356806763,1.4186454162621691,91.95888611396654,0.541795800799483,2.92570837778986e-05,0.0001732280984649,0.0001064748991191,0.4623537465457293,0.9867923378827016,-0.0122050845728532,1.0000654331532286,0.9900245103902914,14.936256977118742,0,0,0,0,0,0,0,0,0,0,0,0,0,False,1,0,0,0,0,0,0,0,0,0,0,0,0,0,0,0,0,0,0,0,0,0,1,1.0023878863894529,1,0,0,False,0
6,8,27.0,85.0,22.0,32.0,25.0,0.0,0.0,0.0,7.0,2.0,2023.0,10,107.0,3.34375,0.205607476635514,1.1851851851851851,32.0,0.78125,0.0,0.0,0.0,0.21875,1.2246467991473532e-16,-1.0,1.0,0.0,8.0,0,0,0,0,0,0,0,1,0,0,0,0,0,False,0,0,0,0,0,0,0,0,0,0,0,0,0,0,0,0,0,0,0,0,0,0,4,4.0,0,0,0,True,0
8,29,95.0,327.0,30.0,1.0,0.0,0.0,0.0,78.0,0.0,3.0,2022.0,7,357.0,357.0,0.0840336134453781,0.0105263157894736,78.0,0.0,0.0,0.0,1.0,0.0,-1.0,-1.8369701987210292e-16,1.0,1.0,29.0,0,0,0,0,0,0,0,0,0,0,0,0,0,False,0,0,0,0,0,0,0,0,0,0,0,0,0,0,1,0,0,0,0,0,0,0,5,5.0,0,0,0,False,1
9,11,33.0,79.0,16.0,61.0,40.0,0.0,0.0,0.0,21.0,3.0,2023.0,11,95.0,1.5573770491803278,0.1684210526315789,1.8484848484848484,61.0,0.6557377049180327,0.0,0.0,0.0,0.3442622950819672,-1.0,-1.8369701987210292e-16,1.0,0.0,11.0,0,0,0,0,0,0,0,0,0,0,1,0,0,False,0,0,0,0,0,0,0,0,0,0,0,0,0,0,0,0,0,0,0,0,0,0,4,4.0,0,0,0,True,0
9,8,17.144330765528935,24.47427500837093,10.275446613786276,23.33506020485423,9.807351985922292,0.004007782867253,-0.0328161422771334,-2.4886545272822245,10.333694653220242,2.9955186963844542,2023.026286574506,11,40.904640351031766,0.9241521794680454,0.3263141786195605,1.1623342140519346,20.60240947773107,0.4787935142542995,7.277804165480794e-05,0.0001438944774996,0.0003250757643636,0.5271830004740627,-0.9778664311494396,-0.0067669894929061,0.9944268723692166,0.0059106779114211,7.816336821179348,0,0,0,0,0,0,0,1,0,0,0,0,0,False,0,0,0,0,0,0,0,0,0,0,0,0,0,0,0,0,0,0,0,0,0,0,4,4.007983391545161,0,0,0,True,0
6,21,37.0,89.0,24.0,32.0,26.0,0.0,0.0,0.0,6.0,2.0,2023.0,10,113.0,3.53125,0.2123893805309734,0.8648648648648649,32.0,0.8125,0.0,0.0,0.0,0.1875,1.2246467991473532e-16,-1.0,1.0,0.0,21.0,0,0,0,0,0,0,0,0,0,0,0,0,0,False,0,0,0,0,0,0,1,0,0,0,0,0,0,0,0,0,0,0,0,0,0,0,2,2.0,0,1,0,False,0
11,8,50.646074133876176,133.1525416144165,20.127572705771573,68.51727611795087,0.508353542727422,-0.0031497212185215,-0.053019495308288,47.39086487956325,20.568378767195156,4.013271526610135,2020.965981753497,4,146.2332312911843,1.9136604558968968,0.1306554130957933,1.2888396454446438,73.16466276184106,-0.0008285865769104,-0.0001736828132861,-0.0001719246951768,0.6874586358411091,0.3197288917382176,0.0062791756234407,0.979851760146964,0.9941713677705828,0.0050540691426157,7.890842906362707,0,0,0,0,0,0,0,1,0,0,0,0,0,False,0,0,0,0,0,0,0,0,0,0,0,0,0,0,0,0,0,0,0,0,0,0,4,4.000959908933706,0,0,0,True,0
3,17,95.0,308.0,41.0,155.0,104.0,0.0,0.0,1.0,50.0,1.0,2024.0,13,349.0,2.2516129032258063,0.1174785100286533,1.631578947368421,155.0,0.6709677419354839,0.0,0.0,0.0064516129032258,0.3225806451612903,1.0,6.123233995736766e-17,1.0,1.0,17.0,0,0,0,0,0,0,0,0,0,0,0,0,0,False,0,0,1,0,0,0,0,0,0,0,0,0,0,0,0,0,0,0,0,0,0,0,2,2.0,0,1,0,False,0
7,27,299.0,618.0,98.0,312.0,2.0,0.0,0.0,253.0,57.0,3.0,2021.0,3,716.0,2.2948717948717947,0.1368715083798882,1.0434782608695652,312.0,0.0064102564102564,0.0,0.0,0.8108974358974359,0.1826923076923076,-1.0,-1.8369701987210292e-16,1.0,1.0,27.0,0,0,0,0,0,0,0,0,0,0,0,0,0,False,0,0,0,0,0,0,0,0,0,0,0,0,1,0,0,0,0,0,0,0,0,0,5,5.0,0,0,0,False,1
0,25,176.0,452.0,77.0,218.0,75.0,1.0,0.0,1.0,141.0,1.0,2021.0,1,529.0,2.426605504587156,0.1455576559546313,1.2386363636363635,218.0,0.3440366972477064,0.0045871559633027,0.0,0.0045871559633027,0.6467889908256881,1.0,6.123233995736766e-17,1.0,1.0,25.0,0,0,0,0,0,0,0,0,0,0,0,0,0,False,0,0,0,0,0,0,0,0,0,0,1,0,0,0,0,0,0,0,0,0,0,0,0,0.0,0,0,0,False,0
13,27,202.0,521.0,102.0,380.0,265.0,0.0,0.0,0.0,115.0,4.0,2023.0,12,623.0,1.6394736842105264,0.1637239165329053,1.881188118811881,380.0,0.6973684210526315,0.0,0.0,0.0,0.3026315789473684,-2.4492935982947064e-16,1.0,1.0,1.0,27.0,0,0,0,0,0,0,0,0,0,0,0,0,0,False,0,0,0,0,0,0,0,0,0,0,0,0,1,0,0,0,0,0,0,0,0,0,5,5.0,0,0,0,False,1
5,36,28.489664623986545,75.57872979712889,12.846721181974402,34.32270493501614,0.5902987955910297,-0.0010895900583232,-0.0475016397214528,19.883486422615007,13.278927513148178,2.029863476171214,2022.0096897310248,6,101.1615046028203,3.18790413830642,0.1405827021310879,1.1765103013030067,32.4774888735107,0.0045254106206689,4.269494034590967e-05,8.137280663063138e-05,0.574859365285847,0.4307323345037552,0.0014427848416086,-1.007979579305704,1.0032461855478978,0.0065590728917843,35.97883013508882,0,0,0,0,0,0,0,0,0,0,0,0,0,False,0,0,0,0,0,0,0,0,0,0,0,0,0,0,0,0,0,0,0,0,0,1,2,2.01032625124353,0,1,0,False,0
7,17,94.0,312.0,65.0,137.0,0.0,2.0,0.0,89.0,46.0,3.0,2021.0,3,377.0,2.7518248175182483,0.1724137931034483,1.4574468085106382,137.0,0.0,0.0145985401459854,0.0,0.6496350364963503,0.3357664233576642,-1.0,-1.8369701987210292e-16,1.0,1.0,17.0,0,0,0,0,0,0,0,0,0,0,0,0,0,False,0,0,1,0,0,0,0,0,0,0,0,0,0,0,0,0,0,0,0,0,0,0,2,2.0,0,1,0,False,0
11,24,159.19681232167338,264.3895346280165,43.54230422408638,154.24109105346284,1.3090654466286558,-0.011178495838858,2.934237547389441,83.03809508093927,66.47561026860718,4.001942850146932,2021.012144794155,4,303.022637336195,3.2800439759228674,0.1412480878175103,0.9854177258309066,158.37906642809727,0.0112917893655714,-4.487139670063367e-05,0.0194714266742838,0.5347019237069629,0.4268108639800025,-0.0123843979889407,1.002322406633191,0.9894934381379992,0.9967442726042935,23.680464195477377,0,0,0,0,0,0,0,0,0,0,0,0,0,False,0,0,0,0,0,0,0,0,0,1,0,0,0,0,0,0,0,0,0,0,0,0,5,5.0581097636911005,0,0,0,False,1
8,11,59.88527441934333,131.42438606882752,28.210349749830627,7.032622466692242,0.6939189333348427,0.0011024104833552,1.06020265770815,43.19194089593271,-0.3890130965814602,2.9487334833954284,2021.984022896224,7,151.04966348067018,33.37113585269499,0.1749285553641248,0.0852014360422064,47.30529498005705,0.0035938897520137,6.60688370062046e-05,0.0219712405213008,0.9758878454379244,0.0018785344793493,-0.9954576890977692,-0.0087863260735935,0.9981976774913373,0.0087432224707165,10.857056462970805,0,0,0,0,0,0,0,0,0,0,1,0,0,False,0,0,0,0,0,0,0,0,0,0,0,0,0,0,0,0,0,0,0,0,0,0,4,3.9915941726959256,0,0,0,True,0
5,14,539.6476897918315,1028.3656323859493,111.92050498536608,844.3914567076908,2.502666680629452,-0.0048556931447223,1.959438355524325,423.2789583722072,414.22706491563406,1.992305521798094,2022.0216604636037,6,1137.4473910711515,0.8883890187226384,0.0963215650028856,1.5677217637922916,845.7259084090873,-0.0041758695853173,5.183821512688793e-05,0.0025180191238194,0.5111722050531248,0.4960422474203603,0.0283993438330862,-0.9977897798906116,1.0007459369377854,1.0057437223792542,14.0677854035114,0,0,0,0,0,0,0,0,0,0,0,0,0,True,0,0,0,0,0,0,0,0,0,0,0,0,0,0,0,0,0,0,0,0,0,0,0,-0.0052009410769802,0,0,0,False,0
12,30,164.24924001687185,421.41348391892114,83.76174069350795,206.96092669031964,114.73895709889598,-0.0042570023954981,0.0229335230433497,0.980404685424482,91.59135067664228,3.978044379640104,2021.9940820242632,8,502.3794252376954,1.7599083378959548,0.1688847590863745,1.263975732563034,209.6985752471812,0.5474639171413164,0.0002138450597508,-0.0001189305312461,0.0035003305461196,0.4398100006656366,-0.0082846182006096,0.9770458545006376,0.9982481046527424,0.9795232784840228,30.006921835018176,0,0,0,0,0,0,0,0,0,0,0,0,0,False,0,0,0,0,0,0,0,0,0,0,0,0,0,0,0,1,0,0,0,0,0,0,5,5.009906369096792,0,0,0,False,1
0,27,299.0,670.0,82.0,407.0,270.0,0.0,0.0,0.0,137.0,1.0,2021.0,1,752.0,1.847665847665848,0.1090425531914893,1.3612040133779264,407.0,0.6633906633906634,0.0,0.0,0.0,0.3366093366093366,1.0,6.123233995736766e-17,1.0,1.0,27.0,0,0,0,0,0,0,0,0,0,0,0,0,0,False,0,0,0,0,0,0,0,0,0,0,0,0,1,0,0,0,0,0,0,0,0,0,5,5.0,0,0,0,False,1
2,8,12.204586150509526,38.54196466560848,7.636038179321455,19.97660407385201,11.240160812409162,0.0014146762530913,0.0172524087351859,0.5596671542857707,4.107351789843455,1.0045480730864167,2022.9889328960132,9,39.68654688184896,3.366716337572408,0.1662352136895006,1.2595270338910702,18.83465455970084,0.8031223368535533,-8.102952851772614e-05,9.161596389187422e-05,0.0049476072793924,0.1988099358776739,0.9646454479509086,-0.015660093493148,1.015779009512754,-0.01601893159116,8.112858139007285,0,0,0,0,0,0,0,1,0,0,0,0,0,False,0,0,0,0,0,0,0,0,0,0,0,0,0,0,0,0,0,0,0,0,0,0,4,4.073983307998452,0,0,0,True,0
10,14,312.0,572.0,90.0,480.0,284.0,1.0,0.0,2.0,193.0,4.0,2020.0,0,662.0,1.3791666666666669,0.1359516616314199,1.5384615384615383,480.0,0.5916666666666667,0.0020833333333333,0.0,0.0041666666666666,0.4020833333333333,-2.4492935982947064e-16,1.0,1.0,1.0,14.0,0,0,0,0,0,0,0,0,0,0,0,0,0,True,0,0,0,0,0,0,0,0,0,0,0,0,0,0,0,0,0,0,0,0,0,0,0,0.0,0,0,0,False,0
11,8,54.0,133.0,20.0,70.0,0.0,0.0,0.0,48.0,22.0,4.0,2021.0,4,153.0,2.185714285714285,0.130718954248366,1.2962962962962965,70.0,0.0,0.0,0.0,0.6857142857142857,0.3142857142857143,-2.4492935982947064e-16,1.0,1.0,0.0,8.0,0,0,0,0,0,0,0,1,0,0,0,0,0,False,0,0,0,0,0,0,0,0,0,0,0,0,0,0,0,0,0,0,0,0,0,0,4,4.0,0,0,0,True,0
0,3,80.0,147.0,9.0,109.0,59.0,0.0,0.0,0.0,50.0,1.0,2021.0,1,156.0,1.4311926605504588,0.0576923076923076,1.3625,109.0,0.5412844036697247,0.0,0.0,0.0,0.4587155963302752,1.0,6.123233995736766e-17,1.0,0.0,3.0,0,0,1,0,0,0,0,0,0,0,0,0,0,False,0,0,0,0,0,0,0,0,0,0,0,0,0,0,0,0,0,0,0,0,0,0,3,3.0,0,0,1,False,0
3,11,61.0,159.0,39.0,73.0,46.0,0.0,0.0,2.0,25.0,1.0,2024.0,13,198.0,2.712328767123288,0.1969696969696969,1.1967213114754098,73.0,0.6301369863013698,0.0,0.0,0.0273972602739726,0.3424657534246575,1.0,6.123233995736766e-17,1.0,0.0,11.0,0,0,0,0,0,0,0,0,0,0,1,0,0,False,0,0,0,0,0,0,0,0,0,0,0,0,0,0,0,0,0,0,0,0,0,0,4,4.0,0,0,0,True,0
6,9,28.0,84.0,17.0,40.0,14.0,1.0,0.0,0.0,25.0,2.0,2023.0,10,101.0,2.525,0.1683168316831683,1.4285714285714286,40.0,0.35,0.025,0.0,0.0,0.625,1.2246467991473532e-16,-1.0,1.0,0.0,9.0,0,0,0,0,0,0,0,0,1,0,0,0,0,False,0,0,0,0,0,0,0,0,0,0,0,0,0,0,0,0,0,0,0,0,0,0,4,4.0,0,0,0,True,0
1,2,16.0,35.0,7.0,16.0,0.0,0.0,0.0,12.0,4.0,1.0,2022.0,5,42.0,2.625,0.1666666666666666,1.0,16.0,0.0,0.0,0.0,0.75,0.25,1.0,6.123233995736766e-17,1.0,0.0,2.0,0,1,0,0,0,0,0,0,0,0,0,0,0,False,0,0,0,0,0,0,0,0,0,0,0,0,0,0,0,0,0,0,0,0,0,0,4,4.0,0,0,0,True,0
1,34,68.86238716628745,253.62542708187584,32.04870008502746,74.95006419286479,-1.9601594553209172,0.0013179662780048,3.039614902870728,19.630025928311536,48.72294790014012,1.0098289872348931,2022.0342435220832,5,281.09585100036014,3.99307899962724,0.1137181719446175,1.047430305128722,73.69610586007799,0.0053291956463786,0.0001405362690933,0.040835932943942,0.2883356895980237,0.6734761654750758,0.992709769625011,0.0203265544508277,0.998976398886946,1.0043803231769797,33.82375395153614,0,0,0,0,0,0,0,0,0,0,0,0,0,False,0,0,0,0,0,0,0,0,0,0,0,0,0,0,0,0,0,0,0,1,0,0,1,1.0062041071530097,1,0,0,False,0
1,31,73.0,270.0,36.0,76.0,1.0,0.0,0.0,26.0,49.0,1.0,2022.0,5,306.0,4.026315789473684,0.1176470588235294,1.0410958904109588,76.0,0.0131578947368421,0.0,0.0,0.3421052631578947,0.6447368421052632,1.0,6.123233995736766e-17,1.0,1.0,31.0,0,0,0,0,0,0,0,0,0,0,0,0,0,False,0,0,0,0,0,0,0,0,0,0,0,0,0,0,0,0,1,0,0,0,0,0,0,0.0,0,0,0,False,0
6,22,104.4251492364716,361.8814054579774,58.60389622150738,118.4783805139268,64.65291790781995,0.0062669639576215,0.0172568301677958,1.8353662343569743,52.47385371879216,1.9982440893248836,2023.0061843506496,10,416.02861245812767,2.126949289746281,0.1364276095692573,1.087988816277439,120.70072219841634,0.5479603682251386,-9.781589747101473e-05,6.754877704125486e-05,0.0092321950772244,0.4525682524385991,0.0072364573168728,-1.003061331772749,1.0022609349166935,1.007957488427392,22.10745281959949,0,0,0,0,0,0,0,0,0,0,0,0,0,False,0,0,0,0,0,0,0,1,0,0,0,0,0,0,0,0,0,0,0,0,0,0,0,0.0265987718435658,0,0,0,False,0
0,15,72.0,232.0,31.0,82.0,33.0,0.0,0.0,0.0,49.0,1.0,2021.0,1,263.0,3.207317073170732,0.11787072243346,1.1388888888888888,82.0,0.4024390243902439,0.0,0.0,0.0,0.5975609756097561,1.0,6.123233995736766e-17,1.0,1.0,15.0,0,0,0,0,0,0,0,0,0,0,0,0,0,False,1,0,0,0,0,0,0,0,0,0,0,0,0,0,0,0,0,0,0,0,0,0,1,1.0,1,0,0,False,0
11,19,39.04092378716932,188.70060974702676,40.56625329566913,51.44878351807609,-0.580864449555351,-0.0016173105659397,-0.067845724830912,29.664105484893003,20.00204665635767,3.9738381726507113,2021.0250422530016,4,233.8620630851788,3.236387546535504,0.1718866140855676,1.2730587409231546,48.11402491436792,-0.0094142292271386,-2.143267121770957e-05,0.0001583617585533,0.5982760972730039,0.4163920602005186,0.0037869504260169,0.9920513186878634,0.9991720101741272,0.9972729936784388,18.74913165685373,0,0,0,0,0,0,0,0,0,0,0,0,0,False,0,0,0,0,1,0,0,0,0,0,0,0,0,0,0,0,0,0,0,0,0,0,2,2.0089847103418137,0,1,0,False,0
2,4,110.0,473.0,139.0,155.0,79.0,0.0,0.0,0.0,76.0,1.0,2023.0,9,612.0,3.9483870967741934,0.2271241830065359,1.4090909090909092,155.0,0.5096774193548387,0.0,0.0,0.0,0.4903225806451612,1.0,6.123233995736766e-17,1.0,1.0,4.0,0,0,0,1,0,0,0,0,0,0,0,0,0,False,0,0,0,0,0,0,0,0,0,0,0,0,0,0,0,0,0,0,0,0,0,0,1,1.0,1,0,0,False,0
2,31,99.91347390873354,415.0282112966836,54.68045562932205,119.71137339268888,42.551044862619065,0.0002203766639165,-0.0069125417658958,-1.4053670240622818,77.49998591596083,0.999501584594922,2022.984848031055,9,473.5861668842737,2.65266621019944,0.118358495194833,1.196134037399346,119.4033106154165,0.3531401332357631,0.0001124321981342,0.0005440104038734,0.0008741902026097,0.6517957474675754,0.992686811301126,-0.0058945909284003,0.99974472882307,0.9915474101235298,31.301940218429724,0,0,0,0,0,0,0,0,0,0,0,0,0,False,0,0,0,0,0,0,0,0,0,0,0,0,0,0,0,0,1,0,0,0,0,0,0,-0.0472285013929734,0,0,0,False,0
0,16,16.091168510888483,74.4349893211769,18.178415000049164,17.677753361576126,6.880365875341324,0.0005305391720298,-0.0202167988810294,1.5680792172222258,9.684792942904012,1.0091209363080085,2020.9852416037568,1,86.3479980797738,6.0432022209437,0.1941823244221151,1.0024464090165477,15.934016936190726,0.3078855537248557,-0.0002332734905014,0.0001219759756112,0.0037898547190222,0.6870350666877559,0.9737976938483726,-0.0186501395886163,0.9953474091599632,0.0240769295046358,15.674689790570437,0,0,0,0,0,0,0,0,0,0,0,0,0,False,0,1,0,0,0,0,0,0,0,0,0,0,0,0,0,0,0,0,0,0,0,0,3,2.9481623561638712,0,0,1,False,0
5,31,64.06998835035625,184.0764931477334,38.428331408966805,73.80296598709685,0.630914218866176,0.0077903303034467,0.9871488172527548,26.13182614934504,47.316845430075,1.9828118248276196,2022.000017131594,6,231.5670249814625,3.968968484055934,0.1746037179581217,1.2071401204311716,75.4724003056142,0.0034310796252791,-0.0002524221873234,0.0132566535290187,0.3503203196520708,0.6423458352133121,0.0129885163694942,-0.9867046702053184,0.9978928963192532,0.9999723402890778,31.228691144828904,0,0,0,0,0,0,0,0,0,0,0,0,0,False,0,0,0,0,0,0,0,0,0,0,0,0,0,0,0,0,1,0,0,0,0,0,0,0.0683050160589601,0,0,0,False,0
8,36,29.0,77.0,12.0,1.0,0.0,0.0,0.0,22.0,0.0,3.0,2022.0,7,89.0,89.0,0.1348314606741573,0.0344827586206896,22.0,0.0,0.0,0.0,1.0,0.0,-1.0,-1.8369701987210292e-16,1.0,0.0,36.0,0,0,0,0,0,0,0,0,0,0,0,0,0,False,0,0,0,0,0,0,0,0,0,0,0,0,0,0,0,0,0,0,0,0,0,1,2,2.0,0,1,0,False,0
9,7,26.250319178118232,92.66254525738768,16.64052022355574,27.19002067111803,6.606234967126569,-0.0114208533184448,0.0040849560460065,0.6945694355742048,16.77409028718775,3.004509009544376,2023.0292398674285,11,110.28914619531989,4.631442336548306,0.1526762321654951,0.9205946708580508,27.45220437139693,0.2987645108081022,5.984241022657035e-05,0.0009057911473763,0.0013588819610957,0.6952358995957493,-0.9944959334299576,0.0336098475964193,0.9954117433692806,0.0051706388853075,7.088457129310512,0,0,0,0,0,0,1,0,0,0,0,0,0,False,0,0,0,0,0,0,0,0,0,0,0,0,0,0,0,0,0,0,0,0,0,0,1,1.0181410014508032,1,0,0,False,0
5,29,78.0,245.0,20.0,116.0,0.0,0.0,0.0,61.0,55.0,2.0,2022.0,6,265.0,2.284482758620689,0.0754716981132075,1.4871794871794872,116.0,0.0,0.0,0.0,0.5258620689655172,0.4741379310344827,1.2246467991473532e-16,-1.0,1.0,1.0,29.0,0,0,0,0,0,0,0,0,0,0,0,0,0,False,0,0,0,0,0,0,0,0,0,0,0,0,0,0,1,0,0,0,0,0,0,0,5,5.0,0,0,0,False,1
7,0,21.73841866916864,64.3597294341288,11.196874257425998,25.703808077679405,0.839264862848647,-0.0082724155613378,0.0526628341199616,4.3758927596883375,18.023790730995845,2.988799004254884,2020.9869870635284,3,78.00050148884334,4.12425931548713,0.1524746927849168,1.204235919003236,24.355363497786332,0.0450137811041164,-0.0001040483747982,-0.0003613047313335,0.1669113167135715,0.7967313160564914,-0.9851236525025966,0.0090063045396954,1.0094615939230291,-0.011545844641206,0.0591492083578709,0,0,0,0,0,0,0,0,0,0,0,0,0,False,0,0,0,0,0,0,0,0,0,0,0,0,0,0,0,0,0,0,0,0,0,0,3,3.010358398146572,0,0,1,False,0
13,17,114.0,460.0,36.0,211.0,160.0,0.0,0.0,3.0,48.0,4.0,2023.0,12,496.0,2.350710900473933,0.0725806451612903,1.850877192982456,211.0,0.7582938388625592,0.0,0.0,0.0142180094786729,0.2274881516587677,-2.4492935982947064e-16,1.0,1.0,1.0,17.0,0,0,0,0,0,0,0,0,0,0,0,0,0,False,0,0,1,0,0,0,0,0,0,0,0,0,0,0,0,0,0,0,0,0,0,0,2,2.0,0,1,0,False,0
13,11,46.0,102.0,16.0,67.0,38.0,0.0,0.0,0.0,29.0,4.0,2023.0,12,118.0,1.7611940298507462,0.135593220338983,1.4565217391304348,67.0,0.5671641791044776,0.0,0.0,0.0,0.4328358208955223,-2.4492935982947064e-16,1.0,1.0,0.0,11.0,0,0,0,0,0,0,0,0,0,0,1,0,0,False,0,0,0,0,0,0,0,0,0,0,0,0,0,0,0,0,0,0,0,0,0,0,4,4.0,0,0,0,True,0
4,5,9.412663495326168,8.568744451928092,4.117840960059311,9.51250706051072,4.5771018161423385,-0.0171773589201481,-0.0528987240348039,-0.4020547803157063,3.837141274694712,1.9868310603888264,2021.0290802210425,2,20.16485777966873,3.015769664554329,0.1385310823313497,0.9932209831202377,10.47347710503311,0.5079183873735855,-7.92357362166534e-05,-0.0003429900678679,-0.006359143387468,0.4967805302885537,-0.0157992955835911,-1.013467738469228,0.0022163897644073,-0.0123542664112718,5.071217865129942,0,0,0,0,1,0,0,0,0,0,0,0,0,False,0,0,0,0,0,0,0,0,0,0,0,0,0,0,0,0,0,0,0,0,0,0,4,3.94234907169006,0,0,0,True,0
9,36,9.853184083944184,32.819588012591915,1.530333289035597,13.71063692514533,8.49785572182074,0.0160623037750757,0.0297626298050432,-1.4794082249576916,4.004709506721551,3.0200888872275446,2022.9937668858452,11,29.823314033690657,1.790653723162339,0.0245062305849354,1.3014873152964022,15.931487668234888,0.6192223622938118,-0.0001606118538692,-0.0001219010082617,0.0105489063344578,0.3822637271944403,-0.9926836300795024,0.0015310065504201,-0.0038314464476253,-0.0197752645574923,36.156100860145926,0,0,0,0,0,0,0,0,0,0,0,0,0,False,0,0,0,0,0,0,0,0,0,0,0,0,0,0,0,0,0,0,0,0,0,1,2,1.9616404590356733,0,1,0,False,0
4,25,243.036061822314,600.0414487884036,53.10849369136018,286.00947650747946,106.90909355398465,1.9943022746146304,-0.0069647426875693,0.242925322813471,177.41616932589938,1.9602206345915016,2021.0315387702276,2,646.0321982255816,2.2895106418841187,0.0819152699133792,1.1900953724552472,283.9920201213523,0.3818155157857987,0.0068306970993963,-0.0001994937869198,0.0008698369177446,0.6124260959527623,-0.007602964734212,-0.9812908329697388,1.0024520811933748,1.0105809456941703,25.0715544037144,0,0,0,0,0,0,0,0,0,0,0,0,0,False,0,0,0,0,0,0,0,0,0,0,1,0,0,0,0,0,0,0,0,0,0,0,0,-0.0051926171272193,0,0,0,False,0
8,10,54.0,85.0,17.0,9.0,0.0,0.0,0.0,34.0,0.0,3.0,2022.0,7,102.0,11.333333333333334,0.1666666666666666,0.1666666666666666,34.0,0.0,0.0,0.0,1.0,0.0,-1.0,-1.8369701987210292e-16,1.0,0.0,10.0,0,0,0,0,0,0,0,0,0,1,0,0,0,False,0,0,0,0,0,0,0,0,0,0,0,0,0,0,0,0,0,0,0,0,0,0,3,3.0,0,0,1,False,0
1,16,26.0,54.0,17.0,27.0,0.0,0.0,0.0,5.0,22.0,1.0,2022.0,5,71.0,2.6296296296296298,0.2394366197183098,1.0384615384615383,27.0,0.0,0.0,0.0,0.1851851851851851,0.8148148148148148,1.0,6.123233995736766e-17,1.0,0.0,16.0,0,0,0,0,0,0,0,0,0,0,0,0,0,False,0,1,0,0,0,0,0,0,0,0,0,0,0,0,0,0,0,0,0,0,0,0,3,3.0,0,0,1,False,0
11,13,56.0,134.0,21.0,63.0,0.0,0.0,0.0,24.0,39.0,4.0,2021.0,4,155.0,2.4603174603174605,0.1354838709677419,1.125,63.0,0.0,0.0,0.0,0.3809523809523809,0.6190476190476191,-2.4492935982947064e-16,1.0,1.0,0.0,13.0,0,0,0,0,0,0,0,0,0,0,0,0,1,False,0,0,0,0,0,0,0,0,0,0,0,0,0,0,0,0,0,0,0,0,0,0,3,3.0,0,0,1,False,0
11,18,178.1816788135399,685.219332319781,119.01190483130785,183.3211038319736,-0.8042269092439975,0.0072590305989411,5.052163058417868,121.0221891226837,62.23834813392092,3.9776554648267735,2021.0347412661624,4,810.3547015608832,5.21598642088496,0.1481701334864543,1.059158899916025,184.9741668465099,-0.0043888599751574,-3.7912359663027976e-05,0.0265262289314376,0.639856057645944,0.3296452777965901,0.0217334445264902,0.9901687253499876,1.0048603754522294,1.0025849693532023,17.44981591108629,0,0,0,0,0,0,0,0,0,0,0,0,0,False,0,0,0,1,0,0,0,0,0,0,0,0,0,0,0,0,0,0,0,0,0,0,2,2.002373760417492,0,1,0,False,0
4,24,146.0856811634989,266.78882630986584,48.73084445973348,145.0733622955328,75.4139428129291,0.0085496031246236,-0.0123705152285421,3.3593236653122003,67.80525594663139,2.051186399968447,2021.016749905576,2,320.71346367990355,3.026335434345067,0.1514830785661521,1.01399720214237,145.57975155295043,0.5211450814076051,-0.0003055201847283,-0.0001498292817069,0.0196885631402531,0.4610199408013161,-0.0059247878888891,-1.0043499207973248,0.9994700251391996,1.01421738633412,23.683724956715345,0,0,0,0,0,0,0,0,0,0,0,0,0,False,0,0,0,0,0,0,0,0,0,1,0,0,0,0,0,0,0,0,0,0,0,0,5,5.019158199880671,0,0,0,False,1
6,31,61.0,194.0,33.0,71.0,25.0,0.0,0.0,1.0,45.0,2.0,2023.0,10,227.0,3.197183098591549,0.145374449339207,1.1639344262295082,71.0,0.352112676056338,0.0,0.0,0.0140845070422535,0.6338028169014085,1.2246467991473532e-16,-1.0,1.0,1.0,31.0,0,0,0,0,0,0,0,0,0,0,0,0,0,False,0,0,0,0,0,0,0,0,0,0,0,0,0,0,0,0,1,0,0,0,0,0,0,0.0,0,0,0,False,0
12,1,35.1834712037763,114.92484766396193,18.058705501770174,31.43481472407897,24.16731424476958,0.0014113803542502,-0.0006365502370813,-0.2285871456073475,11.220332872003466,4.029378699422944,2021.9977640985385,8,136.91592382103073,4.084235927935666,0.129266880585028,1.0051715435100648,32.71271700699021,0.6474241027132726,-5.9371932357762045e-05,8.706228543869471e-05,0.0003310847681391,0.3496081243487787,-0.0078511242862837,1.012791618751269,1.0015339727124892,0.0031782129539476,1.1141154460224398,1,0,0,0,0,0,0,0,0,0,0,0,0,False,0,0,0,0,0,0,0,0,0,0,0,0,0,0,0,0,0,0,0,0,0,0,1,1.0413276676581391,1,0,0,False,0
13,32,16.0,28.0,3.0,17.0,10.0,0.0,0.0,0.0,7.0,4.0,2023.0,12,31.0,1.8235294117647056,0.0967741935483871,1.0625,17.0,0.5882352941176471,0.0,0.0,0.0,0.4117647058823529,-2.4492935982947064e-16,1.0,0.0,0.0,32.0,0,0,0,0,0,0,0,0,0,0,0,0,0,False,0,0,0,0,0,0,0,0,0,0,0,0,0,0,0,0,0,1,0,0,0,0,4,4.0,0,0,0,True,0
2,16,20.06397679457714,58.484727349858005,11.601708516423267,10.73479328077074,8.433792887873288,0.0013465609343289,-0.061239705538103,0.4734406093050893,5.739893023803751,1.0375994200853442,2022.981079833543,9,75.77741643504987,4.624773327383291,0.1586105028804544,0.7707431211614456,11.348883743676431,0.5821212238114859,-0.0001019210249201,0.0004764986361413,-0.0030977004520746,0.4299047628199278,0.986368696435389,0.008241089516973,1.0011400285572625,0.0039280334002341,15.965135375762571,0,0,0,0,0,0,0,0,0,0,0,0,0,False,0,1,0,0,0,0,0,0,0,0,0,0,0,0,0,0,0,0,0,0,0,0,3,3.009850737948826,0,0,1,False,0
8,20,52.84767687806241,224.7694355960865,77.87030045625619,-0.0425916190961332,1.3096582122524685,0.0006470180176098,0.0382499055932387,42.877401655611216,0.5833260905493758,2.98288778980814,2021.9878716615815,7,300.0274539316748,149.25523205923886,0.2596483815357336,0.03812237437809,42.257384350170646,-0.0059052287864951,-2.3232775306555983e-05,-8.439017645908597e-05,0.9959910496471716,-0.0071277501772283,-0.9734569309167004,0.020286620716258,0.995981175654449,1.0084097748906948,19.818658700613017,0,0,0,0,0,0,0,0,0,0,0,0,0,False,0,0,0,0,0,1,0,0,0,0,0,0,0,0,0,0,0,0,0,0,0,0,2,1.9730544410843929,0,1,0,False,0
4,31,99.0,283.0,23.0,104.0,31.0,0.0,0.0,0.0,73.0,2.0,2021.0,2,306.0,2.9423076923076925,0.0751633986928104,1.0505050505050506,104.0,0.2980769230769231,0.0,0.0,0.0,0.7019230769230769,1.2246467991473532e-16,-1.0,1.0,1.0,31.0,0,0,0,0,0,0,0,0,0,0,0,0,0,False,0,0,0,0,0,0,0,0,0,0,0,0,0,0,0,0,1,0,0,0,0,0,0,0.0,0,0,0,False,0
13,10,27.526753801631735,66.65993109044985,11.14545594297835,34.05547697136148,13.712121101923335,0.0005276160899921,0.0190537457760013,0.3439359832715637,12.412389257908814,3.996801935558336,2022.9885085055612,12,89.99397573491835,3.718359193018813,0.1317996240793294,1.1204083300383427,28.616578804627,0.5303561977223678,-3.483966076497515e-05,0.0002004197252673,0.0090447436363476,0.4591067347365821,0.0040040146955988,1.000729211293874,0.9975026800886088,0.0024211414401522,9.579408121353168,0,0,0,0,0,0,0,0,0,1,0,0,0,False,0,0,0,0,0,0,0,0,0,0,0,0,0,0,0,0,0,0,0,0,0,0,3,2.9748317388425103,0,0,1,False,0
6,19,87.0,272.0,46.0,115.0,54.0,0.0,0.0,1.0,60.0,2.0,2023.0,10,318.0,2.765217391304348,0.1446540880503144,1.3218390804597702,115.0,0.4695652173913043,0.0,0.0,0.008695652173913,0.5217391304347826,1.2246467991473532e-16,-1.0,1.0,1.0,19.0,0,0,0,0,0,0,0,0,0,0,0,0,0,False,0,0,0,0,1,0,0,0,0,0,0,0,0,0,0,0,0,0,0,0,0,0,2,2.0,0,1,0,False,0
10,1,77.0,234.0,36.0,94.0,57.0,0.0,0.0,0.0,37.0,4.0,2020.0,0,270.0,2.872340425531915,0.1333333333333333,1.2207792207792207,94.0,0.6063829787234043,0.0,0.0,0.0,0.3936170212765957,-2.4492935982947064e-16,1.0,1.0,1.0,1.0,1,0,0,0,0,0,0,0,0,0,0,0,0,False,0,0,0,0,0,0,0,0,0,0,0,0,0,0,0,0,0,0,0,0,0,0,1,1.0,1,0,0,False,0
5,0,30.28198507183067,108.13934336150729,23.589247497325363,42.68211475810998,1.917476688365046,0.0149711641106348,-0.0516553587831185,20.39141022342526,19.62911084053243,1.9838838456796364,2021.9756911919037,6,122.3425463025742,3.045269165946539,0.1778726265120424,1.4489098360966972,37.15134361179905,0.0022619901413437,-4.993188029917779e-06,0.0001608008549479,0.5051731963340497,0.5032152795578773,0.0116019912946724,-0.994614934758505,0.9980956291250168,0.0110038763016061,0.2897966224833895,0,0,0,0,0,0,0,0,0,0,0,0,0,False,0,0,0,0,0,0,0,0,0,0,0,0,0,0,0,0,0,0,0,0,0,0,3,2.9960287451773144,0,0,1,False,0
10,0,28.43220208094291,151.00374391023095,31.954477725201087,38.59363698183136,18.860711306092824,0.0030541726540272,-0.0192724398716112,-1.0238637855544572,17.463162077734776,4.0020105965629424,2019.9819031085976,0,167.923382228076,5.730518068673487,0.1750196587473945,1.2436835505637218,37.11910346071775,0.5135971476450027,-8.533024585062038e-05,-0.0002745398812721,-0.0057174243926451,0.4864689029358794,0.0066741771013473,0.9970018865894033,1.004815182183608,0.0073868639125156,-0.4236552996650453,0,0,0,0,0,0,0,0,0,0,0,0,0,False,0,0,0,0,0,0,0,0,0,0,0,0,0,0,0,0,0,0,0,0,0,0,3,2.981739594914611,0,0,1,False,0
2,12,22.83515972151106,45.632200502458346,1.0893071326622388,49.19269206181268,38.20615702248906,1.0083891743537676,-0.0244198476568336,0.1870603164456079,8.508858838547146,0.9704906519214388,2022.9941671242752,9,52.21826286837505,2.0499040096194983,0.0410186286849357,2.271558011390762,51.18466078380836,0.7875110181106328,0.0202258753573776,-3.11225912585788e-05,0.0054867215300373,0.1964843836823299,0.9849450668697588,0.0134652133633327,-0.0043673801579478,-0.0067143602325908,12.29343634773767,0,0,0,0,0,0,0,0,0,0,0,1,0,False,0,0,0,0,0,0,0,0,0,0,0,0,0,0,0,0,0,0,0,0,0,0,5,4.98704161707287,0,0,0,False,1
4,6,69.0,170.0,19.0,69.0,63.0,0.0,0.0,0.0,6.0,2.0,2021.0,2,189.0,2.739130434782609,0.1005291005291005,1.0,69.0,0.9130434782608696,0.0,0.0,0.0,0.0869565217391304,1.2246467991473532e-16,-1.0,1.0,0.0,6.0,0,0,0,0,0,1,0,0,0,0,0,0,0,False,0,0,0,0,0,0,0,0,0,0,0,0,0,0,0,0,0,0,0,0,0,0,0,0.0,0,0,0,False,0
1,20,13.0,76.0,37.0,18.0,0.0,0.0,0.0,10.0,8.0,1.0,2022.0,5,113.0,6.277777777777778,0.3274336283185841,1.3846153846153846,18.0,0.0,0.0,0.0,0.5555555555555556,0.4444444444444444,1.0,6.123233995736766e-17,1.0,0.0,20.0,0,0,0,0,0,0,0,0,0,0,0,0,0,False,0,0,0,0,0,1,0,0,0,0,0,0,0,0,0,0,0,0,0,0,0,0,2,2.0,0,1,0,False,0
10,34,59.0,149.0,7.0,92.0,57.0,0.0,0.0,0.0,35.0,4.0,2020.0,0,156.0,1.6956521739130437,0.0448717948717948,1.5593220338983051,92.0,0.6195652173913043,0.0,0.0,0.0,0.3804347826086957,-2.4492935982947064e-16,1.0,1.0,0.0,34.0,0,0,0,0,0,0,0,0,0,0,0,0,0,False,0,0,0,0,0,0,0,0,0,0,0,0,0,0,0,0,0,0,0,1,0,0,1,1.0,1,0,0,False,0
11,32,27.64316250155501,133.53926791322874,23.09011804290328,40.05182053034581,1.0182785416770188,0.0126823441677743,-0.0033409374835118,13.713211241964396,21.00416686210037,4.014956244603616,2021.021344374254,4,165.38174991557577,4.16933804489997,0.1442573180190012,1.3609119893106922,32.043760465955486,-0.0065430986432647,-0.0001364206326043,-8.929672046852057e-05,0.3759746134564899,0.6232368149326228,-0.0083932860459797,1.012799030263126,1.0101714867330789,-0.012620106579159,31.839937631400232,0,0,0,0,0,0,0,0,0,0,0,0,0,False,0,0,0,0,0,0,0,0,0,0,0,0,0,0,0,0,0,1,0,0,0,0,4,3.993054963901651,0,0,0,True,0
3,27,200.0,542.0,98.0,365.0,261.0,0.0,0.0,0.0,104.0,1.0,2024.0,13,640.0,1.7534246575342465,0.153125,1.825,365.0,0.7150684931506849,0.0,0.0,0.0,0.284931506849315,1.0,6.123233995736766e-17,1.0,1.0,27.0,0,0,0,0,0,0,0,0,0,0,0,0,0,False,0,0,0,0,0,0,0,0,0,0,0,0,1,0,0,0,0,0,0,0,0,0,5,5.0,0,0,0,False,1
9,20,18.0,78.0,13.0,33.0,17.0,0.0,1.0,0.0,15.0,3.0,2023.0,11,91.0,2.757575757575758,0.1428571428571428,1.8333333333333333,33.0,0.5151515151515151,0.0,0.0303030303030303,0.0,0.4545454545454545,-1.0,-1.8369701987210292e-16,1.0,0.0,20.0,0,0,0,0,0,0,0,0,0,0,0,0,0,False,0,0,0,0,0,1,0,0,0,0,0,0,0,0,0,0,0,0,0,0,0,0,2,2.0,0,1,0,False,0
13,10,25.0,72.0,11.0,28.0,15.0,0.0,0.0,0.0,13.0,4.0,2023.0,12,83.0,2.9642857142857144,0.1325301204819277,1.12,28.0,0.5357142857142857,0.0,0.0,0.0,0.4642857142857143,-2.4492935982947064e-16,1.0,1.0,0.0,10.0,0,0,0,0,0,0,0,0,0,1,0,0,0,False,0,0,0,0,0,0,0,0,0,0,0,0,0,0,0,0,0,0,0,0,0,0,3,3.0,0,0,1,False,0
2,33,18.0,69.0,40.0,23.0,14.0,0.0,0.0,0.0,9.0,1.0,2023.0,9,109.0,4.739130434782608,0.3669724770642202,1.2777777777777777,23.0,0.6086956521739131,0.0,0.0,0.0,0.391304347826087,1.0,6.123233995736766e-17,1.0,0.0,33.0,0,0,0,0,0,0,0,0,0,0,0,0,0,False,0,0,0,0,0,0,0,0,0,0,0,0,0,0,0,0,0,0,1,0,0,0,2,2.0,0,1,0,False,0
4,17,63.0,370.0,46.0,120.0,74.0,0.0,0.0,1.0,45.0,2.0,2021.0,2,416.0,3.466666666666667,0.110576923076923,1.9047619047619049,120.0,0.6166666666666667,0.0,0.0,0.0083333333333333,0.375,1.2246467991473532e-16,-1.0,1.0,1.0,17.0,0,0,0,0,0,0,0,0,0,0,0,0,0,False,0,0,1,0,0,0,0,0,0,0,0,0,0,0,0,0,0,0,0,0,0,0,2,2.0,0,1,0,False,0
2,6,37.0,84.0,4.0,37.0,19.0,0.0,0.0,0.0,18.0,1.0,2023.0,9,88.0,2.3783783783783785,0.0454545454545454,1.0,37.0,0.5135135135135135,0.0,0.0,0.0,0.4864864864864865,1.0,6.123233995736766e-17,0.0,0.0,6.0,0,0,0,0,0,1,0,0,0,0,0,0,0,False,0,0,0,0,0,0,0,0,0,0,0,0,0,0,0,0,0,0,0,0,0,0,0,0.0,0,0,0,False,0
8,17,145.4323848306798,500.95675442761984,45.86800842719594,1.4410097817064822,1.630774739926972,-0.0071758366384648,0.9608806359032908,200.9469559481184,0.7739520305965967,3.03680108477946,2021.9554126012704,7,549.5138182005088,183.5222007188296,0.0840170072019345,0.0292606323762731,204.95908679550908,0.0069212602563171,0.0001771065387606,0.0046874199736882,0.9932461831449344,0.0032194216240777,-1.0137528340447792,-0.0266747539251977,1.0015796169521511,1.0000956321245416,16.61099938121816,0,0,0,0,0,0,0,0,0,0,0,0,0,False,0,0,1,0,0,0,0,0,0,0,0,0,0,0,0,0,0,0,0,0,0,0,2,1.9848583239800963,0,1,0,False,0
2,33,18.348108710105475,72.22703760941044,39.74818578884526,23.85971532853192,14.786681403929602,0.0044427320891928,-0.0318045692958283,-0.2559064774481174,9.67291846484109,1.0039780756082786,2022.9797295094584,9,111.36667126722595,4.402304159125405,0.3681681235635691,1.28340677116975,23.913190044719148,0.6088756951044528,0.0001158102434228,0.0002763314068329,0.0003427984788267,0.3903433399168212,1.022638964447396,-0.0036443690943725,1.0052779893040529,-0.0083692984127165,32.8526802914395,0,0,0,0,0,0,0,0,0,0,0,0,0,False,0,0,0,0,0,0,0,0,0,0,0,0,0,0,0,0,0,0,1,0,0,0,2,2.0000400828544307,0,1,0,False,0
2,12,22.0,48.0,2.0,50.0,39.0,1.0,0.0,0.0,10.0,1.0,2023.0,9,50.0,1.0,0.04,2.272727272727273,50.0,0.78,0.02,0.0,0.0,0.2,1.0,6.123233995736766e-17,0.0,0.0,12.0,0,0,0,0,0,0,0,0,0,0,0,1,0,False,0,0,0,0,0,0,0,0,0,0,0,0,0,0,0,0,0,0,0,0,0,0,5,5.0,0,0,0,False,1
4,24,142.8162591702714,264.07941610382136,46.77846248086675,145.86745859741205,75.36026133229728,-0.0142090792122344,0.0337092988477811,3.5885566131957054,69.01189310940259,1.9784208291575187,2020.9855611631792,2,321.40358897680954,2.453842758734376,0.1504739230038304,1.0029340340642765,145.7164040212754,0.5175751557652193,-1.75788256109018e-05,9.612828059909633e-05,0.0226421784547918,0.4664049676274088,-0.0374412466957875,-1.0064771025352364,0.9984560615519996,1.0088630113911412,24.23921446841564,0,0,0,0,0,0,0,0,0,0,0,0,0,False,0,0,0,0,0,0,0,0,0,1,0,0,0,0,0,0,0,0,0,0,0,0,5,5.043330420301396,0,0,0,False,1
5,19,91.0,406.0,74.0,107.0,0.0,0.0,0.0,71.0,36.0,2.0,2022.0,6,480.0,4.485981308411215,0.1541666666666666,1.175824175824176,107.0,0.0,0.0,0.0,0.6635514018691588,0.3364485981308411,1.2246467991473532e-16,-1.0,1.0,1.0,19.0,0,0,0,0,0,0,0,0,0,0,0,0,0,False,0,0,0,0,1,0,0,0,0,0,0,0,0,0,0,0,0,0,0,0,0,0,2,2.0,0,1,0,False,0
10,13,44.0,116.0,30.0,48.0,10.0,0.0,0.0,0.0,38.0,4.0,2020.0,0,146.0,3.0416666666666665,0.2054794520547945,1.0909090909090908,48.0,0.2083333333333333,0.0,0.0,0.0,0.7916666666666666,-2.4492935982947064e-16,1.0,1.0,0.0,13.0,0,0,0,0,0,0,0,0,0,0,0,0,1,False,0,0,0,0,0,0,0,0,0,0,0,0,0,0,0,0,0,0,0,0,0,0,3,3.0,0,0,1,False,0
12,19,120.0,411.0,94.0,147.0,66.0,0.0,0.0,0.0,81.0,4.0,2022.0,8,505.0,3.435374149659864,0.1861386138613861,1.225,147.0,0.4489795918367347,0.0,0.0,0.0,0.5510204081632653,-2.4492935982947064e-16,1.0,1.0,1.0,19.0,0,0,0,0,0,0,0,0,0,0,0,0,0,False,0,0,0,0,1,0,0,0,0,0,0,0,0,0,0,0,0,0,0,0,0,0,2,2.0,0,1,0,False,0
3,17,96.5228004907512,307.9606002671952,41.52187884403818,155.73575184449064,102.23943172679952,-0.0035271396651698,0.0042788228164692,0.6360498478875043,48.13454528803202,1.0080347244767829,2024.0330277362689,13,342.65774139633385,3.996483134023317,0.1185577204058275,1.6342788913618778,154.3154977593146,0.6746991999257282,-8.035657018082949e-05,-0.0002216476460358,0.003864736284863,0.3207925496570422,0.9929749278864582,-0.0212630412821478,1.008750426760046,0.9957150942857318,16.980880322203962,0,0,0,0,0,0,0,0,0,0,0,0,0,False,0,0,1,0,0,0,0,0,0,0,0,0,0,0,0,0,0,0,0,0,0,0,2,2.0578873074676705,0,1,0,False,0
6,17,107.0,291.0,53.0,194.0,136.0,0.0,0.0,0.0,58.0,2.0,2023.0,10,344.0,1.7731958762886595,0.1540697674418604,1.8130841121495327,194.0,0.7010309278350515,0.0,0.0,0.0,0.2989690721649484,1.2246467991473532e-16,-1.0,1.0,1.0,17.0,0,0,0,0,0,0,0,0,0,0,0,0,0,False,0,0,1,0,0,0,0,0,0,0,0,0,0,0,0,0,0,0,0,0,0,0,2,2.0,0,1,0,False,0
8,14,464.0,784.0,109.0,23.0,0.0,0.0,2.0,369.0,0.0,3.0,2022.0,7,893.0,38.82608695652174,0.122060470324748,0.0495689655172413,371.0,0.0,0.0,0.0053908355795148,0.9946091644204852,0.0,-1.0,-1.8369701987210292e-16,1.0,1.0,14.0,0,0,0,0,0,0,0,0,0,0,0,0,0,True,0,0,0,0,0,0,0,0,0,0,0,0,0,0,0,0,0,0,0,0,0,0,0,0.0,0,0,0,False,0
11,18,177.0,691.0,120.0,188.0,0.0,0.0,5.0,121.0,62.0,4.0,2021.0,4,811.0,4.3138297872340425,0.1479654747225647,1.0621468926553672,188.0,0.0,0.0,0.026595744680851,0.6436170212765957,0.3297872340425531,-2.4492935982947064e-16,1.0,1.0,1.0,18.0,0,0,0,0,0,0,0,0,0,0,0,0,0,False,0,0,0,1,0,0,0,0,0,0,0,0,0,0,0,0,0,0,0,0,0,0,2,2.0,0,1,0,False,0
1,3,38.87521041335114,106.24973900358276,21.95975777006857,49.04963785113834,-0.5496503236517563,0.0124026244672273,0.9947295052466908,24.66739087314633,19.990212925083664,0.9808264186676672,2021.9600246003656,5,116.72299812924048,2.4323963113622287,0.1746190442876618,1.206695646618298,44.923819739215645,-0.0055580454938681,-5.9788848229942656e-05,0.0213603071831712,0.533720592775829,0.461992562124507,1.0127655604957466,0.0127568378161001,1.01196466128962,0.0077052690035085,2.8936787161325475,0,0,1,0,0,0,0,0,0,0,0,0,0,False,0,0,0,0,0,0,0,0,0,0,0,0,0,0,0,0,0,0,0,0,0,0,3,3.0357972017168957,0,0,1,False,0
7,22,96.30030575730616,288.7612130165712,42.291344149846,137.6131223834818,-0.334096109267564,0.0023355203798934,1.0082935064438028,71.8238983642075,63.97159875756194,2.988104770433755,2021.0010893856468,3,327.349070677208,3.1054634132349,0.1313555860581493,1.448374986996137,139.5081259921021,0.0046172302633143,-5.099452942846236e-05,0.0075441446895751,0.5116859722946677,0.4608368516887681,-1.0046034679771243,-0.0051405471232677,1.0044604877557863,1.012739814731115,21.625229763788678,0,0,0,0,0,0,0,0,0,0,0,0,0,False,0,0,0,0,0,0,0,1,0,0,0,0,0,0,0,0,0,0,0,0,0,0,0,-0.0230699962080322,0,0,0,False,0
8,23,81.50080633600014,261.98032525607846,29.30923839718774,-4.233721616383505,-0.0584821159265793,-0.0095085288449302,0.0001410834977665,96.7254432966648,-0.6114525281215336,2.9933016561253365,2022.014832613595,7,292.14384313425126,296.50331318055675,0.1016458099127777,0.0184728912247927,95.3206521551814,0.0080934669018852,9.469319694360652e-05,0.0002581333685338,0.9860430761075524,-0.0011139893803105,-1.0076939954241129,-0.0011365079469023,1.001937035566503,1.0091933837356042,23.11750379285521,0,0,0,0,0,0,0,0,0,0,0,0,0,False,0,0,0,0,0,0,0,0,1,0,0,0,0,0,0,0,0,0,0,0,0,0,0,-0.0109913901110487,0,0,0,False,0
10,4,155.0781151381739,690.1199645888256,89.14284415995655,137.44421553620015,74.67087149453577,-0.0094902294360706,0.0311078772629755,-0.5096284053095771,67.32028290376364,4.0251150081200056,2019.9919743887488,0,776.7793719489479,5.471655362706329,0.114514152463178,0.9018689517157864,141.2622579285822,0.5298864502607498,0.0001967624161326,0.0002233241523759,-0.0188018768355011,0.472379837108874,0.0168158086916057,0.9909822402869743,1.0004347471028256,0.9906891636872368,4.145993564865855,0,0,0,1,0,0,0,0,0,0,0,0,0,False,0,0,0,0,0,0,0,0,0,0,0,0,0,0,0,0,0,0,0,0,0,0,1,1.0102743478401832,1,0,0,False,0
3,3,31.0,73.0,13.0,36.0,17.0,0.0,0.0,2.0,17.0,1.0,2024.0,13,86.0,2.388888888888889,0.1511627906976744,1.1612903225806452,36.0,0.4722222222222222,0.0,0.0,0.0555555555555555,0.4722222222222222,1.0,6.123233995736766e-17,1.0,0.0,3.0,0,0,1,0,0,0,0,0,0,0,0,0,0,False,0,0,0,0,0,0,0,0,0,0,0,0,0,0,0,0,0,0,0,0,0,0,3,3.0,0,0,1,False,0
13,11,45.27714527694378,105.91613550931642,15.725150351602071,70.81730523493427,38.21301372809859,0.004392561737381,0.0524443655430437,0.3640030455479275,28.12345836060168,4.016619739599808,2022.9873910445583,12,122.00465410106696,1.6960313959405502,0.1357295830087407,1.4458501139427151,72.08182163799026,0.5640830335417453,5.722279539248845e-05,0.0004036993904407,-0.0084186674226988,0.4283810354681541,-0.0024991867329052,0.9971281278285018,1.0045734970007794,-0.0029484940965792,10.82817111582447,0,0,0,0,0,0,0,0,0,0,1,0,0,False,0,0,0,0,0,0,0,0,0,0,0,0,0,0,0,0,0,0,0,0,0,0,4,4.028036870224296,0,0,0,True,0
3,23,74.0,300.0,70.0,109.0,63.0,0.0,0.0,0.0,46.0,1.0,2024.0,13,370.0,3.3944954128440368,0.1891891891891892,1.472972972972973,109.0,0.5779816513761468,0.0,0.0,0.0,0.4220183486238532,1.0,6.123233995736766e-17,1.0,1.0,23.0,0,0,0,0,0,0,0,0,0,0,0,0,0,False,0,0,0,0,0,0,0,0,1,0,0,0,0,0,0,0,0,0,0,0,0,0,0,0.0,0,0,0,False,0
7,15,73.19838714779792,220.2015708789216,13.088669538521906,80.16337350737562,3.2475032234449785,0.0017488645770399,0.0258825680667676,38.35774655546069,43.718158758974525,2.9809359896126133,2021.0109435499608,3,232.0047177662248,2.3888249919360662,0.0562435485909225,1.140879621638472,84.07333205868136,0.0154542750424141,-5.911761578841493e-05,-0.000552999341587,0.4498074383830515,0.5278078865944583,-1.0177296779646807,-0.0045982339931858,0.9966428733034278,0.9961005231245076,15.277829371692668,0,0,0,0,0,0,0,0,0,0,0,0,0,False,1,0,0,0,0,0,0,0,0,0,0,0,0,0,0,0,0,0,0,0,0,0,1,0.9561445705888272,1,0,0,False,0
5,21,39.0,138.0,13.0,39.0,0.0,0.0,0.0,33.0,6.0,2.0,2022.0,6,151.0,3.871794871794872,0.086092715231788,1.0,39.0,0.0,0.0,0.0,0.8461538461538461,0.1538461538461538,1.2246467991473532e-16,-1.0,1.0,0.0,21.0,0,0,0,0,0,0,0,0,0,0,0,0,0,False,0,0,0,0,0,0,1,0,0,0,0,0,0,0,0,0,0,0,0,0,0,0,2,2.0,0,1,0,False,0
9,20,18.655712116074305,83.38523186576361,11.97545883310656,32.38109473959355,14.464813576462042,-0.0157719364009826,1.0146224474643883,0.430269504631202,14.321472689529392,3.020025957338518,2023.0112052247537,11,94.74576579569934,3.124527289760013,0.143660113906095,1.817723861529377,33.970544621828864,0.5114773750741987,0.000167043499919,0.030337488318522,-0.0068747695097028,0.4604635311807145,-1.003948218800106,0.0193950033368453,0.9992419372860624,-0.0168078165521623,20.180598924197344,0,0,0,0,0,0,0,0,0,0,0,0,0,False,0,0,0,0,0,1,0,0,0,0,0,0,0,0,0,0,0,0,0,0,0,0,2,2.0239825325379384,0,1,0,False,0
9,19,44.9030560471842,125.61015421230258,23.574511258478783,53.539958263912176,24.28448494905472,0.0122682218183329,0.0113599406986527,-1.238042544574926,27.873299740846228,2.9824116276814414,2023.0021065437704,11,155.5995179008602,2.524278925467642,0.1538683757044878,1.2258168565608278,53.00692193012159,0.484845728287703,-0.0003149620678014,0.0001439433737231,0.0141920258819235,0.5150373453145298,-0.9941432720808224,0.0102575635533,1.006316357651609,0.0117692087202784,19.293879246284664,0,0,0,0,0,0,0,0,0,0,0,0,0,False,0,0,0,0,1,0,0,0,0,0,0,0,0,0,0,0,0,0,0,0,0,0,2,2.059470050049301,0,1,0,False,0
2,6,37.3288232361897,85.95944482670699,4.290075568647755,39.02291249630351,17.77973428199259,0.0012406258389469,-0.023257191615917,-0.132298255985122,19.1896851556362,0.9884007959994862,2023.002060668632,9,86.66655205196413,2.228417909202899,0.0469712971742238,1.006475705513749,36.103823215386136,0.5140834348119863,4.967733976553847e-05,0.0001213138203263,-0.0067105009579447,0.4788947163068062,1.0051434441527047,-0.03275585033058,0.0015456137267397,-0.0028197095481408,6.150142910800888,0,0,0,0,0,1,0,0,0,0,0,0,0,False,0,0,0,0,0,0,0,0,0,0,0,0,0,0,0,0,0,0,0,0,0,0,0,-0.0882767640060519,0,0,0,False,0
1,15,72.35270225828033,275.5174231731829,16.15891255499534,98.47988893077816,-1.7986329136885748,0.0090934864440608,0.0423123077828889,53.672300780840736,43.11860683752232,1.009398965663994,2022.0301856276744,5,291.66351861202963,2.3181050598084525,0.0535496071386834,1.3249829039234915,94.66966082194617,0.0042694232812669,0.0001962805928435,-0.0002401951952018,0.5379929795063434,0.4509382537396872,0.994975497500752,0.005985970154631,1.0017601680028878,1.01359047128339,14.9637523830294,0,0,0,0,0,0,0,0,0,0,0,0,0,False,1,0,0,0,0,0,0,0,0,0,0,0,0,0,0,0,0,0,0,0,0,0,1,0.9183891661149272,1,0,0,False,0
1,4,140.0,499.0,73.0,165.0,0.0,0.0,0.0,90.0,75.0,1.0,2022.0,5,572.0,3.466666666666667,0.1276223776223776,1.1785714285714286,165.0,0.0,0.0,0.0,0.5454545454545454,0.4545454545454545,1.0,6.123233995736766e-17,1.0,1.0,4.0,0,0,0,1,0,0,0,0,0,0,0,0,0,False,0,0,0,0,0,0,0,0,0,0,0,0,0,0,0,0,0,0,0,0,0,0,1,1.0,1,0,0,False,0
12,26,145.66224232629105,550.9618417821567,95.6293625424355,195.26845919356845,89.94390363002309,2.006904649358402,0.0301460877072708,7.67133520838846,95.09127019669889,4.020086580893206,2021.995664517705,8,642.0549758670619,2.8583346547407373,0.1484754265925093,1.3382303946192782,191.22273385844983,0.4745527348437487,0.0103944306551949,7.193134480959913e-05,0.0370334927828551,0.4875461896591215,0.0153344402012283,0.9898292796623158,1.006929292328153,1.0005458303053674,25.32664186041767,0,0,0,0,0,0,0,0,0,0,0,0,0,False,0,0,0,0,0,0,0,0,0,0,0,1,0,0,0,0,0,0,0,0,0,0,0,-0.0570805148990317,0,0,0,False,0
13,28,101.64505941378552,266.11445016629057,53.3945911276668,137.58683497442868,79.16107271304953,0.0181054172302344,1.0169785437522894,2.6927296863215537,49.19664407454299,4.017211844232527,2023.0011173188004,12,312.9006901603011,1.717765917161627,0.1712524488744917,1.3539858943115346,131.71865267270277,0.6031110739546138,-0.0001277264247636,0.0070473119373869,0.0235950277068694,0.3740185789610861,0.0025109557051573,1.0011755531203896,1.0033526862455762,1.0008720583399258,27.683533235149635,0,0,0,0,0,0,0,0,0,0,0,0,0,False,0,0,0,0,0,0,0,0,0,0,0,0,0,1,0,0,0,0,0,0,0,0,5,4.945711617815141,0,0,0,False,1
13,31,74.0,244.0,28.0,78.0,39.0,0.0,0.0,2.0,37.0,4.0,2023.0,12,272.0,3.4871794871794872,0.1029411764705882,1.054054054054054,78.0,0.5,0.0,0.0,0.0256410256410256,0.4743589743589743,-2.4492935982947064e-16,1.0,1.0,1.0,31.0,0,0,0,0,0,0,0,0,0,0,0,0,0,False,0,0,0,0,0,0,0,0,0,0,0,0,0,0,0,0,1,0,0,0,0,0,0,0.0,0,0,0,False,0
8,34,80.60024536678107,210.94100565760704,7.134869066127162,8.52245535692424,0.6941805017146704,-0.0029703915149321,0.0316340929070163,17.34935390017191,-1.276073339097818,2.9737678375891954,2022.0343463139227,7,220.26798462887467,35.859448636709004,0.0352495434428802,0.0760852613403626,16.79630671180687,0.0047090069532038,-0.0002746105660595,-0.0003774355837164,1.0002499185637233,-0.0075069380477142,-1.0103458516025194,0.0120358289989258,0.9955729240485562,0.9672180377019248,33.66929592472185,0,0,0,0,0,0,0,0,0,0,0,0,0,False,0,0,0,0,0,0,0,0,0,0,0,0,0,0,0,0,0,0,0,1,0,0,1,1.0091223628523098,1,0,0,False,0
3,29,100.0,376.0,96.0,123.0,71.0,0.0,0.0,1.0,51.0,1.0,2024.0,13,472.0,3.83739837398374,0.2033898305084746,1.23,123.0,0.5772357723577236,0.0,0.0,0.008130081300813,0.4146341463414634,1.0,6.123233995736766e-17,1.0,1.0,29.0,0,0,0,0,0,0,0,0,0,0,0,0,0,False,0,0,0,0,0,0,0,0,0,0,0,0,0,0,1,0,0,0,0,0,0,0,5,5.0,0,0,0,False,1
0,21,44.0,139.0,21.0,47.0,38.0,0.0,0.0,0.0,9.0,1.0,2021.0,1,160.0,3.404255319148936,0.13125,1.068181818181818,47.0,0.8085106382978723,0.0,0.0,0.0,0.1914893617021276,1.0,6.123233995736766e-17,1.0,0.0,21.0,0,0,0,0,0,0,0,0,0,0,0,0,0,False,0,0,0,0,0,0,1,0,0,0,0,0,0,0,0,0,0,0,0,0,0,0,2,2.0,0,1,0,False,0
13,30,127.0,372.0,78.0,194.0,122.0,0.0,0.0,3.0,69.0,4.0,2023.0,12,450.0,2.31958762886598,0.1733333333333333,1.5275590551181102,194.0,0.6288659793814433,0.0,0.0,0.0154639175257731,0.3556701030927835,-2.4492935982947064e-16,1.0,1.0,1.0,30.0,0,0,0,0,0,0,0,0,0,0,0,0,0,False,0,0,0,0,0,0,0,0,0,0,0,0,0,0,0,1,0,0,0,0,0,0,5,5.0,0,0,0,False,1
5,19,91.2911041904228,410.9771152149914,74.33239262052774,108.53142181750144,-0.6074670895623687,-0.0038079815604206,-0.0122983895120749,70.84333408624985,37.11320183322518,2.0230809800330536,2021.988576343086,6,478.979235330133,4.189603640517628,0.1538084049499262,1.1790380773846594,105.98546054758224,-0.0061777951563639,-0.0003159693852093,7.798625154828373e-05,0.6571770752006422,0.3375935666591413,0.0049943076007473,-0.9872352040493488,0.9942204091481772,0.995255490411488,18.8292434035571,0,0,0,0,0,0,0,0,0,0,0,0,0,False,0,0,0,0,1,0,0,0,0,0,0,0,0,0,0,0,0,0,0,0,0,0,2,1.9926980651149555,0,1,0,False,0
9,24,104.38158757344657,159.15067397064348,34.14666473881172,110.93899192812296,57.51876577235711,1.0136214306413214,0.0877580495046854,0.1632940216455776,52.86297608953065,3.003140497806152,2022.9791712910733,11,197.4141669137809,2.3807072617070517,0.1714195907775899,1.0400762984505183,107.21906090943112,0.5142413864114959,0.0088188625518381,0.0001548948572133,-0.0013678399189346,0.487036367544827,-0.9865283540271382,0.0164892801529817,1.0006080467176588,0.0078590299539068,24.19786054531141,0,0,0,0,0,0,0,0,0,0,0,0,0,False,0,0,0,0,0,0,0,0,0,1,0,0,0,0,0,0,0,0,0,0,0,0,5,5.028974438856355,0,0,0,False,1
5,7,12.782587204205296,51.8482914776416,7.131671698750836,10.661346868010646,-0.8279981315568078,-0.0008238002056006,0.0053992258788707,4.132653856177546,5.99727190029382,1.953054324454545,2022.0422279085192,6,51.54402413189989,6.096058865076382,0.1108361366999734,0.9300227562656666,10.469695949432918,0.0053369681667238,-9.74542847357071e-05,-6.38371424013592e-05,0.5058473676501948,0.4951261384138986,-0.0165116131371702,-0.9906490659184546,0.997169042744338,0.0044074336104325,6.969248967836268,0,0,0,0,0,0,1,0,0,0,0,0,0,False,0,0,0,0,0,0,0,0,0,0,0,0,0,0,0,0,0,0,0,0,0,0,1,0.9252400802606502,1,0,0,False,0
5,30,171.0,378.0,64.0,195.0,0.0,0.0,4.0,106.0,85.0,2.0,2022.0,6,442.0,2.2666666666666666,0.1447963800904977,1.1403508771929824,195.0,0.0,0.0,0.0205128205128205,0.5435897435897435,0.4358974358974359,1.2246467991473532e-16,-1.0,1.0,1.0,30.0,0,0,0,0,0,0,0,0,0,0,0,0,0,False,0,0,0,0,0,0,0,0,0,0,0,0,0,0,0,1,0,0,0,0,0,0,5,5.0,0,0,0,False,1
10,21,58.0,222.0,56.0,64.0,45.0,0.0,0.0,0.0,19.0,4.0,2020.0,0,278.0,4.34375,0.2014388489208633,1.103448275862069,64.0,0.703125,0.0,0.0,0.0,0.296875,-2.4492935982947064e-16,1.0,1.0,1.0,21.0,0,0,0,0,0,0,0,0,0,0,0,0,0,False,0,0,0,0,0,0,1,0,0,0,0,0,0,0,0,0,0,0,0,0,0,0,2,2.0,0,1,0,False,0
12,17,179.0,624.0,44.0,311.0,128.0,0.0,0.0,1.0,182.0,4.0,2022.0,8,668.0,2.147909967845659,0.0658682634730539,1.7374301675977657,311.0,0.4115755627009646,0.0,0.0,0.0032154340836012,0.5852090032154341,-2.4492935982947064e-16,1.0,1.0,1.0,17.0,0,0,0,0,0,0,0,0,0,0,0,0,0,False,0,0,1,0,0,0,0,0,0,0,0,0,0,0,0,0,0,0,0,0,0,0,2,2.0,0,1,0,False,0
13,15,118.0,464.0,29.0,100.0,57.0,0.0,0.0,0.0,43.0,4.0,2023.0,12,493.0,4.93,0.0588235294117647,0.847457627118644,100.0,0.57,0.0,0.0,0.0,0.43,-2.4492935982947064e-16,1.0,1.0,1.0,15.0,0,0,0,0,0,0,0,0,0,0,0,0,0,False,1,0,0,0,0,0,0,0,0,0,0,0,0,0,0,0,0,0,0,0,0,0,1,1.0,1,0,0,False,0
11,12,27.0,62.0,5.0,38.0,0.0,0.0,0.0,18.0,20.0,4.0,2021.0,4,67.0,1.763157894736842,0.0746268656716417,1.4074074074074074,38.0,0.0,0.0,0.0,0.4736842105263157,0.5263157894736842,-2.4492935982947064e-16,1.0,0.0,0.0,12.0,0,0,0,0,0,0,0,0,0,0,0,1,0,False,0,0,0,0,0,0,0,0,0,0,0,0,0,0,0,0,0,0,0,0,0,0,5,5.0,0,0,0,False,1
8,17,147.0,503.0,46.0,3.0,0.0,0.0,1.0,201.0,0.0,3.0,2022.0,7,549.0,183.0,0.0837887067395264,0.0204081632653061,202.0,0.0,0.0,0.0049504950495049,0.995049504950495,0.0,-1.0,-1.8369701987210292e-16,1.0,1.0,17.0,0,0,0,0,0,0,0,0,0,0,0,0,0,False,0,0,1,0,0,0,0,0,0,0,0,0,0,0,0,0,0,0,0,0,0,0,2,2.0,0,1,0,False,0
9,14,347.65652840293995,600.976122169646,83.34241819362558,510.7364784845404,278.5276785501241,1.9963449894101195,1.001350742461082,1.2493775790823547,228.50223022924143,2.973191644543318,2023.008255762936,11,681.099297377381,1.954936765280084,0.1183765526813682,1.4603559201569916,508.9771419822686,0.5383110474297833,0.0037879163316437,0.001854278583869,0.0176422870509118,0.4453945288446982,-0.9952327589099382,0.000305097560253,0.9978416944652432,0.9958398807307408,13.69598998296902,0,0,0,0,0,0,0,0,0,0,0,0,0,True,0,0,0,0,0,0,0,0,0,0,0,0,0,0,0,0,0,0,0,0,0,0,0,-0.0652133185081812,0,0,0,False,0
1,6,74.0,221.0,27.0,80.0,0.0,0.0,0.0,55.0,25.0,1.0,2022.0,5,248.0,3.1,0.1088709677419354,1.0810810810810811,80.0,0.0,0.0,0.0,0.6875,0.3125,1.0,6.123233995736766e-17,1.0,1.0,6.0,0,0,0,0,0,1,0,0,0,0,0,0,0,False,0,0,0,0,0,0,0,0,0,0,0,0,0,0,0,0,0,0,0,0,0,0,0,0.0,0,0,0,False,0
6,15,60.0,220.0,30.0,70.0,40.0,0.0,0.0,0.0,30.0,2.0,2023.0,10,250.0,3.571428571428572,0.12,1.1666666666666667,70.0,0.5714285714285714,0.0,0.0,0.0,0.4285714285714285,1.2246467991473532e-16,-1.0,1.0,1.0,15.0,0,0,0,0,0,0,0,0,0,0,0,0,0,False,1,0,0,0,0,0,0,0,0,0,0,0,0,0,0,0,0,0,0,0,0,0,1,1.0,1,0,0,False,0
4,17,63.50216288788005,366.2425033742173,46.109070823658,118.17011880917744,74.70980838611911,-0.0009989614043716,0.0100267886012453,1.3900157284829886,44.86123907013492,1.9826794128975584,2020.979225216276,2,410.8039809563046,2.5375941474664376,0.1081270743808313,1.90377865626607,122.56990647510318,0.6061239548382834,-1.218257464221852e-05,-0.0002185549758453,-0.0035925663435439,0.3726764167378649,0.023970126157141,-0.982313321086482,1.0043554475124965,1.0072003593625156,17.080546185699863,0,0,0,0,0,0,0,0,0,0,0,0,0,False,0,0,1,0,0,0,0,0,0,0,0,0,0,0,0,0,0,0,0,0,0,0,2,1.9851532496360784,0,1,0,False,0
9,6,55.0,176.0,13.0,57.0,44.0,0.0,0.0,0.0,13.0,3.0,2023.0,11,189.0,3.3157894736842106,0.0687830687830687,1.0363636363636364,57.0,0.7719298245614035,0.0,0.0,0.0,0.2280701754385964,-1.0,-1.8369701987210292e-16,1.0,0.0,6.0,0,0,0,0,0,1,0,0,0,0,0,0,0,False,0,0,0,0,0,0,0,0,0,0,0,0,0,0,0,0,0,0,0,0,0,0,0,0.0,0,0,0,False,0
3,10,43.0,60.0,19.0,35.0,22.0,0.0,0.0,0.0,13.0,1.0,2024.0,13,79.0,2.257142857142857,0.240506329113924,0.813953488372093,35.0,0.6285714285714286,0.0,0.0,0.0,0.3714285714285714,1.0,6.123233995736766e-17,1.0,0.0,10.0,0,0,0,0,0,0,0,0,0,1,0,0,0,False,0,0,0,0,0,0,0,0,0,0,0,0,0,0,0,0,0,0,0,0,0,0,3,3.0,0,0,1,False,0
2,10,49.0,131.0,14.0,53.0,28.0,1.0,0.0,0.0,24.0,1.0,2023.0,9,145.0,2.7358490566037736,0.096551724137931,1.0816326530612246,53.0,0.5283018867924528,0.0188679245283018,0.0,0.0,0.4528301886792453,1.0,6.123233995736766e-17,1.0,0.0,10.0,0,0,0,0,0,0,0,0,0,1,0,0,0,False,0,0,0,0,0,0,0,0,0,0,0,0,0,0,0,0,0,0,0,0,0,0,3,3.0,0,0,1,False,0
4,24,145.0303147910389,264.207579342024,46.25184766250183,149.4357882336703,74.3818393688494,0.0089389072500185,0.0478663401756443,2.557491768896146,65.99622707344132,2.0015649632358183,2021.0158914679664,2,302.5219355795726,2.0030852821484717,0.149853006456496,0.9974078351824872,140.09187722565602,0.511809630492879,-8.647862130932732e-05,-0.0004165443733753,0.0308299695677272,0.472273567398936,-0.0088169559322905,-1.0051232362760272,1.0017577297230027,1.0067761416300056,24.23028751772748,0,0,0,0,0,0,0,0,0,0,0,0,0,False,0,0,0,0,0,0,0,0,0,1,0,0,0,0,0,0,0,0,0,0,0,0,5,4.933961703138846,0,0,0,False,1
12,12,19.0,40.0,9.0,30.0,11.0,0.0,0.0,0.0,19.0,4.0,2022.0,8,49.0,1.6333333333333333,0.1836734693877551,1.5789473684210529,30.0,0.3666666666666666,0.0,0.0,0.0,0.6333333333333333,-2.4492935982947064e-16,1.0,1.0,0.0,12.0,0,0,0,0,0,0,0,0,0,0,0,1,0,False,0,0,0,0,0,0,0,0,0,0,0,0,0,0,0,0,0,0,0,0,0,0,5,5.0,0,0,0,False,1
3,28,85.8924610917578,245.964901919716,35.582839918273535,146.95554610660776,81.66548361068803,0.0014292893641283,0.0179677031649607,0.8483745818624965,65.88700583112482,0.9915789192691098,2023.9921890464316,13,279.413887970369,2.1418494811607656,0.1254925110810214,1.7354185806187776,147.35585927411557,0.5516547454303524,-0.0001643051824829,-0.0006230026934743,0.0058072064787329,0.4482632326259513,1.0033592071218242,0.0201002576813974,1.0003789694141076,1.0008197399557297,28.23614996513619,0,0,0,0,0,0,0,0,0,0,0,0,0,False,0,0,0,0,0,0,0,0,0,0,0,0,0,1,0,0,0,0,0,0,0,0,5,4.976359544681925,0,0,0,False,1
7,19,32.0,131.0,53.0,33.0,0.0,0.0,0.0,16.0,17.0,3.0,2021.0,3,184.0,5.575757575757576,0.2880434782608695,1.03125,33.0,0.0,0.0,0.0,0.4848484848484848,0.5151515151515151,-1.0,-1.8369701987210292e-16,1.0,0.0,19.0,0,0,0,0,0,0,0,0,0,0,0,0,0,False,0,0,0,0,1,0,0,0,0,0,0,0,0,0,0,0,0,0,0,0,0,0,2,2.0,0,1,0,False,0
6,16,19.94382515039773,27.957815013285643,8.307665834512546,23.76917699934864,15.47137627370425,-0.0135314107954189,-0.0169986602178636,-0.4506280553292441,8.746435627795986,2.0222773149196374,2023.0218776902927,10,40.39529595671381,2.6421053323722345,0.176057046705233,1.2520597663892572,26.14545027046415,0.6288790280366042,-9.888630616525613e-05,-7.171994613978422e-05,0.0060321335823955,0.3631477167323738,0.0028881196537588,-0.9882277560676516,0.9948279086028178,-0.0170741881495609,16.278547560795456,0,0,0,0,0,0,0,0,0,0,0,0,0,False,0,1,0,0,0,0,0,0,0,0,0,0,0,0,0,0,0,0,0,0,0,0,3,2.923618724486137,0,0,1,False,0
3,15,89.9280514665663,345.14997736724456,44.42181842171693,87.94555252700678,48.36968606393629,0.0028997451954825,0.0366326153996981,-1.0470234337704667,43.701749058496176,0.9846360169495416,2023.988463370834,13,390.8268241684419,4.657071759382005,0.1092010388501224,1.0032191887918296,86.02148279802678,0.5223578202224245,-0.000249486051805,-0.0001930559253014,-0.0092096974286416,0.4812252305412242,1.0038214793245592,0.0086736146660521,0.9975542276804318,0.9974992469035956,15.374929501139132,0,0,0,0,0,0,0,0,0,0,0,0,0,False,1,0,0,0,0,0,0,0,0,0,0,0,0,0,0,0,0,0,0,0,0,0,1,1.011782363936293,1,0,0,False,0
4,25,242.0,600.0,53.0,286.0,107.0,2.0,0.0,0.0,177.0,2.0,2021.0,2,653.0,2.283216783216784,0.0811638591117917,1.181818181818182,286.0,0.3741258741258741,0.0069930069930069,0.0,0.0,0.6188811188811189,1.2246467991473532e-16,-1.0,1.0,1.0,25.0,0,0,0,0,0,0,0,0,0,0,0,0,0,False,0,0,0,0,0,0,0,0,0,0,1,0,0,0,0,0,0,0,0,0,0,0,0,0.0,0,0,0,False,0
6,2,17.0,32.0,6.0,19.0,12.0,0.0,0.0,0.0,7.0,2.0,2023.0,10,38.0,2.0,0.1578947368421052,1.1176470588235294,19.0,0.631578947368421,0.0,0.0,0.0,0.3684210526315789,1.2246467991473532e-16,-1.0,1.0,0.0,2.0,0,1,0,0,0,0,0,0,0,0,0,0,0,False,0,0,0,0,0,0,0,0,0,0,0,0,0,0,0,0,0,0,0,0,0,0,4,4.0,0,0,0,True,0
4,13,66.0,157.0,22.0,78.0,8.0,0.0,0.0,0.0,70.0,2.0,2021.0,2,179.0,2.2948717948717947,0.1229050279329608,1.181818181818182,78.0,0.1025641025641025,0.0,0.0,0.0,0.8974358974358975,1.2246467991473532e-16,-1.0,1.0,0.0,13.0,0,0,0,0,0,0,0,0,0,0,0,0,1,False,0,0,0,0,0,0,0,0,0,0,0,0,0,0,0,0,0,0,0,0,0,0,3,3.0,0,0,1,False,0
13,14,296.0,548.0,69.0,382.0,258.0,0.0,0.0,1.0,123.0,4.0,2023.0,12,617.0,1.6151832460732984,0.1118314424635332,1.2905405405405406,382.0,0.675392670157068,0.0,0.0,0.0026178010471204,0.3219895287958115,-2.4492935982947064e-16,1.0,1.0,1.0,14.0,0,0,0,0,0,0,0,0,0,0,0,0,0,True,0,0,0,0,0,0,0,0,0,0,0,0,0,0,0,0,0,0,0,0,0,0,0,0.0,0,0,0,False,0
12,34,68.0,192.0,8.0,83.0,4.0,0.0,0.0,0.0,79.0,4.0,2022.0,8,200.0,2.409638554216868,0.04,1.2205882352941178,83.0,0.0481927710843373,0.0,0.0,0.0,0.9518072289156626,-2.4492935982947064e-16,1.0,1.0,0.0,34.0,0,0,0,0,0,0,0,0,0,0,0,0,0,False,0,0,0,0,0,0,0,0,0,0,0,0,0,0,0,0,0,0,0,1,0,0,1,1.0,1,0,0,False,0
1,29,102.0,376.0,29.0,139.0,0.0,0.0,0.0,75.0,64.0,1.0,2022.0,5,405.0,2.913669064748201,0.0716049382716049,1.3627450980392155,139.0,0.0,0.0,0.0,0.539568345323741,0.460431654676259,1.0,6.123233995736766e-17,1.0,1.0,29.0,0,0,0,0,0,0,0,0,0,0,0,0,0,False,0,0,0,0,0,0,0,0,0,0,0,0,0,0,1,0,0,0,0,0,0,0,5,5.0,0,0,0,False,1
13,22,107.0,355.0,65.0,128.0,67.0,0.0,0.0,0.0,61.0,4.0,2023.0,12,420.0,3.28125,0.1547619047619047,1.1962616822429906,128.0,0.5234375,0.0,0.0,0.0,0.4765625,-2.4492935982947064e-16,1.0,1.0,1.0,22.0,0,0,0,0,0,0,0,0,0,0,0,0,0,False,0,0,0,0,0,0,0,1,0,0,0,0,0,0,0,0,0,0,0,0,0,0,0,0.0,0,0,0,False,0
7,10,34.0,100.0,18.0,35.0,0.0,0.0,0.0,19.0,16.0,3.0,2021.0,3,118.0,3.3714285714285714,0.1525423728813559,1.0294117647058822,35.0,0.0,0.0,0.0,0.5428571428571428,0.4571428571428571,-1.0,-1.8369701987210292e-16,1.0,0.0,10.0,0,0,0,0,0,0,0,0,0,1,0,0,0,False,0,0,0,0,0,0,0,0,0,0,0,0,0,0,0,0,0,0,0,0,0,0,3,3.0,0,0,1,False,0
6,36,20.36454588442022,146.6858419566999,32.202681046055005,20.411603186989456,14.063197226161362,-0.0101168832255687,0.0823698980898291,0.0346172537507862,7.092879837740883,2.0079578116144274,2022.984348997167,10,173.7155293614632,9.02320775793113,0.1817439649466795,1.1948992382031856,21.707204349200374,0.6159613962054445,0.0002848110238672,0.0002017520905221,0.0067644723782891,0.3815343830362028,0.0138430596835384,-0.999183011573532,1.0010467505966738,-0.0005783629089426,36.00849804633043,0,0,0,0,0,0,0,0,0,0,0,0,0,False,0,0,0,0,0,0,0,0,0,0,0,0,0,0,0,0,0,0,0,0,0,1,2,1.9593320903256992,0,1,0,False,0
10,20,77.0,277.0,39.0,107.0,80.0,0.0,0.0,0.0,27.0,4.0,2020.0,0,316.0,2.953271028037383,0.1234177215189873,1.3896103896103895,107.0,0.7476635514018691,0.0,0.0,0.0,0.2523364485981308,-2.4492935982947064e-16,1.0,1.0,1.0,20.0,0,0,0,0,0,0,0,0,0,0,0,0,0,False,0,0,0,0,0,1,0,0,0,0,0,0,0,0,0,0,0,0,0,0,0,0,2,2.0,0,1,0,False,0
11,2,20.37444995556307,45.869577284785336,9.18866077339088,23.918039946568904,-2.0282354194457275,-0.0104465023634189,0.0013284804577353,13.365208510368584,10.161421867866755,4.002712493555377,2020.9538880304824,4,51.13368934977426,2.019656610328198,0.207298606587089,1.0465082724798975,25.65819980547491,0.0061294278291476,-0.0001446652123966,-0.000164486853168,0.5104144324131462,0.4798339868032114,-0.015802293363619,0.9965295548313288,0.999599793870654,-0.0011083174310671,2.0102931765702445,0,1,0,0,0,0,0,0,0,0,0,0,0,False,0,0,0,0,0,0,0,0,0,0,0,0,0,0,0,0,0,0,0,0,0,0,4,4.006131408689294,0,0,0,True,0
0,34,67.0,213.0,12.0,104.0,31.0,0.0,0.0,0.0,73.0,1.0,2021.0,1,225.0,2.1634615384615383,0.0533333333333333,1.5522388059701493,104.0,0.2980769230769231,0.0,0.0,0.0,0.7019230769230769,1.0,6.123233995736766e-17,1.0,1.0,34.0,0,0,0,0,0,0,0,0,0,0,0,0,0,False,0,0,0,0,0,0,0,0,0,0,0,0,0,0,0,0,0,0,0,1,0,0,1,1.0,1,0,0,False,0
4,32,26.0,65.0,6.0,29.0,13.0,0.0,0.0,0.0,16.0,2.0,2021.0,2,71.0,2.4482758620689653,0.0845070422535211,1.1153846153846154,29.0,0.4482758620689655,0.0,0.0,0.0,0.5517241379310345,1.2246467991473532e-16,-1.0,1.0,0.0,32.0,0,0,0,0,0,0,0,0,0,0,0,0,0,False,0,0,0,0,0,0,0,0,0,0,0,0,0,0,0,0,0,1,0,0,0,0,4,4.0,0,0,0,True,0
8,11,60.0,133.0,28.0,5.0,0.0,0.0,1.0,44.0,0.0,3.0,2022.0,7,161.0,32.2,0.1739130434782608,0.0833333333333333,45.0,0.0,0.0,0.0222222222222222,0.9777777777777776,0.0,-1.0,-1.8369701987210292e-16,1.0,0.0,11.0,0,0,0,0,0,0,0,0,0,0,1,0,0,False,0,0,0,0,0,0,0,0,0,0,0,0,0,0,0,0,0,0,0,0,0,0,4,4.0,0,0,0,True,0
2,23,88.72359895079964,330.50695072956563,54.01530349628681,139.97647115759344,89.639405849696,1.008828365359089,0.0573071088185076,0.1460909867098648,49.87030857160857,1.013951839644948,2022.9967310452157,9,381.40315926721433,3.577915789451747,0.1413317911358901,1.534016679483296,136.20426262232257,0.6396856730883904,0.00709059838385,-0.0002544953518457,-0.0007248757358107,0.3612478731724494,1.0147493830964889,-0.0024670163864543,0.99685343291769,0.9984106048940008,23.13422904903082,0,0,0,0,0,0,0,0,0,0,0,0,0,False,0,0,0,0,0,0,0,0,1,0,0,0,0,0,0,0,0,0,0,0,0,0,0,-0.0244014088683848,0,0,0,False,0
9,28,68.0,161.0,44.0,102.0,68.0,0.0,0.0,4.0,30.0,3.0,2023.0,11,205.0,2.0098039215686274,0.2146341463414634,1.5,102.0,0.6666666666666666,0.0,0.0,0.0392156862745098,0.2941176470588235,-1.0,-1.8369701987210292e-16,1.0,0.0,28.0,0,0,0,0,0,0,0,0,0,0,0,0,0,False,0,0,0,0,0,0,0,0,0,0,0,0,0,1,0,0,0,0,0,0,0,0,5,5.0,0,0,0,False,1
4,28,114.0,299.0,47.0,148.0,90.0,2.0,0.0,1.0,55.0,2.0,2021.0,2,346.0,2.3378378378378377,0.1358381502890173,1.2982456140350878,148.0,0.6081081081081081,0.0135135135135135,0.0,0.0067567567567567,0.3716216216216216,1.2246467991473532e-16,-1.0,1.0,1.0,28.0,0,0,0,0,0,0,0,0,0,0,0,0,0,False,0,0,0,0,0,0,0,0,0,0,0,0,0,1,0,0,0,0,0,0,0,0,5,5.0,0,0,0,False,1
